#pragma once
unsigned char sysData[40240] = 	{
	0x58, 0x4F, 0x85, 0x15, 0x16, 0x15, 0x15, 0x15, 0x11, 0x15, 0x15, 0x15, 0xEA, 0xEA, 0x15, 0x15, 0xAD, 0x15, 0x15, 0x15, 0x15, 0x15, 0x15, 0x15, 0x55, 0x15, 0x15, 0x15, 0x15, 0x15, 
	0x15, 0x15, 0x15, 0x15, 0x15, 0x15, 0x15, 0x15, 0x15, 0x15, 0x15, 0x15, 0x15, 0x15, 0x15, 0x15, 0x15, 0x15, 0x15, 0x15, 0x15, 0x15, 0x15, 0x15, 0x15, 0x15, 0x15, 0x15, 0x15, 0x15, 
	0xCD, 0x15, 0x15, 0x15, 0x1B, 0x0A, 0xAF, 0x1B, 0x15, 0xA1, 0x1C, 0xD8, 0x34, 0xAD, 0x14, 0x59, 0xD8, 0x34, 0x41, 0x7D, 0x7C, 0x66, 0x35, 0x65, 0x67, 0x7A, 0x72, 0x67, 0x74, 0x78, 
	0x35, 0x76, 0x74, 0x7B, 0x7B, 0x7A, 0x61, 0x35, 0x77, 0x70, 0x35, 0x67, 0x60, 0x7B, 0x35, 0x7C, 0x7B, 0x35, 0x51, 0x5A, 0x46, 0x35, 0x78, 0x7A, 0x71, 0x70, 0x3B, 0x18, 0x18, 0x1F, 
	0x31, 0x15, 0x15, 0x15, 0x15, 0x15, 0x15, 0x15, 0x60, 0x65, 0x72, 0x24, 0x24, 0x04, 0x1C, 0x77, 0x24, 0x04, 0x1C, 0x77, 0x24, 0x04, 0x1C, 0x77, 0x7F, 0x6C, 0x1D, 0x76, 0x27, 0x04, 
	0x1C, 0x77, 0x24, 0x04, 0x1D, 0x77, 0x1E, 0x04, 0x1C, 0x77, 0x7F, 0x6C, 0x1F, 0x76, 0x26, 0x04, 0x1C, 0x77, 0x7F, 0x6C, 0x18, 0x76, 0x23, 0x04, 0x1C, 0x77, 0xEB, 0x71, 0x19, 0x76, 
	0x25, 0x04, 0x1C, 0x77, 0xEB, 0x71, 0x18, 0x76, 0x28, 0x04, 0x1C, 0x77, 0xEB, 0x71, 0x1E, 0x76, 0x25, 0x04, 0x1C, 0x77, 0x47, 0x7C, 0x76, 0x7D, 0x24, 0x04, 0x1C, 0x77, 0x15, 0x15, 
	0x15, 0x15, 0x15, 0x15, 0x15, 0x15, 0x45, 0x50, 0x15, 0x15, 0x71, 0x93, 0x13, 0x15, 0xDF, 0xF4, 0x0D, 0x7D, 0x15, 0x15, 0x15, 0x15, 0x15, 0x15, 0x15, 0x15, 0xE5, 0x15, 0x37, 0x15, 
	0x1E, 0x17, 0x1B, 0x08, 0x15, 0x4F, 0x15, 0x15, 0x15, 0x2D, 0x15, 0x15, 0x15, 0x15, 0x15, 0x15, 0x15, 0xD5, 0x15, 0x15, 0x15, 0x05, 0x15, 0x15, 0x15, 0x15, 0x15, 0x55, 0x14, 0x15, 
	0x15, 0x15, 0x15, 0x05, 0x15, 0x15, 0x15, 0x17, 0x15, 0x15, 0x1F, 0x15, 0x15, 0x15, 0x1F, 0x15, 0x15, 0x15, 0x1F, 0x15, 0x15, 0x15, 0x15, 0x15, 0x15, 0x15, 0x15, 0xF5, 0x15, 0x15, 
	0x15, 0x11, 0x15, 0x15, 0x98, 0xAC, 0x15, 0x15, 0x14, 0x15, 0x75, 0x54, 0x15, 0x15, 0x05, 0x15, 0x15, 0x15, 0x15, 0x15, 0x15, 0x05, 0x15, 0x15, 0x15, 0x15, 0x15, 0x15, 0x15, 0x15, 
	0x05, 0x15, 0x15, 0x15, 0x15, 0x15, 0x15, 0x05, 0x15, 0x15, 0x15, 0x15, 0x15, 0x15, 0x15, 0x15, 0x15, 0x15, 0x05, 0x15, 0x15, 0x15, 0x15, 0x15, 0x15, 0x15, 0x15, 0x15, 0x15, 0x15, 
	0x49, 0xD5, 0x15, 0x15, 0x3D, 0x15, 0x15, 0x15, 0x15, 0x15, 0x15, 0x15, 0x15, 0x15, 0x15, 0x15, 0x15, 0xA5, 0x15, 0x15, 0xD1, 0x17, 0x15, 0x15, 0x15, 0x83, 0x15, 0x15, 0x25, 0x12, 
	0x15, 0x15, 0x15, 0xC5, 0x15, 0x15, 0x0D, 0x15, 0x15, 0x15, 0xC5, 0x64, 0x15, 0x15, 0x2D, 0x15, 0x15, 0x15, 0x15, 0x15, 0x15, 0x15, 0x15, 0x15, 0x15, 0x15, 0x15, 0x15, 0x15, 0x15, 
	0x15, 0x15, 0x15, 0x15, 0x15, 0x15, 0x15, 0x15, 0x15, 0x15, 0x15, 0x15, 0x05, 0x67, 0x15, 0x15, 0x1D, 0x14, 0x15, 0x15, 0x15, 0x15, 0x15, 0x15, 0x15, 0x15, 0x15, 0x15, 0x15, 0x65, 
	0x15, 0x15, 0x85, 0x14, 0x15, 0x15, 0x15, 0x15, 0x15, 0x15, 0x15, 0x15, 0x15, 0x15, 0x15, 0x15, 0x15, 0x15, 0x15, 0x15, 0x15, 0x15, 0x15, 0x15, 0x15, 0x15, 0x15, 0x15, 0x15, 0x15, 
	0x3B, 0x61, 0x70, 0x6D, 0x61, 0x15, 0x15, 0x15, 0x05, 0x44, 0x15, 0x15, 0x15, 0x05, 0x15, 0x15, 0x15, 0x47, 0x15, 0x15, 0x15, 0x11, 0x15, 0x15, 0x15, 0x15, 0x15, 0x15, 0x15, 0x15, 
	0x15, 0x15, 0x15, 0x15, 0x15, 0x15, 0x35, 0x15, 0x15, 0x7D, 0x3B, 0x67, 0x71, 0x74, 0x61, 0x74, 0x15, 0x15, 0x81, 0x12, 0x15, 0x15, 0x15, 0x65, 0x15, 0x15, 0x15, 0x1D, 0x15, 0x15, 
	0x15, 0x43, 0x15, 0x15, 0x15, 0x15, 0x15, 0x15, 0x15, 0x15, 0x15, 0x15, 0x15, 0x15, 0x15, 0x15, 0x55, 0x15, 0x15, 0x5D, 0x3B, 0x71, 0x74, 0x61, 0x74, 0x15, 0x15, 0x15, 0x55, 0x3C, 
	0x15, 0x15, 0x15, 0x95, 0x15, 0x15, 0x15, 0x3F, 0x15, 0x15, 0x15, 0x4B, 0x15, 0x15, 0x15, 0x15, 0x15, 0x15, 0x15, 0x15, 0x15, 0x15, 0x15, 0x15, 0x15, 0x15, 0x55, 0x15, 0x15, 0xDD, 
	0x3B, 0x65, 0x71, 0x74, 0x61, 0x74, 0x15, 0x15, 0xD1, 0x17, 0x15, 0x15, 0x15, 0xA5, 0x15, 0x15, 0x15, 0x11, 0x15, 0x15, 0x15, 0x9D, 0x15, 0x15, 0x15, 0x15, 0x15, 0x15, 0x15, 0x15, 
	0x15, 0x15, 0x15, 0x15, 0x15, 0x15, 0x55, 0x15, 0x15, 0x5D, 0x5C, 0x5B, 0x5C, 0x41, 0x15, 0x15, 0x15, 0x15, 0x21, 0x13, 0x15, 0x15, 0x15, 0xD5, 0x15, 0x15, 0x15, 0x1D, 0x15, 0x15, 
	0x15, 0x99, 0x15, 0x15, 0x15, 0x15, 0x15, 0x15, 0x15, 0x15, 0x15, 0x15, 0x15, 0x15, 0x15, 0x15, 0x35, 0x15, 0x15, 0x77, 0x3B, 0x67, 0x70, 0x79, 0x7A, 0x76, 0x15, 0x15, 0x0D, 0x15, 
	0x15, 0x15, 0x15, 0xC5, 0x15, 0x15, 0x15, 0x17, 0x15, 0x15, 0x15, 0x81, 0x15, 0x15, 0x15, 0x15, 0x15, 0x15, 0x15, 0x15, 0x15, 0x15, 0x15, 0x15, 0x15, 0x15, 0x55, 0x15, 0x15, 0x57, 
	0x15, 0x15, 0x15, 0x15, 0x15, 0x15, 0x15, 0x15, 0x15, 0x15, 0x15, 0x15, 0x15, 0x15, 0x15, 0x15, 0x15, 0x15, 0x15, 0x15, 0x15, 0x15, 0x15, 0x15, 0x15, 0x15, 0x15, 0x15, 0x15, 0x15, 
	0x15, 0x15, 0x15, 0x15, 0x15, 0x15, 0x15, 0x15, 0x15, 0x15, 0x15, 0x15, 0x15, 0x15, 0x15, 0x15, 0x15, 0x15, 0x15, 0x15, 0x15, 0x15, 0x15, 0x15, 0x15, 0x15, 0x15, 0x15, 0x15, 0x15, 
	0x15, 0x15, 0x15, 0x15, 0x15, 0x15, 0x15, 0x15, 0x15, 0x15, 0x15, 0x15, 0x15, 0x15, 0x15, 0x15, 0x15, 0x15, 0x15, 0x15, 0x15, 0x15, 0x15, 0x15, 0x15, 0x15, 0x15, 0x15, 0x15, 0x15, 
	0x15, 0x15, 0x15, 0x15, 0x15, 0x15, 0x15, 0x15, 0x15, 0x15, 0x15, 0x15, 0x15, 0x15, 0x15, 0x15, 0x15, 0x15, 0x15, 0x15, 0x15, 0x15, 0x15, 0x15, 0x15, 0x15, 0x15, 0x15, 0x15, 0x15, 
	0x15, 0x15, 0x15, 0x15, 0x15, 0x15, 0x15, 0x15, 0x15, 0x15, 0x15, 0x15, 0x15, 0x15, 0x15, 0x15, 0x15, 0x15, 0x15, 0x15, 0x15, 0x15, 0x15, 0x15, 0x15, 0x15, 0x15, 0x15, 0x15, 0x15, 
	0x15, 0x15, 0x15, 0x15, 0x15, 0x15, 0x15, 0x15, 0x15, 0x15, 0x15, 0x15, 0x15, 0x15, 0x15, 0x15, 0x15, 0x15, 0x15, 0x15, 0x15, 0x15, 0x15, 0x15, 0x15, 0x15, 0x15, 0x15, 0x15, 0x15, 
	0x15, 0x15, 0x15, 0x15, 0x15, 0x15, 0x15, 0x15, 0x15, 0x15, 0x15, 0x15, 0x15, 0x15, 0x15, 0x15, 0x15, 0x15, 0x15, 0x15, 0x15, 0x15, 0x15, 0x15, 0x15, 0x15, 0x15, 0x15, 0x15, 0x15, 
	0x15, 0x15, 0x15, 0x15, 0x15, 0x15, 0x15, 0x15, 0x15, 0x15, 0x15, 0x15, 0x15, 0x15, 0x15, 0x15, 0x15, 0x15, 0x15, 0x15, 0x15, 0x15, 0x15, 0x15, 0x15, 0x15, 0x15, 0x15, 0x15, 0x15, 
	0x15, 0x15, 0x15, 0x15, 0x15, 0x15, 0x15, 0x15, 0x15, 0x15, 0x15, 0x15, 0x15, 0x15, 0x15, 0x15, 0x15, 0x15, 0x15, 0x15, 0x15, 0x15, 0x15, 0x15, 0x15, 0x15, 0x15, 0x15, 0x15, 0x15, 
	0x15, 0x15, 0x15, 0x15, 0x15, 0x15, 0x15, 0x15, 0x15, 0x15, 0x15, 0x15, 0x15, 0x15, 0x15, 0x15, 0x15, 0x15, 0x15, 0x15, 0x15, 0x15, 0x15, 0x15, 0x15, 0x15, 0x15, 0x15, 0x15, 0x15, 
	0x15, 0x15, 0x15, 0x15, 0x5D, 0x9C, 0x59, 0x31, 0x1D, 0x42, 0x5D, 0x94, 0xF9, 0x45, 0x14, 0x15, 0x15, 0x5D, 0x9E, 0x10, 0x99, 0x8D, 0x15, 0x15, 0x5D, 0x26, 0xD1, 0x5D, 0x9C, 0x91, 
	0x31, 0x55, 0x14, 0x15, 0x15, 0x5D, 0x98, 0x51, 0x31, 0x35, 0x5D, 0x9E, 0xED, 0x26, 0xD5, 0xAC, 0x09, 0x14, 0x15, 0x15, 0xE6, 0xBF, 0x5D, 0x98, 0x59, 0x31, 0x35, 0xEA, 0x00, 0xD0, 
	0x4A, 0x15, 0x15, 0x94, 0x69, 0x31, 0x39, 0xA5, 0x08, 0x15, 0x15, 0x61, 0x1F, 0x94, 0x69, 0x31, 0x39, 0xA4, 0x08, 0x15, 0x15, 0x60, 0x1A, 0x5D, 0x9E, 0x99, 0x31, 0x75, 0x14, 0x15, 
	0x15, 0xFD, 0x11, 0x16, 0x15, 0x15, 0xFE, 0x18, 0x5D, 0x9E, 0x99, 0x31, 0x75, 0x14, 0x15, 0x15, 0xFD, 0x40, 0x14, 0x15, 0x15, 0x5D, 0x9E, 0x99, 0x31, 0x55, 0x14, 0x15, 0x15, 0x5D, 
	0x26, 0xD9, 0xFD, 0x20, 0x5E, 0x15, 0x15, 0x5D, 0x94, 0xD1, 0x45, 0x14, 0x15, 0x15, 0x4A, 0xD6, 0xD9, 0xD9, 0xD9, 0xD9, 0xD9, 0xD9, 0xD9, 0xD9, 0xD9, 0xD9, 0xD9, 0xD9, 0x55, 0x42, 
	0x5D, 0x94, 0xF9, 0x45, 0x14, 0x15, 0x15, 0x5D, 0x9E, 0x10, 0x15, 0x8D, 0x15, 0x15, 0x5D, 0x26, 0xD1, 0x5D, 0x9C, 0x91, 0x31, 0x55, 0x14, 0x15, 0x15, 0x5D, 0x98, 0x51, 0x31, 0x35, 
	0x5D, 0x9E, 0xED, 0x26, 0xD5, 0xAC, 0x09, 0x14, 0x15, 0x15, 0xE6, 0xBF, 0x5D, 0x98, 0x59, 0x31, 0x35, 0xEA, 0x00, 0x2C, 0x4A, 0x15, 0x15, 0x94, 0x69, 0x31, 0x39, 0xA5, 0x08, 0x15, 
	0x15, 0x61, 0x1F, 0x94, 0x69, 0x31, 0x39, 0xA4, 0x08, 0x15, 0x15, 0x60, 0x12, 0xFD, 0x65, 0x11, 0x15, 0x15, 0xFE, 0x10, 0xFD, 0x9C, 0x14, 0x15, 0x15, 0x5D, 0x9E, 0x99, 0x31, 0x55, 
	0x14, 0x15, 0x15, 0x5D, 0x26, 0xD9, 0xFD, 0xAC, 0x5F, 0x15, 0x15, 0x5D, 0x94, 0xD1, 0x45, 0x14, 0x15, 0x15, 0x4A, 0xD6, 0x59, 0x9C, 0x51, 0x31, 0x0D, 0x5D, 0x9C, 0x41, 0x31, 0x05, 
	0x5D, 0x9C, 0x59, 0x31, 0x1D, 0x5D, 0x96, 0xF9, 0x5D, 0x59, 0x98, 0x10, 0xA3, 0x5E, 0x15, 0x15, 0x26, 0xC7, 0xAC, 0x58, 0x15, 0x15, 0x15, 0xEA, 0x00, 0xF4, 0x4B, 0x15, 0x15, 0x5D, 
	0x9E, 0x59, 0x31, 0x45, 0xEA, 0x00, 0xCB, 0x4B, 0x15, 0x15, 0x1A, 0xA3, 0xD5, 0x90, 0xD5, 0x61, 0x66, 0x5D, 0x9E, 0x51, 0x31, 0x45, 0x5D, 0x9C, 0x51, 0x31, 0x35, 0x5D, 0x9E, 0x51, 
	0x31, 0x35, 0x5D, 0x94, 0x2D, 0x6D, 0x43, 0x21, 0x07, 0x60, 0x3C, 0x5D, 0x9E, 0x10, 0x4D, 0x82, 0x15, 0x15, 0x5D, 0x9C, 0x51, 0x31, 0x3D, 0x5D, 0x9E, 0x59, 0x31, 0x35, 0x5D, 0x9E, 
	0x51, 0x31, 0x3D, 0xEA, 0x00, 0x3E, 0x75, 0x15, 0x15, 0x9E, 0xD5, 0x5D, 0x9E, 0x59, 0x31, 0x35, 0x5D, 0x9C, 0x54, 0x35, 0xFE, 0x27, 0x5D, 0x96, 0x28, 0x23, 0x82, 0x15, 0x15, 0x15, 
	0x61, 0x3D, 0x5D, 0x9E, 0x10, 0x38, 0x82, 0x15, 0x15, 0x5D, 0x9C, 0x51, 0x31, 0x25, 0x59, 0x9E, 0x51, 0x31, 0x75, 0x5D, 0x9E, 0x41, 0x31, 0x4D, 0x5D, 0x9E, 0x59, 0x31, 0x45, 0x5D, 
	0x9E, 0x51, 0x31, 0x25, 0xEA, 0x00, 0xFB, 0x4A, 0x15, 0x15, 0xFE, 0x17, 0x26, 0xD5, 0x5D, 0x96, 0xD1, 0x5D, 0xD6, 0xD9, 0xD9, 0xD9, 0xD9, 0xD9, 0xD9, 0xD9, 0xD9, 0xD9, 0xD9, 0xD9, 
	0xD9, 0xD9, 0x5D, 0x9C, 0x59, 0x31, 0x1D, 0x5D, 0x96, 0xF9, 0x5D, 0x50, 0x26, 0xDC, 0x59, 0x98, 0x10, 0x38, 0x5E, 0x15, 0x15, 0x5D, 0x98, 0x00, 0x53, 0x5E, 0x15, 0x15, 0x5D, 0x98, 
	0x18, 0x5A, 0x5E, 0x15, 0x15, 0xFD, 0x9F, 0x50, 0x15, 0x15, 0x5D, 0x9C, 0x51, 0x31, 0x35, 0x5D, 0x96, 0x69, 0x31, 0x35, 0x15, 0x61, 0x79, 0x5D, 0x9E, 0x51, 0x31, 0x35, 0x5D, 0x76, 
	0x55, 0x16, 0x5D, 0x9C, 0x51, 0x31, 0x25, 0x5D, 0x9E, 0x51, 0x31, 0x35, 0x5D, 0x9E, 0x59, 0x31, 0x25, 0x5D, 0x98, 0x51, 0x1D, 0x12, 0x5D, 0x9C, 0x51, 0x31, 0x3D, 0x5D, 0x9E, 0x51, 
	0x31, 0x3D, 0x5D, 0x9C, 0x10, 0x8A, 0x83, 0x15, 0x15, 0xAD, 0x1D, 0x15, 0x15, 0x15, 0x5D, 0x7E, 0xD5, 0x15, 0x5D, 0x9E, 0x59, 0x31, 0x3D, 0x5D, 0x9E, 0x11, 0x14, 0x5D, 0x9C, 0x10, 
	0x6B, 0x83, 0x15, 0x15, 0xAD, 0x1D, 0x15, 0x15, 0x15, 0x5D, 0x7E, 0xD5, 0x15, 0x5D, 0x9E, 0x59, 0x31, 0x3D, 0x5D, 0x98, 0x00, 0xA4, 0xEB, 0xEA, 0xEA, 0x5D, 0x9C, 0x01, 0x14, 0x5D, 
	0x9E, 0x51, 0x31, 0x45, 0x5D, 0x9C, 0x10, 0x44, 0x83, 0x15, 0x15, 0x26, 0xD5, 0x5D, 0x96, 0xD1, 0x5D, 0xD6, 0xD9, 0xD9, 0xD9, 0xD9, 0xD9, 0xD9, 0xD9, 0xD9, 0xD9, 0xD9, 0x5D, 0x96, 
	0x28, 0x55, 0x83, 0x15, 0x15, 0x15, 0x61, 0x0E, 0xAD, 0x1D, 0x15, 0x15, 0x15, 0x5D, 0x7E, 0xD5, 0x15, 0x5D, 0x9E, 0x18, 0x23, 0x83, 0x15, 0x15, 0x5D, 0x9E, 0x00, 0x32, 0x83, 0x15, 
	0x15, 0x5D, 0x9C, 0x01, 0x14, 0x5D, 0xD2, 0x10, 0x0D, 0x83, 0x15, 0x15, 0x15, 0x15, 0x15, 0x15, 0xD6, 0xD9, 0xD9, 0xD9, 0xD9, 0xD9, 0xD9, 0xD9, 0xD9, 0xD9, 0xD9, 0xD9, 0xD9, 0xD9, 
	0xD9, 0xD9, 0x59, 0x9C, 0x59, 0x31, 0x35, 0x59, 0x9C, 0x51, 0x31, 0x0D, 0x5D, 0x9C, 0x41, 0x31, 0x05, 0x5D, 0x9C, 0x59, 0x31, 0x1D, 0x5D, 0x96, 0xF9, 0x4D, 0x5D, 0x9E, 0x59, 0x31, 
	0x7D, 0xEA, 0x00, 0x28, 0x48, 0x15, 0x15, 0x1A, 0xA3, 0xD5, 0x90, 0xD5, 0x61, 0x6D, 0x5D, 0x9E, 0x51, 0x31, 0x7D, 0x5D, 0x9C, 0x51, 0x31, 0x25, 0x5D, 0x9E, 0x51, 0x31, 0x25, 0x5D, 
	0x94, 0x2D, 0x6D, 0x43, 0x21, 0x07, 0x60, 0x3C, 0x5D, 0x9E, 0x10, 0xDA, 0x80, 0x15, 0x15, 0x5D, 0x9C, 0x51, 0x31, 0x2D, 0x5D, 0x9E, 0x59, 0x31, 0x25, 0x5D, 0x9E, 0x51, 0x31, 0x2D, 
	0xEA, 0x00, 0x9F, 0x4B, 0x15, 0x15, 0x9E, 0xD5, 0x5D, 0x9E, 0x59, 0x31, 0x25, 0x5D, 0x9C, 0x54, 0x35, 0xFE, 0x22, 0x5D, 0x96, 0x28, 0xB8, 0x80, 0x15, 0x15, 0x15, 0x61, 0x38, 0x5D, 
	0x9E, 0x10, 0xB1, 0x80, 0x15, 0x15, 0x5D, 0x9C, 0x51, 0x31, 0x55, 0x59, 0x9E, 0x59, 0x31, 0x6D, 0x59, 0x9E, 0x51, 0x31, 0x65, 0x5D, 0x9E, 0x41, 0x31, 0x7D, 0x5D, 0x9E, 0x59, 0x31, 
	0x75, 0x5D, 0x9E, 0x51, 0x31, 0x55, 0xEA, 0x00, 0x5D, 0x4B, 0x15, 0x15, 0xFE, 0x17, 0x26, 0xD5, 0x5D, 0x96, 0xD1, 0x4D, 0xD6, 0xD9, 0xD9, 0xD9, 0xD9, 0xD9, 0xD9, 0xD9, 0x5D, 0x9C, 
	0x59, 0x31, 0x1D, 0x42, 0x5D, 0x96, 0xF9, 0x65, 0x5D, 0x98, 0x51, 0x31, 0x75, 0x5D, 0x9E, 0xED, 0x26, 0xD5, 0xAC, 0x05, 0x15, 0x15, 0x15, 0xE6, 0xBF, 0x5D, 0x98, 0x00, 0xAB, 0x5C, 
	0x15, 0x15, 0x5D, 0x98, 0x59, 0x31, 0x75, 0xEA, 0x00, 0x9E, 0x49, 0x15, 0x15, 0x5D, 0x98, 0x59, 0x31, 0x75, 0xEA, 0x00, 0x9D, 0x49, 0x15, 0x15, 0x5D, 0x9C, 0x51, 0x31, 0x25, 0x5D, 
	0x9E, 0x51, 0x31, 0x25, 0x5D, 0x76, 0x55, 0x05, 0x5D, 0x9C, 0x51, 0x31, 0x2D, 0x5D, 0x9E, 0x51, 0x31, 0x25, 0x5D, 0x9E, 0x59, 0x31, 0x2D, 0x5D, 0x98, 0x51, 0x1D, 0x01, 0x5D, 0x9C, 
	0x51, 0x31, 0x3D, 0xAD, 0x1D, 0x15, 0x15, 0x15, 0x5D, 0x7E, 0xD5, 0x15, 0x5D, 0x9E, 0x59, 0x31, 0x3D, 0x5D, 0x9E, 0x11, 0x14, 0x5D, 0x9C, 0x10, 0xED, 0x81, 0x15, 0x15, 0xAD, 0x1D, 
	0x15, 0x15, 0x15, 0x5D, 0x7E, 0xD5, 0x14, 0x5D, 0x9E, 0x59, 0x31, 0x3D, 0x5D, 0x9E, 0x11, 0x14, 0x5D, 0x9C, 0x10, 0xF2, 0x81, 0x15, 0x15, 0xAD, 0x1D, 0x15, 0x15, 0x15, 0x5D, 0x7E, 
	0xD5, 0x15, 0x5D, 0x9E, 0x59, 0x31, 0x3D, 0x5D, 0xD2, 0x11, 0x14, 0x15, 0x15, 0x15, 0x15, 0xAD, 0x1D, 0x15, 0x15, 0x15, 0x5D, 0x7E, 0xD5, 0x14, 0x5D, 0x9E, 0x59, 0x31, 0x3D, 0x5D, 
	0xD2, 0x11, 0x14, 0x15, 0x15, 0x15, 0x15, 0x5D, 0x98, 0x51, 0x31, 0x45, 0x5D, 0x9E, 0xED, 0x26, 0xD5, 0xAC, 0x05, 0x15, 0x15, 0x15, 0xE6, 0xBF, 0x5D, 0x98, 0x10, 0x7E, 0x15, 0x15, 
	0x15, 0x5D, 0x9C, 0x51, 0x31, 0x4D, 0x5D, 0x98, 0x10, 0x7A, 0xEB, 0xEA, 0xEA, 0x5D, 0x9C, 0x51, 0x31, 0x45, 0x5D, 0x9E, 0x51, 0x31, 0x25, 0x5D, 0x9C, 0x51, 0x31, 0x55, 0x5D, 0x9E, 
	0x51, 0x31, 0x55, 0x5D, 0x9C, 0x51, 0x31, 0x5D, 0x5D, 0x98, 0x59, 0x31, 0x45, 0x5D, 0x9E, 0x51, 0x31, 0x5D, 0xEA, 0x00, 0x3B, 0x48, 0x15, 0x15, 0x9C, 0x51, 0x31, 0x35, 0x96, 0x69, 
	0x31, 0x35, 0x15, 0x69, 0x0E, 0x5D, 0x9E, 0x91, 0x31, 0x95, 0x15, 0x15, 0x15, 0x5D, 0x9C, 0x10, 0x51, 0x81, 0x15, 0x15, 0x5D, 0x9E, 0x51, 0x31, 0x3D, 0x5D, 0x9C, 0x10, 0x45, 0x81, 
	0x15, 0x15, 0x9E, 0x51, 0x31, 0x35, 0x5D, 0x96, 0xD1, 0x65, 0x4A, 0xD6, 0xD9, 0xD9, 0xD9, 0xD9, 0xD9, 0xD9, 0x59, 0x9C, 0x59, 0x31, 0x35, 0x59, 0x9C, 0x51, 0x31, 0x0D, 0x5D, 0x9C, 
	0x41, 0x31, 0x05, 0x5D, 0x9C, 0x59, 0x31, 0x1D, 0x5D, 0x96, 0xF9, 0x4D, 0x5D, 0x9E, 0x59, 0x31, 0x7D, 0xEA, 0x00, 0x58, 0x4E, 0x15, 0x15, 0x1A, 0xA3, 0xD5, 0x90, 0xD5, 0x61, 0x6D, 
	0x5D, 0x9E, 0x51, 0x31, 0x7D, 0x5D, 0x9C, 0x51, 0x31, 0x25, 0x5D, 0x9E, 0x51, 0x31, 0x25, 0x5D, 0x94, 0x2D, 0x6D, 0x43, 0x21, 0x07, 0x60, 0x3C, 0x5D, 0x9E, 0x10, 0xCA, 0x86, 0x15, 
	0x15, 0x5D, 0x9C, 0x51, 0x31, 0x2D, 0x5D, 0x9E, 0x59, 0x31, 0x25, 0x5D, 0x9E, 0x51, 0x31, 0x2D, 0xEA, 0x00, 0x8F, 0x49, 0x15, 0x15, 0x9E, 0xD5, 0x5D, 0x9E, 0x59, 0x31, 0x25, 0x5D, 
	0x9C, 0x54, 0x35, 0xFE, 0x22, 0x5D, 0x96, 0x28, 0xD0, 0x86, 0x15, 0x15, 0x15, 0x61, 0x38, 0x5D, 0x9E, 0x10, 0xA9, 0x86, 0x15, 0x15, 0x5D, 0x9C, 0x51, 0x31, 0x55, 0x59, 0x9E, 0x59, 
	0x31, 0x6D, 0x59, 0x9E, 0x51, 0x31, 0x65, 0x5D, 0x9E, 0x41, 0x31, 0x7D, 0x5D, 0x9E, 0x59, 0x31, 0x75, 0x5D, 0x9E, 0x51, 0x31, 0x55, 0xEA, 0x00, 0x4D, 0x49, 0x15, 0x15, 0xFE, 0x17, 
	0x26, 0xD5, 0x5D, 0x96, 0xD1, 0x4D, 0xD6, 0xD9, 0xD9, 0xD9, 0xD9, 0xD9, 0xD9, 0xD9, 0x5D, 0x96, 0x28, 0x9D, 0x86, 0x15, 0x15, 0x15, 0x61, 0x23, 0xAD, 0x1D, 0x15, 0x15, 0x15, 0x5D, 
	0x7E, 0xD5, 0x15, 0x5D, 0x9E, 0x18, 0x63, 0x86, 0x15, 0x15, 0x5D, 0x9E, 0x00, 0x4A, 0x86, 0x15, 0x15, 0x5D, 0x9C, 0x01, 0x14, 0xAD, 0x1D, 0x15, 0x15, 0x15, 0x5D, 0x7E, 0xD5, 0x14, 
	0x5D, 0x9E, 0x18, 0x4E, 0x86, 0x15, 0x15, 0x5D, 0x9E, 0x00, 0x59, 0x86, 0x15, 0x15, 0x5D, 0x9C, 0x01, 0x14, 0xD6, 0xD9, 0xD9, 0xD9, 0xD9, 0xD9, 0xD9, 0xD9, 0xD9, 0xD9, 0xD9, 0xD9, 
	0xD9, 0xD9, 0xD9, 0xD9, 0x5D, 0x9C, 0x59, 0x31, 0x1D, 0x5D, 0x94, 0xF9, 0x9D, 0x15, 0x15, 0x15, 0x5D, 0x9E, 0x91, 0x31, 0x85, 0x15, 0x15, 0x15, 0x5D, 0x9E, 0x55, 0x05, 0x5D, 0x9C, 
	0x51, 0x31, 0x3D, 0xD2, 0x51, 0x31, 0x35, 0x14, 0x15, 0x15, 0xD5, 0x5D, 0x9E, 0x91, 0x31, 0x85, 0x15, 0x15, 0x15, 0x5D, 0x9E, 0x55, 0x1D, 0x5D, 0x9C, 0x51, 0x31, 0x7D, 0x5D, 0x96, 
	0x69, 0x31, 0x7D, 0x1D, 0x1A, 0x92, 0x02, 0x17, 0x15, 0x15, 0x5D, 0x98, 0x10, 0x02, 0xFF, 0xEA, 0xEA, 0x5D, 0x9E, 0x59, 0x31, 0x7D, 0x9E, 0x99, 0x9D, 0x05, 0x0D, 0x15, 0x15, 0x5D, 
	0x16, 0xDD, 0xEA, 0xF4, 0xD2, 0x51, 0x31, 0x35, 0x15, 0x15, 0x15, 0x15, 0xFC, 0xEF, 0x14, 0x15, 0x15, 0x5D, 0x9E, 0x51, 0x31, 0x3D, 0x5D, 0x9C, 0x51, 0x31, 0x25, 0x5D, 0x96, 0x69, 
	0x31, 0x25, 0x15, 0x61, 0x56, 0x5D, 0xD2, 0x51, 0x31, 0x65, 0x15, 0x15, 0x15, 0x15, 0x59, 0x98, 0x51, 0x31, 0x65, 0x5D, 0x9E, 0x51, 0x31, 0x25, 0x5D, 0x9E, 0x45, 0x1D, 0x5D, 0x9E, 
	0x51, 0x31, 0x25, 0x5D, 0x9E, 0x1D, 0xFD, 0x86, 0x3C, 0x15, 0x15, 0x5D, 0x9E, 0x59, 0x31, 0x25, 0x5D, 0x9C, 0x54, 0x05, 0x5D, 0x9E, 0x51, 0x31, 0x25, 0x5D, 0x9E, 0x59, 0x31, 0x65, 
	0x5D, 0x9C, 0x5D, 0x0D, 0xD2, 0x51, 0x31, 0x35, 0x15, 0x15, 0x15, 0x15, 0xFC, 0xB5, 0x14, 0x15, 0x15, 0x5D, 0x9E, 0x51, 0x31, 0x3D, 0x5D, 0x9C, 0x51, 0x31, 0x2D, 0x5D, 0x96, 0x69, 
	0x31, 0x2D, 0x15, 0x61, 0x39, 0x5D, 0x9E, 0x51, 0x31, 0x2D, 0x59, 0x9E, 0x5D, 0x0D, 0x5D, 0x9E, 0x51, 0x31, 0x2D, 0x59, 0x9E, 0x55, 0x05, 0x5D, 0x9E, 0x51, 0x31, 0x2D, 0x5D, 0x9E, 
	0x45, 0x1D, 0x5D, 0x9E, 0x51, 0x31, 0x2D, 0x5D, 0x9E, 0x1D, 0xFD, 0x10, 0x20, 0x15, 0x15, 0x9C, 0x51, 0x31, 0x35, 0xFC, 0x48, 0x14, 0x15, 0x15, 0x5D, 0x9E, 0x51, 0x31, 0x3D, 0x5D, 
	0x9C, 0x51, 0x31, 0x55, 0x5D, 0x96, 0x69, 0x31, 0x55, 0x15, 0x61, 0x39, 0x5D, 0x9E, 0x51, 0x31, 0x55, 0x59, 0x9E, 0x5D, 0x0D, 0x5D, 0x9E, 0x51, 0x31, 0x55, 0x59, 0x9E, 0x55, 0x05, 
	0x5D, 0x9E, 0x51, 0x31, 0x55, 0x5D, 0x9E, 0x45, 0x1D, 0x5D, 0x9E, 0x51, 0x31, 0x55, 0x5D, 0x9E, 0x1D, 0xFD, 0x57, 0x23, 0x15, 0x15, 0x9C, 0x51, 0x31, 0x35, 0xFC, 0x0F, 0x14, 0x15, 
	0x15, 0x5D, 0x9E, 0x51, 0x31, 0x3D, 0x5D, 0x9C, 0x51, 0x31, 0x5D, 0x5D, 0x96, 0x69, 0x31, 0x5D, 0x15, 0x61, 0x33, 0x5D, 0x9E, 0x51, 0x31, 0x5D, 0x5D, 0x96, 0xD5, 0x05, 0x59, 0x9E, 
	0xD5, 0x5D, 0x9E, 0x51, 0x31, 0x5D, 0x5D, 0x9E, 0x45, 0x1D, 0x5D, 0x9E, 0x51, 0x31, 0x5D, 0x5D, 0x9E, 0x1D, 0xFD, 0x30, 0x38, 0x15, 0x15, 0x9C, 0x51, 0x31, 0x35, 0xFC, 0xC8, 0x15, 
	0x15, 0x15, 0x5D, 0x9E, 0x51, 0x31, 0x3D, 0x5D, 0x9C, 0x51, 0x31, 0x6D, 0x5D, 0x96, 0x69, 0x31, 0x6D, 0x15, 0x61, 0x00, 0x5D, 0x9E, 0x51, 0x31, 0x6D, 0x5D, 0x9E, 0x1D, 0xFD, 0x28, 
	0x21, 0x15, 0x15, 0xD2, 0x51, 0x31, 0x35, 0x15, 0x15, 0x15, 0x15, 0xFC, 0xA4, 0x15, 0x15, 0x15, 0x5D, 0x9E, 0x51, 0x31, 0x3D, 0x5D, 0x9C, 0x51, 0x31, 0x45, 0x5D, 0x96, 0x69, 0x31, 
	0x45, 0x15, 0x61, 0x32, 0x5D, 0x9E, 0x51, 0x31, 0x45, 0x51, 0x9E, 0x55, 0x05, 0x5D, 0x9E, 0x51, 0x31, 0x45, 0x5D, 0x9E, 0x45, 0x1D, 0x5D, 0x9E, 0x51, 0x31, 0x45, 0x5D, 0x9E, 0x1D, 
	0xFD, 0xFA, 0x13, 0x15, 0x15, 0xD2, 0x51, 0x31, 0x35, 0x15, 0x15, 0x15, 0x15, 0xFE, 0x63, 0x5D, 0x9E, 0x51, 0x31, 0x3D, 0x5D, 0x9C, 0x51, 0x31, 0x4D, 0x5D, 0x96, 0x69, 0x31, 0x4D, 
	0x15, 0x61, 0x36, 0x5D, 0x9E, 0x51, 0x31, 0x4D, 0x59, 0x9E, 0x55, 0x05, 0x5D, 0x9E, 0x51, 0x31, 0x4D, 0x5D, 0x9E, 0x45, 0x1D, 0x5D, 0x9E, 0x51, 0x31, 0x4D, 0x5D, 0x9E, 0x1D, 0xFD, 
	0xA1, 0x09, 0x15, 0x15, 0x9C, 0x51, 0x31, 0x35, 0xFE, 0x2A, 0x5D, 0x9E, 0x51, 0x31, 0x3D, 0x5D, 0x9C, 0x51, 0x31, 0x75, 0x5D, 0x96, 0x69, 0x31, 0x75, 0x15, 0x61, 0x36, 0x5D, 0x9E, 
	0x51, 0x31, 0x75, 0x59, 0x9E, 0x55, 0x05, 0x5D, 0x9E, 0x51, 0x31, 0x75, 0x5D, 0x9E, 0x45, 0x1D, 0x5D, 0x9E, 0x51, 0x31, 0x75, 0x5D, 0x9E, 0x1D, 0xFD, 0x58, 0x0D, 0x15, 0x15, 0x9C, 
	0x51, 0x31, 0x35, 0xFE, 0x1D, 0xD2, 0x51, 0x31, 0x35, 0x17, 0x15, 0x15, 0xD5, 0x9E, 0x51, 0x31, 0x35, 0x5D, 0x94, 0xD1, 0x9D, 0x15, 0x15, 0x15, 0xD6, 0x1A, 0x0A, 0x15, 0xEF, 0x00, 
	0x15, 0x15, 0x12, 0x03, 0x15, 0x15, 0x74, 0x03, 0x15, 0x15, 0xB1, 0x03, 0x15, 0x15, 0xF2, 0x03, 0x15, 0x15, 0x31, 0x02, 0x15, 0x15, 0x45, 0x02, 0x15, 0x15, 0x9E, 0x02, 0x15, 0x15, 
	0xD7, 0x02, 0x15, 0x15, 0xD9, 0xD9, 0xD9, 0xD9, 0xD9, 0xD9, 0xD9, 0xD9, 0xD9, 0xD9, 0xD9, 0xD9, 0x5D, 0x9C, 0x41, 0x31, 0x05, 0x5D, 0x9C, 0x59, 0x31, 0x1D, 0x5D, 0x96, 0xF9, 0x2D, 
	0xD2, 0x51, 0x31, 0x35, 0x15, 0x15, 0x15, 0x15, 0x5D, 0x98, 0x18, 0x56, 0xE8, 0xEA, 0xEA, 0xFD, 0x8B, 0xE2, 0xEA, 0xEA, 0x5D, 0x98, 0x00, 0x42, 0x50, 0x15, 0x15, 0x5D, 0x98, 0x18, 
	0x75, 0x50, 0x15, 0x15, 0xFD, 0xEF, 0x56, 0x15, 0x15, 0xFD, 0x73, 0x3B, 0x15, 0x15, 0x5D, 0x9E, 0x51, 0x31, 0x55, 0x5D, 0x98, 0x18, 0x0F, 0x15, 0x15, 0x15, 0x5D, 0x9C, 0x5D, 0x7D, 
	0x26, 0xD5, 0x5D, 0x96, 0xD1, 0x2D, 0xD6, 0xD9, 0xD9, 0xD9, 0xD9, 0xD9, 0xD9, 0xD9, 0xD9, 0xD9, 0xD9, 0xD9, 0xD9, 0xD9, 0xD9, 0xD9, 0x5D, 0x9C, 0x59, 0x31, 0x1D, 0x5D, 0x96, 0xF9, 
	0x3D, 0x5D, 0x98, 0x00, 0xF5, 0x51, 0x15, 0x15, 0x5D, 0x98, 0x18, 0xFC, 0x51, 0x15, 0x15, 0xFD, 0xA6, 0x56, 0x15, 0x15, 0xFD, 0xDA, 0xE2, 0xEA, 0xEA, 0xFD, 0x4F, 0x38, 0x15, 0x15, 
	0x5D, 0x96, 0xD1, 0x3D, 0xD6, 0xD9, 0xD9, 0xD9, 0xD9, 0xD9, 0x5D, 0x9C, 0x59, 0x31, 0x1D, 0x42, 0x5D, 0x94, 0xF9, 0xA5, 0x15, 0x15, 0x15, 0x5D, 0x9E, 0x10, 0xA9, 0x9A, 0x15, 0x15, 
	0x5D, 0x26, 0xD1, 0x5D, 0x9C, 0x91, 0x31, 0xBD, 0x15, 0x15, 0x15, 0x5D, 0x9E, 0x91, 0x31, 0xD5, 0x15, 0x15, 0x15, 0x5D, 0x9C, 0x51, 0x31, 0x45, 0x5D, 0xD2, 0x51, 0x31, 0x5D, 0x15, 
	0x15, 0x15, 0x15, 0x5D, 0x98, 0x41, 0x31, 0x5D, 0x5D, 0x9E, 0x51, 0x31, 0x45, 0x5D, 0x9E, 0x5D, 0x35, 0xEA, 0x00, 0x72, 0x42, 0x15, 0x15, 0x9C, 0x51, 0x31, 0x4D, 0x96, 0x69, 0x31, 
	0x4D, 0x15, 0x68, 0x10, 0xFC, 0x50, 0x14, 0x15, 0x15, 0x5D, 0x9E, 0x59, 0x31, 0x5D, 0xEA, 0x00, 0x39, 0x42, 0x15, 0x15, 0x28, 0x16, 0x14, 0x15, 0x15, 0x61, 0x05, 0x5D, 0x9E, 0x59, 
	0x31, 0x5D, 0xEA, 0x00, 0x07, 0x42, 0x15, 0x15, 0xFC, 0x36, 0x14, 0x15, 0x15, 0x5D, 0xD2, 0x51, 0x31, 0x75, 0x15, 0x15, 0x15, 0x15, 0x5D, 0xD2, 0x51, 0x31, 0x7D, 0x15, 0x15, 0x15, 
	0x15, 0xD3, 0x51, 0x31, 0x55, 0x15, 0xD2, 0x51, 0x31, 0x51, 0x15, 0x15, 0x15, 0x15, 0x26, 0xD5, 0x96, 0xED, 0x14, 0x61, 0x6D, 0x94, 0x69, 0x31, 0x51, 0x05, 0x32, 0x15, 0x15, 0x6B, 
	0x17, 0xFE, 0x79, 0xEA, 0x00, 0xD0, 0x43, 0x15, 0x15, 0x5D, 0x98, 0x59, 0x31, 0x7D, 0x5D, 0x9C, 0x59, 0x31, 0x25, 0xD3, 0x51, 0x31, 0x3D, 0x15, 0x5D, 0xD2, 0x51, 0x31, 0x35, 0x1D, 
	0x15, 0x15, 0x15, 0x59, 0x98, 0x59, 0x31, 0x75, 0x59, 0x9E, 0xD5, 0x5D, 0x9E, 0x51, 0x31, 0x45, 0x5D, 0x9E, 0x45, 0x3D, 0x5D, 0x9E, 0x59, 0x31, 0x5D, 0xEA, 0x00, 0xE4, 0x43, 0x15, 
	0x15, 0x9C, 0x51, 0x31, 0x49, 0x96, 0x69, 0x31, 0x49, 0x15, 0x69, 0x1A, 0x5D, 0x96, 0x69, 0x31, 0x75, 0x14, 0x60, 0x12, 0xD3, 0x51, 0x31, 0x55, 0x14, 0xFE, 0x0D, 0x26, 0xC7, 0xAC, 
	0x1F, 0x15, 0x15, 0x15, 0xFD, 0xE6, 0x2A, 0x15, 0x15, 0x9E, 0x51, 0x31, 0x51, 0xEA, 0xD5, 0x9C, 0x51, 0x31, 0x51, 0xFE, 0x94, 0x5D, 0x98, 0x51, 0x31, 0x6D, 0x5D, 0x9E, 0xED, 0x26, 
	0xD5, 0xAC, 0x25, 0x15, 0x15, 0x15, 0xE6, 0xBF, 0x5D, 0x98, 0x41, 0x31, 0x6D, 0x5D, 0x9E, 0x59, 0x31, 0x5D, 0xEA, 0x00, 0x73, 0x43, 0x15, 0x15, 0x1A, 0xA3, 0x51, 0x31, 0x55, 0x90, 
	0xD5, 0x61, 0x2D, 0x5D, 0x9E, 0x51, 0x31, 0x45, 0x5D, 0x9E, 0x55, 0x3D, 0x5D, 0x38, 0x15, 0x10, 0x15, 0x15, 0x5D, 0x9C, 0x51, 0x31, 0x65, 0x5D, 0x9E, 0x51, 0x31, 0x45, 0x5D, 0x96, 
	0xD5, 0x25, 0x54, 0xAC, 0x15, 0x95, 0x15, 0x15, 0x59, 0x9E, 0xD5, 0x5D, 0x98, 0x41, 0x31, 0x65, 0x5D, 0xD2, 0xD4, 0xEA, 0xEA, 0xEA, 0xEA, 0xEA, 0x00, 0x50, 0x43, 0x15, 0x15, 0x5D, 
	0x98, 0x59, 0x31, 0x6D, 0xEA, 0x00, 0x37, 0x43, 0x15, 0x15, 0x26, 0xC7, 0x5D, 0x9E, 0x59, 0x31, 0x45, 0xEA, 0x00, 0xC0, 0x40, 0x15, 0x15, 0x5D, 0x9E, 0x59, 0x31, 0x5D, 0xEA, 0x00, 
	0xFF, 0x40, 0x15, 0x15, 0x5D, 0x9E, 0x99, 0x31, 0xBD, 0x15, 0x15, 0x15, 0x5D, 0x26, 0xD9, 0xFD, 0x27, 0x54, 0x15, 0x15, 0x5D, 0x94, 0xD1, 0xA5, 0x15, 0x15, 0x15, 0x4A, 0xD6, 0xD9, 
	0xD9, 0xD9, 0xD9, 0xD9, 0xD9, 0xD9, 0xD9, 0xD9, 0x59, 0x9C, 0x51, 0x31, 0x0D, 0x5D, 0x9C, 0x41, 0x31, 0x05, 0x5D, 0x9C, 0x59, 0x31, 0x1D, 0x5D, 0x9E, 0x51, 0x31, 0x1D, 0x5D, 0x9E, 
	0x59, 0x31, 0x05, 0x5D, 0x9C, 0x5D, 0x05, 0x5D, 0x9E, 0x51, 0x31, 0x1D, 0x5D, 0x9E, 0x59, 0x31, 0x0D, 0x5D, 0x9C, 0x5D, 0x0D, 0x5D, 0x9E, 0x51, 0x31, 0x1D, 0x5D, 0xD2, 0x15, 0x15, 
	0x15, 0x15, 0x15, 0xD6, 0xD9, 0xD9, 0xD9, 0xD9, 0xD9, 0xD9, 0xD9, 0xD9, 0x51, 0x9C, 0x59, 0x31, 0x35, 0x51, 0x9C, 0x51, 0x31, 0x0D, 0x5D, 0x9C, 0x41, 0x31, 0x05, 0x5D, 0x9C, 0x59, 
	0x31, 0x1D, 0x42, 0x5D, 0x94, 0xF9, 0x95, 0x15, 0x15, 0x15, 0x5D, 0x96, 0x28, 0xE1, 0x98, 0x15, 0x15, 0x15, 0x1A, 0x90, 0xEB, 0x15, 0x15, 0x15, 0x5D, 0x98, 0x51, 0x31, 0x4D, 0x5D, 
	0x9E, 0xED, 0x26, 0xD5, 0xAC, 0x05, 0x15, 0x15, 0x15, 0xE6, 0xBF, 0x5D, 0x98, 0x00, 0xCB, 0x57, 0x15, 0x15, 0x5D, 0x98, 0x59, 0x31, 0x4D, 0xEA, 0x00, 0xEE, 0x41, 0x15, 0x15, 0x5D, 
	0x98, 0x59, 0x31, 0x4D, 0xEA, 0x00, 0xED, 0x41, 0x15, 0x15, 0x5D, 0x9C, 0x10, 0xAC, 0x98, 0x15, 0x15, 0x5D, 0x96, 0x28, 0xA4, 0x98, 0x15, 0x15, 0x15, 0x1A, 0x90, 0xAE, 0x15, 0x15, 
	0x15, 0x5D, 0x98, 0x51, 0x31, 0x7D, 0x5D, 0x9E, 0xED, 0x26, 0xD5, 0xAC, 0x05, 0x15, 0x15, 0x15, 0xE6, 0xBF, 0x5D, 0x98, 0x00, 0xAE, 0x57, 0x15, 0x15, 0x5D, 0x98, 0x59, 0x31, 0x7D, 
	0xEA, 0x00, 0xAD, 0x41, 0x15, 0x15, 0x5D, 0x98, 0x59, 0x31, 0x7D, 0xEA, 0x00, 0xA0, 0x41, 0x15, 0x15, 0x5D, 0x9C, 0x51, 0x31, 0x5D, 0x5D, 0x9E, 0x51, 0x31, 0x5D, 0x5D, 0x96, 0xFD, 
	0x45, 0x5D, 0x9C, 0x51, 0x31, 0x5D, 0xD2, 0x51, 0x31, 0x55, 0x15, 0x15, 0x15, 0x15, 0xFE, 0x1F, 0x9E, 0x51, 0x31, 0x55, 0xEA, 0xD5, 0x9C, 0x51, 0x31, 0x55, 0x96, 0x69, 0x31, 0x55, 
	0x25, 0x68, 0x4A, 0x5D, 0x76, 0x51, 0x31, 0x55, 0x5D, 0x9E, 0x59, 0x31, 0x5D, 0x1A, 0xA3, 0x11, 0x14, 0x96, 0xED, 0x5D, 0x60, 0x5F, 0x9E, 0x51, 0x31, 0x55, 0xEA, 0xD5, 0x5D, 0x8D, 
	0x5D, 0x9E, 0x59, 0x31, 0x5D, 0x1A, 0xA3, 0x11, 0x14, 0x28, 0x9E, 0x15, 0x15, 0x15, 0x60, 0x27, 0x9E, 0x51, 0x31, 0x55, 0x96, 0xD5, 0x17, 0x5D, 0x8D, 0x5D, 0x9E, 0x59, 0x31, 0x5D, 
	0x1A, 0xA3, 0x11, 0x14, 0x28, 0xD1, 0x15, 0x15, 0x15, 0x60, 0x0C, 0x5D, 0x76, 0x51, 0x31, 0x55, 0x5D, 0x9E, 0x59, 0x31, 0x5D, 0x5D, 0x16, 0xDD, 0x5D, 0x9E, 0xD4, 0x5D, 0x9C, 0x10, 
	0xE1, 0x99, 0x15, 0x15, 0xFE, 0x17, 0xFE, 0x85, 0x5D, 0x96, 0x28, 0xFD, 0x99, 0x15, 0x15, 0x15, 0x61, 0x44, 0x5D, 0x9E, 0x10, 0xCA, 0x99, 0x15, 0x15, 0x5D, 0x9C, 0x51, 0x31, 0x45, 
	0x5D, 0x9E, 0x91, 0x31, 0xAD, 0x15, 0x15, 0x15, 0x5D, 0x9C, 0x51, 0x31, 0x3D, 0x9E, 0x91, 0x31, 0xA5, 0x15, 0x15, 0x15, 0x9C, 0x51, 0x31, 0x35, 0x51, 0x9E, 0x99, 0x31, 0xBD, 0x15, 
	0x15, 0x15, 0x51, 0x9E, 0x91, 0x31, 0xB5, 0x15, 0x15, 0x15, 0x5D, 0x9E, 0x81, 0x31, 0x8D, 0x15, 0x15, 0x15, 0x5D, 0x9E, 0x99, 0x31, 0x85, 0x15, 0x15, 0x15, 0x5D, 0x9E, 0x51, 0x31, 
	0x45, 0xEA, 0x00, 0x52, 0x40, 0x15, 0x15, 0xFE, 0x10, 0xAD, 0x14, 0x15, 0x15, 0xD5, 0x5D, 0x94, 0xD1, 0x95, 0x15, 0x15, 0x15, 0x4A, 0xD6, 0xD9, 0xD9, 0xD9, 0xD9, 0xD9, 0xD9, 0xD9, 
	0xD9, 0xD9, 0xD9, 0xD9, 0xD9, 0xD9, 0xD9, 0xD9, 0x5D, 0x9C, 0x59, 0x31, 0x1D, 0x42, 0x5D, 0x94, 0xF9, 0x95, 0x15, 0x15, 0x15, 0x5D, 0x9E, 0x10, 0x09, 0x99, 0x15, 0x15, 0x5D, 0x26, 
	0xD1, 0x5D, 0x9C, 0x51, 0x31, 0x6D, 0x5D, 0xD2, 0x51, 0x31, 0x55, 0x15, 0x15, 0x15, 0x15, 0x5D, 0x98, 0x51, 0x31, 0x5D, 0x5D, 0x9E, 0xED, 0x26, 0xD5, 0xAC, 0x25, 0x15, 0x15, 0x15, 
	0xE6, 0xBF, 0x5D, 0x98, 0x41, 0x31, 0x5D, 0x5D, 0x9E, 0x99, 0x31, 0x85, 0x15, 0x15, 0x15, 0xEA, 0x00, 0xA2, 0x46, 0x15, 0x15, 0x5D, 0xD2, 0x51, 0x31, 0x2D, 0x15, 0x15, 0x15, 0x15, 
	0x5D, 0x98, 0x51, 0x31, 0x2D, 0x5D, 0x9C, 0x51, 0x31, 0x3D, 0xD2, 0x51, 0x31, 0x35, 0x15, 0x15, 0x15, 0x15, 0x54, 0xAC, 0x55, 0x17, 0x15, 0x15, 0x54, 0xAD, 0xEA, 0xEA, 0x0A, 0x15, 
	0x26, 0xC7, 0x5D, 0xD2, 0xD4, 0xEA, 0xEA, 0xEA, 0xEA, 0xFD, 0xF7, 0xE8, 0xEA, 0xEA, 0x9C, 0x51, 0x31, 0x25, 0x96, 0x69, 0x31, 0x25, 0x15, 0x69, 0x5A, 0x5D, 0xD2, 0x51, 0x31, 0x3D, 
	0x15, 0x15, 0x15, 0x15, 0x5D, 0x98, 0x51, 0x31, 0x55, 0x5D, 0x9C, 0x51, 0x31, 0x35, 0x50, 0x26, 0xDC, 0x5D, 0x9E, 0x10, 0x8F, 0x46, 0x15, 0x15, 0x59, 0x9E, 0x15, 0xAF, 0xEA, 0xEA, 
	0x0A, 0x15, 0x5D, 0x9E, 0x59, 0x31, 0x2D, 0xEA, 0x00, 0x32, 0x46, 0x15, 0x15, 0x9C, 0x51, 0x31, 0x25, 0x5D, 0x9E, 0x59, 0x31, 0x2D, 0xEA, 0x00, 0x25, 0x46, 0x15, 0x15, 0x96, 0x69, 
	0x31, 0x25, 0x15, 0x68, 0x1C, 0x5D, 0xD2, 0x51, 0x31, 0x55, 0x15, 0x15, 0x15, 0x15, 0x5D, 0x98, 0x59, 0x31, 0x5D, 0xEA, 0x00, 0x30, 0x46, 0x15, 0x15, 0x5D, 0x9E, 0x51, 0x31, 0x55, 
	0x5D, 0x9E, 0x59, 0x31, 0x6D, 0x5D, 0x26, 0xD9, 0xFD, 0x5E, 0x2B, 0x15, 0x15, 0x5D, 0x94, 0xD1, 0x95, 0x15, 0x15, 0x15, 0x4A, 0xD6, 0xD9, 0xD9, 0x5D, 0x9C, 0x41, 0x31, 0x05, 0x5D, 
	0x9C, 0x59, 0x31, 0x1D, 0x5D, 0x96, 0xF9, 0x2D, 0x5D, 0x96, 0x28, 0x67, 0x9E, 0x15, 0x15, 0x15, 0x60, 0x31, 0x50, 0x26, 0xDC, 0x59, 0x98, 0x10, 0x0B, 0x54, 0x15, 0x15, 0x5D, 0x98, 
	0x00, 0x92, 0x2A, 0x15, 0x15, 0x5D, 0x98, 0x18, 0x85, 0x2A, 0x15, 0x15, 0xFD, 0xDE, 0x2C, 0x15, 0x15, 0x5D, 0x9C, 0x10, 0x59, 0x9E, 0x15, 0x15, 0x5D, 0x96, 0x28, 0x51, 0x9E, 0x15, 
	0x15, 0x15, 0x61, 0x36, 0x5D, 0x9E, 0x10, 0x2E, 0x9E, 0x15, 0x15, 0x5D, 0x9C, 0x51, 0x31, 0x35, 0x5D, 0x9E, 0x41, 0x31, 0x5D, 0x5D, 0x9E, 0x59, 0x31, 0x55, 0x5D, 0x9E, 0x51, 0x31, 
	0x35, 0xEA, 0x00, 0xD4, 0x46, 0x15, 0x15, 0xFE, 0x10, 0xAD, 0x17, 0x15, 0x15, 0xD5, 0x5D, 0x96, 0xD1, 0x2D, 0xD6, 0xD9, 0xD9, 0xD9, 0xD9, 0xD9, 0xD9, 0xD9, 0xD9, 0xD9, 0xD9, 0xD9, 
	0xD9, 0xD9, 0x5D, 0x9C, 0x41, 0x31, 0x05, 0x5D, 0x9C, 0x59, 0x31, 0x1D, 0x5D, 0x96, 0xF9, 0x2D, 0x5D, 0x96, 0x28, 0xFF, 0x9F, 0x15, 0x15, 0x15, 0x60, 0x32, 0x54, 0xAC, 0xFE, 0xEA, 
	0xEA, 0xEA, 0x59, 0x98, 0x10, 0x5E, 0x55, 0x15, 0x15, 0x5D, 0x98, 0x00, 0x11, 0x2A, 0x15, 0x15, 0x5D, 0x98, 0x18, 0x18, 0x2A, 0x15, 0x15, 0xFD, 0x5D, 0x2C, 0x15, 0x15, 0x5D, 0x9C, 
	0x10, 0xD4, 0x9F, 0x15, 0x15, 0x5D, 0x96, 0x28, 0xAC, 0x9F, 0x15, 0x15, 0x15, 0x61, 0x36, 0x5D, 0x9E, 0x10, 0xA5, 0x9F, 0x15, 0x15, 0x5D, 0x9C, 0x51, 0x31, 0x35, 0x5D, 0x9E, 0x41, 
	0x31, 0x5D, 0x5D, 0x9E, 0x59, 0x31, 0x55, 0x5D, 0x9E, 0x51, 0x31, 0x35, 0xEA, 0x00, 0x2B, 0x46, 0x15, 0x15, 0xFE, 0x10, 0xAD, 0x17, 0x15, 0x15, 0xD5, 0x5D, 0x96, 0xD1, 0x2D, 0xD6, 
	0xD9, 0xD9, 0xD9, 0xD9, 0xD9, 0xD9, 0xD9, 0xD9, 0xD9, 0xD9, 0x51, 0x9C, 0x51, 0x31, 0x0D, 0x5D, 0x9C, 0x41, 0x31, 0x05, 0x5D, 0x9C, 0x59, 0x31, 0x1D, 0x43, 0x42, 0x5D, 0x94, 0xF9, 
	0x8D, 0x14, 0x15, 0x15, 0x5D, 0x9E, 0x10, 0x04, 0x9F, 0x15, 0x15, 0x5D, 0x26, 0xD1, 0x5D, 0x9C, 0x91, 0x31, 0x95, 0x14, 0x15, 0x15, 0x5D, 0xD2, 0x51, 0x31, 0x5D, 0x15, 0x15, 0x15, 
	0x15, 0x5D, 0x98, 0x41, 0x31, 0x5D, 0x5D, 0x9E, 0x99, 0x31, 0xA5, 0x14, 0x15, 0x15, 0xEA, 0x00, 0xDF, 0x44, 0x15, 0x15, 0x9C, 0x51, 0x31, 0x51, 0x96, 0x69, 0x31, 0x51, 0x15, 0x68, 
	0x12, 0x27, 0xD5, 0xFC, 0x76, 0x1D, 0x15, 0x15, 0x5D, 0x9E, 0x59, 0x31, 0x5D, 0xEA, 0x00, 0x98, 0x44, 0x15, 0x15, 0x28, 0x16, 0x14, 0x15, 0x15, 0x61, 0x07, 0x5D, 0x9E, 0x59, 0x31, 
	0x5D, 0xEA, 0x00, 0x66, 0x44, 0x15, 0x15, 0x27, 0xD5, 0xFC, 0x2A, 0x1D, 0x15, 0x15, 0x5D, 0x9E, 0x59, 0x31, 0x5D, 0xFD, 0x6F, 0xE8, 0xEA, 0xEA, 0x5D, 0x9C, 0x51, 0x31, 0x75, 0x5D, 
	0x9E, 0x59, 0x31, 0x5D, 0xFD, 0x65, 0x28, 0x15, 0x15, 0x5D, 0x9C, 0x91, 0x31, 0xB5, 0x15, 0x15, 0x15, 0x5D, 0x96, 0xA9, 0x31, 0xB5, 0x15, 0x15, 0x15, 0x15, 0x61, 0x1F, 0xD2, 0x51, 
	0x31, 0x7D, 0x14, 0x15, 0x15, 0x15, 0xFE, 0x1D, 0xD2, 0x51, 0x31, 0x7D, 0x15, 0x15, 0x15, 0x15, 0x1A, 0xA3, 0x51, 0x31, 0x7D, 0x9D, 0x51, 0x31, 0x55, 0x5D, 0x9E, 0x59, 0x31, 0x5D, 
	0xEA, 0x00, 0x0F, 0x44, 0x15, 0x15, 0x5D, 0x96, 0x69, 0x31, 0x75, 0x15, 0x60, 0x12, 0x27, 0xD5, 0xFC, 0xCB, 0x12, 0x15, 0x15, 0x9E, 0x91, 0x31, 0xD5, 0x14, 0x15, 0x15, 0x9E, 0xC5, 
	0xAC, 0x14, 0x15, 0x15, 0x15, 0xEA, 0x00, 0xDA, 0x45, 0x15, 0x15, 0x5D, 0x9C, 0x91, 0x31, 0x9D, 0x15, 0x15, 0x15, 0x9E, 0x91, 0x31, 0xD5, 0x14, 0x15, 0x15, 0x5D, 0x9E, 0xA9, 0x31, 
	0x9D, 0x15, 0x15, 0x15, 0x5D, 0x9E, 0xA1, 0x31, 0xAD, 0x14, 0x15, 0x15, 0x9E, 0xDD, 0xE6, 0xB1, 0x5D, 0x98, 0x91, 0x31, 0xAD, 0x15, 0x15, 0x15, 0x5D, 0x9E, 0xED, 0x26, 0xD5, 0xAC, 
	0x25, 0x15, 0x15, 0x15, 0xE6, 0xBF, 0x5D, 0x98, 0x81, 0x31, 0xAD, 0x15, 0x15, 0x15, 0x5D, 0x9E, 0x59, 0x31, 0x5D, 0xEA, 0x00, 0xD0, 0x45, 0x15, 0x15, 0x5D, 0xD2, 0x51, 0x31, 0x45, 
	0x15, 0x15, 0x15, 0x15, 0x9E, 0x91, 0x31, 0xD5, 0x14, 0x15, 0x15, 0x10, 0x15, 0x05, 0x15, 0x15, 0x9E, 0xD5, 0x5D, 0x9C, 0x91, 0x31, 0x95, 0x15, 0x15, 0x15, 0xD2, 0x51, 0x31, 0x3D, 
	0x55, 0x15, 0x15, 0x15, 0xD2, 0x51, 0x31, 0x35, 0x15, 0x05, 0x15, 0x15, 0x59, 0x98, 0x99, 0x31, 0x95, 0x15, 0x15, 0x15, 0x50, 0x26, 0xD5, 0x5D, 0x98, 0x41, 0x31, 0x45, 0x5D, 0xD2, 
	0xD4, 0xEA, 0xEA, 0xEA, 0xEA, 0xEA, 0x00, 0x84, 0x45, 0x15, 0x15, 0x9C, 0x51, 0x31, 0x51, 0x96, 0x69, 0x31, 0x51, 0x15, 0x68, 0x10, 0xFC, 0xEC, 0x13, 0x15, 0x15, 0x5D, 0x9E, 0x69, 
	0x31, 0x45, 0x26, 0xD5, 0x5D, 0x9E, 0x99, 0x31, 0x95, 0x15, 0x15, 0x15, 0xE6, 0xBF, 0x5D, 0x9E, 0x51, 0x31, 0x45, 0x5D, 0x10, 0x15, 0x05, 0x15, 0x15, 0x5D, 0x9C, 0x51, 0x31, 0x65, 
	0x9E, 0x91, 0x31, 0xD5, 0x14, 0x15, 0x15, 0x5D, 0x9E, 0x69, 0x31, 0x65, 0x5D, 0x9E, 0xA1, 0x31, 0x9D, 0x15, 0x15, 0x15, 0x9E, 0xDD, 0xE6, 0xB1, 0x26, 0xC7, 0x5D, 0x9E, 0x59, 0x31, 
	0x75, 0xFD, 0xB1, 0xE8, 0xEA, 0xEA, 0x9C, 0x51, 0x31, 0x51, 0x96, 0x69, 0x31, 0x51, 0x15, 0x1A, 0x99, 0x8E, 0x13, 0x15, 0x15, 0x1A, 0xA3, 0x51, 0x31, 0x55, 0x90, 0xD5, 0x1A, 0x91, 
	0x27, 0x17, 0x15, 0x15, 0xD3, 0x91, 0x31, 0xFD, 0x15, 0x15, 0x15, 0x75, 0xD3, 0x91, 0x31, 0xFC, 0x15, 0x15, 0x15, 0xAD, 0xD3, 0x91, 0x31, 0xFF, 0x15, 0x15, 0x15, 0x6D, 0xD3, 0x91, 
	0x31, 0xFE, 0x15, 0x15, 0x15, 0x43, 0xD3, 0x91, 0x31, 0xF9, 0x15, 0x15, 0x15, 0x21, 0xD3, 0x91, 0x31, 0xF8, 0x15, 0x15, 0x15, 0x07, 0xD3, 0x91, 0x31, 0xFB, 0x15, 0x15, 0x15, 0x96, 
	0xD3, 0x91, 0x31, 0xFA, 0x15, 0x15, 0x15, 0xF9, 0xD3, 0x91, 0x31, 0xE5, 0x15, 0x15, 0x15, 0x55, 0xD3, 0x91, 0x31, 0xE4, 0x15, 0x15, 0x15, 0xEA, 0xD3, 0x91, 0x31, 0xE7, 0x15, 0x15, 
	0x15, 0xC5, 0xD3, 0x91, 0x31, 0xE6, 0x15, 0x15, 0x15, 0x96, 0xD3, 0x91, 0x31, 0xE1, 0x15, 0x15, 0x15, 0xD1, 0xD3, 0x91, 0x31, 0xE0, 0x15, 0x15, 0x15, 0x55, 0xD3, 0x91, 0x31, 0xE3, 
	0x15, 0x15, 0x15, 0xAD, 0xD3, 0x91, 0x31, 0xE2, 0x15, 0x15, 0x15, 0x6D, 0xD3, 0x91, 0x31, 0xED, 0x15, 0x15, 0x15, 0x43, 0xD3, 0x91, 0x31, 0xEC, 0x15, 0x15, 0x15, 0x21, 0xD3, 0x91, 
	0x31, 0xEF, 0x15, 0x15, 0x15, 0x07, 0xD3, 0x91, 0x31, 0xEE, 0x15, 0x15, 0x15, 0xD2, 0xD3, 0x91, 0x31, 0xE9, 0x15, 0x15, 0x15, 0x15, 0xD3, 0x91, 0x31, 0xE8, 0x15, 0x15, 0x15, 0x14, 
	0xD3, 0x91, 0x31, 0xEB, 0x15, 0x15, 0x15, 0x15, 0xD3, 0x91, 0x31, 0xEA, 0x15, 0x15, 0x15, 0x15, 0xD3, 0x91, 0x31, 0x15, 0x14, 0x15, 0x15, 0x15, 0xD3, 0x91, 0x31, 0x14, 0x14, 0x15, 
	0x15, 0x74, 0xD3, 0x91, 0x31, 0x17, 0x14, 0x15, 0x15, 0xEA, 0xD3, 0x91, 0x31, 0x16, 0x14, 0x15, 0x15, 0x30, 0xD3, 0x91, 0x31, 0x11, 0x14, 0x15, 0x15, 0x15, 0xD3, 0x91, 0x31, 0x10, 
	0x14, 0x15, 0x15, 0x15, 0xD3, 0x91, 0x31, 0x13, 0x14, 0x15, 0x15, 0x15, 0xD3, 0x91, 0x31, 0x12, 0x14, 0x15, 0x15, 0x15, 0xD3, 0x91, 0x31, 0x1D, 0x14, 0x15, 0x15, 0x15, 0xD3, 0x91, 
	0x31, 0x1C, 0x14, 0x15, 0x15, 0x15, 0xD3, 0x91, 0x31, 0x1F, 0x14, 0x15, 0x15, 0x15, 0xD3, 0x91, 0x31, 0x1E, 0x14, 0x15, 0x15, 0x15, 0xD3, 0x91, 0x31, 0x19, 0x14, 0x15, 0x15, 0x15, 
	0xD3, 0x91, 0x31, 0x18, 0x14, 0x15, 0x15, 0x15, 0xD3, 0x91, 0x31, 0x1B, 0x14, 0x15, 0x15, 0x15, 0xD3, 0x91, 0x31, 0x1A, 0x14, 0x15, 0x15, 0x15, 0x5D, 0x9E, 0x59, 0x31, 0x75, 0xFD, 
	0xDC, 0x2F, 0x15, 0x15, 0x5D, 0x9C, 0x51, 0x31, 0x6D, 0x5D, 0xD2, 0x91, 0x31, 0xBD, 0x15, 0x15, 0x15, 0x15, 0x15, 0x15, 0x15, 0x5D, 0x9E, 0x51, 0x31, 0x6D, 0x5D, 0x10, 0x9D, 0x01, 
	0x15, 0x15, 0x5D, 0x9E, 0x59, 0x31, 0x6D, 0x5D, 0x94, 0xD4, 0x9D, 0x01, 0x15, 0x15, 0x5D, 0x98, 0x81, 0x31, 0xBD, 0x15, 0x15, 0x15, 0x5D, 0x9C, 0x41, 0x31, 0x25, 0xD3, 0x51, 0x31, 
	0x3D, 0x14, 0x5D, 0xD2, 0x51, 0x31, 0x35, 0x1D, 0x15, 0x15, 0x15, 0x59, 0x9E, 0xDD, 0x59, 0x9E, 0x51, 0x31, 0x5D, 0x5D, 0x9E, 0xC4, 0x5D, 0x9E, 0x59, 0x31, 0x5D, 0xEA, 0x00, 0x88, 
	0x5B, 0x15, 0x15, 0x5D, 0x9E, 0x51, 0x31, 0x6D, 0x5D, 0x9E, 0x95, 0x9D, 0x01, 0x15, 0x15, 0x5D, 0x9C, 0x91, 0x31, 0x85, 0x15, 0x15, 0x15, 0xAD, 0x14, 0x15, 0x15, 0x15, 0x5D, 0x7E, 
	0xD5, 0x17, 0x9E, 0x59, 0x31, 0x65, 0x9C, 0x99, 0x11, 0xFD, 0x15, 0x15, 0x15, 0x5D, 0x9E, 0x51, 0x31, 0x65, 0x5D, 0x10, 0x15, 0x10, 0x15, 0x15, 0xAC, 0x14, 0x15, 0x15, 0x15, 0x5D, 
	0x7E, 0xDC, 0x1A, 0x9C, 0x91, 0x19, 0xFD, 0x15, 0x15, 0x15, 0xAD, 0x14, 0x15, 0x15, 0x15, 0x5D, 0x7E, 0xD5, 0x35, 0x5D, 0x9E, 0x99, 0x31, 0x85, 0x15, 0x15, 0x15, 0x9E, 0x9C, 0xA9, 
	0x15, 0x15, 0x15, 0x9C, 0x99, 0x11, 0xFD, 0x15, 0x15, 0x15, 0x5D, 0x98, 0x91, 0x31, 0xFD, 0x15, 0x15, 0x15, 0x5D, 0x9E, 0x69, 0x31, 0x45, 0x5D, 0x9E, 0xE5, 0xAC, 0x3D, 0x15, 0x15, 
	0x15, 0xE6, 0xB1, 0x5D, 0x9E, 0x91, 0x31, 0x85, 0x15, 0x15, 0x15, 0x9E, 0x59, 0x31, 0x45, 0x9C, 0x9D, 0xA9, 0x15, 0x15, 0x15, 0xFC, 0xC9, 0x16, 0x15, 0x15, 0xD3, 0x91, 0x31, 0x05, 
	0x14, 0x15, 0x15, 0x45, 0xD3, 0x91, 0x31, 0x04, 0x14, 0x15, 0x15, 0x44, 0xD3, 0x91, 0x31, 0x07, 0x14, 0x15, 0x15, 0x47, 0xD3, 0x91, 0x31, 0x06, 0x14, 0x15, 0x15, 0x46, 0xD3, 0x91, 
	0x31, 0x01, 0x14, 0x15, 0x15, 0x40, 0xD3, 0x91, 0x31, 0x00, 0x14, 0x15, 0x15, 0x43, 0xD3, 0x91, 0x31, 0x03, 0x14, 0x15, 0x15, 0x42, 0xD3, 0x91, 0x31, 0x02, 0x14, 0x15, 0x15, 0x54, 
	0xD3, 0x91, 0x31, 0x0D, 0x14, 0x15, 0x15, 0x45, 0xD3, 0x91, 0x31, 0x0C, 0x14, 0x15, 0x15, 0x54, 0xD3, 0x91, 0x31, 0x0F, 0x14, 0x15, 0x15, 0x44, 0xD3, 0x91, 0x31, 0x0E, 0x14, 0x15, 
	0x15, 0x54, 0xD3, 0x91, 0x31, 0x09, 0x14, 0x15, 0x15, 0x47, 0xD3, 0x91, 0x31, 0x08, 0x14, 0x15, 0x15, 0x54, 0xD3, 0x91, 0x31, 0x0B, 0x14, 0x15, 0x15, 0x46, 0xD3, 0x91, 0x31, 0x0A, 
	0x14, 0x15, 0x15, 0x54, 0xD3, 0x91, 0x31, 0x35, 0x14, 0x15, 0x15, 0x41, 0xD3, 0x91, 0x31, 0x34, 0x14, 0x15, 0x15, 0x54, 0xD3, 0x91, 0x31, 0x37, 0x14, 0x15, 0x15, 0x40, 0xD3, 0x91, 
	0x31, 0x36, 0x14, 0x15, 0x15, 0x54, 0xD3, 0x91, 0x31, 0x31, 0x14, 0x15, 0x15, 0x43, 0xD3, 0x91, 0x31, 0x30, 0x14, 0x15, 0x15, 0x54, 0xD3, 0x91, 0x31, 0x33, 0x14, 0x15, 0x15, 0x42, 
	0xD3, 0x91, 0x31, 0x32, 0x14, 0x15, 0x15, 0x5D, 0xD3, 0x91, 0x31, 0x3D, 0x14, 0x15, 0x15, 0xAD, 0xD3, 0x91, 0x31, 0x3C, 0x14, 0x15, 0x15, 0x8C, 0xD3, 0x91, 0x31, 0x3F, 0x14, 0x15, 
	0x15, 0x9C, 0xD3, 0x91, 0x31, 0x3E, 0x14, 0x15, 0x15, 0x72, 0xD3, 0x91, 0x31, 0x39, 0x14, 0x15, 0x15, 0x50, 0xD3, 0x91, 0x31, 0x38, 0x14, 0x15, 0x15, 0x36, 0xD3, 0x91, 0x31, 0x3B, 
	0x14, 0x15, 0x15, 0x14, 0xD3, 0x91, 0x31, 0x3A, 0x14, 0x15, 0x15, 0x15, 0xD3, 0x91, 0x31, 0x25, 0x14, 0x15, 0x15, 0x15, 0xD3, 0x91, 0x31, 0x24, 0x14, 0x15, 0x15, 0x5D, 0xD3, 0x91, 
	0x31, 0x27, 0x14, 0x15, 0x15, 0x94, 0xD3, 0x91, 0x31, 0x26, 0x14, 0x15, 0x15, 0xF9, 0xD3, 0x91, 0x31, 0x21, 0x14, 0x15, 0x15, 0xB5, 0xD3, 0x91, 0x31, 0x20, 0x14, 0x15, 0x15, 0x15, 
	0xD3, 0x91, 0x31, 0x23, 0x14, 0x15, 0x15, 0x15, 0xD3, 0x91, 0x31, 0x22, 0x14, 0x15, 0x15, 0x15, 0xD3, 0x91, 0x31, 0x2D, 0x14, 0x15, 0x15, 0xEA, 0xD3, 0x91, 0x31, 0x2C, 0x14, 0x15, 
	0x15, 0xC5, 0xD3, 0x91, 0x31, 0x2F, 0x14, 0x15, 0x15, 0x5D, 0xD3, 0x91, 0x31, 0x2E, 0x14, 0x15, 0x15, 0x94, 0xD3, 0x91, 0x31, 0x29, 0x14, 0x15, 0x15, 0xD1, 0xD3, 0x91, 0x31, 0x28, 
	0x14, 0x15, 0x15, 0xB5, 0xD3, 0x91, 0x31, 0x2B, 0x14, 0x15, 0x15, 0x15, 0xD3, 0x91, 0x31, 0x2A, 0x14, 0x15, 0x15, 0x15, 0xD3, 0x91, 0x31, 0x55, 0x14, 0x15, 0x15, 0x15, 0xD3, 0x91, 
	0x31, 0x54, 0x14, 0x15, 0x15, 0x54, 0xD3, 0x91, 0x31, 0x57, 0x14, 0x15, 0x15, 0x4A, 0xD3, 0x91, 0x31, 0x56, 0x14, 0x15, 0x15, 0x54, 0xD3, 0x91, 0x31, 0x51, 0x14, 0x15, 0x15, 0x4B, 
	0xD3, 0x91, 0x31, 0x50, 0x14, 0x15, 0x15, 0x54, 0xD3, 0x91, 0x31, 0x53, 0x14, 0x15, 0x15, 0x48, 0xD3, 0x91, 0x31, 0x52, 0x14, 0x15, 0x15, 0x54, 0xD3, 0x91, 0x31, 0x5D, 0x14, 0x15, 
	0x15, 0x49, 0xD3, 0x91, 0x31, 0x5C, 0x14, 0x15, 0x15, 0x54, 0xD3, 0x91, 0x31, 0x5F, 0x14, 0x15, 0x15, 0x4E, 0xD3, 0x91, 0x31, 0x5E, 0x14, 0x15, 0x15, 0x54, 0xD3, 0x91, 0x31, 0x59, 
	0x14, 0x15, 0x15, 0x4F, 0xD3, 0x91, 0x31, 0x58, 0x14, 0x15, 0x15, 0x54, 0xD3, 0x91, 0x31, 0x5B, 0x14, 0x15, 0x15, 0x4C, 0xD3, 0x91, 0x31, 0x5A, 0x14, 0x15, 0x15, 0x54, 0xD3, 0x91, 
	0x31, 0x45, 0x14, 0x15, 0x15, 0x4D, 0xD3, 0x91, 0x31, 0x44, 0x14, 0x15, 0x15, 0x4A, 0xD3, 0x91, 0x31, 0x47, 0x14, 0x15, 0x15, 0x4B, 0xD3, 0x91, 0x31, 0x46, 0x14, 0x15, 0x15, 0x48, 
	0xD3, 0x91, 0x31, 0x41, 0x14, 0x15, 0x15, 0x4E, 0xD3, 0x91, 0x31, 0x40, 0x14, 0x15, 0x15, 0x4F, 0xD3, 0x91, 0x31, 0x43, 0x14, 0x15, 0x15, 0x4C, 0xD3, 0x91, 0x31, 0x42, 0x14, 0x15, 
	0x15, 0x5D, 0xD3, 0x91, 0x31, 0x4D, 0x14, 0x15, 0x15, 0xAD, 0xD3, 0x91, 0x31, 0x4C, 0x14, 0x15, 0x15, 0x9C, 0xD3, 0x91, 0x31, 0x4F, 0x14, 0x15, 0x15, 0x72, 0xD3, 0x91, 0x31, 0x4E, 
	0x14, 0x15, 0x15, 0x50, 0xD3, 0x91, 0x31, 0x49, 0x14, 0x15, 0x15, 0x36, 0xD3, 0x91, 0x31, 0x48, 0x14, 0x15, 0x15, 0x14, 0xD3, 0x91, 0x31, 0x4B, 0x14, 0x15, 0x15, 0x15, 0xD3, 0x91, 
	0x31, 0x4A, 0x14, 0x15, 0x15, 0x15, 0xD3, 0x91, 0x31, 0x75, 0x14, 0x15, 0x15, 0x15, 0xD3, 0x91, 0x31, 0x74, 0x14, 0x15, 0x15, 0x5D, 0xD3, 0x91, 0x31, 0x77, 0x14, 0x15, 0x15, 0xD2, 
	0xD3, 0x91, 0x31, 0x76, 0x14, 0x15, 0x15, 0x15, 0xD3, 0x91, 0x31, 0x71, 0x14, 0x15, 0x15, 0x14, 0xD3, 0x91, 0x31, 0x70, 0x14, 0x15, 0x15, 0x15, 0xD3, 0x91, 0x31, 0x73, 0x14, 0x15, 
	0x15, 0x15, 0xD3, 0x91, 0x31, 0x72, 0x14, 0x15, 0x15, 0x15, 0xD3, 0x91, 0x31, 0x7D, 0x14, 0x15, 0x15, 0x4D, 0xD3, 0x91, 0x31, 0x7C, 0x14, 0x15, 0x15, 0xEA, 0xD3, 0x91, 0x31, 0x7F, 
	0x14, 0x15, 0x15, 0x30, 0xD3, 0x91, 0x31, 0x7E, 0x14, 0x15, 0x15, 0x15, 0xD3, 0x91, 0x31, 0x79, 0x14, 0x15, 0x15, 0x15, 0xD3, 0x91, 0x31, 0x78, 0x14, 0x15, 0x15, 0x15, 0xD3, 0x91, 
	0x31, 0x7B, 0x14, 0x15, 0x15, 0x15, 0xD3, 0x91, 0x31, 0x7A, 0x14, 0x15, 0x15, 0x15, 0xD3, 0x91, 0x31, 0x65, 0x14, 0x15, 0x15, 0x15, 0xD3, 0x91, 0x31, 0x64, 0x14, 0x15, 0x15, 0x15, 
	0xD3, 0x91, 0x31, 0x67, 0x14, 0x15, 0x15, 0x15, 0xD3, 0x91, 0x31, 0x66, 0x14, 0x15, 0x15, 0x15, 0xD3, 0x91, 0x31, 0x61, 0x14, 0x15, 0x15, 0x15, 0xD3, 0x91, 0x31, 0x60, 0x14, 0x15, 
	0x15, 0x15, 0xD3, 0x91, 0x31, 0x63, 0x14, 0x15, 0x15, 0x15, 0x5D, 0x9E, 0x51, 0x31, 0x75, 0x5D, 0x9E, 0x55, 0x3D, 0x5D, 0x9C, 0x91, 0x31, 0xA5, 0x15, 0x15, 0x15, 0x5D, 0x9E, 0x91, 
	0x31, 0xA5, 0x15, 0x15, 0x15, 0x5D, 0x38, 0x85, 0x14, 0x15, 0x15, 0x5D, 0x9C, 0x91, 0x31, 0x8D, 0x15, 0x15, 0x15, 0xAD, 0x14, 0x15, 0x15, 0x15, 0x5D, 0x7E, 0xD5, 0x0C, 0x5D, 0x9E, 
	0x59, 0x31, 0x65, 0x5D, 0x9C, 0x99, 0x11, 0x05, 0x14, 0x15, 0x15, 0x5D, 0x9E, 0x51, 0x31, 0x45, 0x5D, 0x10, 0x15, 0x10, 0x15, 0x15, 0xAC, 0x14, 0x15, 0x15, 0x15, 0x5D, 0x7E, 0xDC, 
	0x5C, 0x5D, 0x9C, 0x91, 0x19, 0x05, 0x14, 0x15, 0x15, 0xAD, 0x14, 0x15, 0x15, 0x15, 0x5D, 0x7E, 0xD5, 0x4A, 0x5D, 0x9E, 0x99, 0x31, 0x8D, 0x15, 0x15, 0x15, 0x5D, 0x9E, 0x9C, 0x7D, 
	0x14, 0x15, 0x15, 0x5D, 0x9C, 0x99, 0x11, 0x05, 0x14, 0x15, 0x15, 0x5D, 0x98, 0x91, 0x31, 0x05, 0x14, 0x15, 0x15, 0x5D, 0x9E, 0x69, 0x31, 0x45, 0x5D, 0x9E, 0xE5, 0xAC, 0x72, 0x15, 
	0x15, 0x15, 0xE6, 0xB1, 0x5D, 0x9E, 0x91, 0x31, 0x8D, 0x15, 0x15, 0x15, 0x5D, 0x9E, 0x59, 0x31, 0x45, 0x5D, 0x9C, 0x9D, 0x7D, 0x14, 0x15, 0x15, 0xAF, 0x2D, 0x15, 0x15, 0x15, 0x26, 
	0xDC, 0xEA, 0x00, 0xB8, 0x5C, 0x15, 0x15, 0x5D, 0x9C, 0x51, 0x31, 0x4D, 0x5D, 0x9E, 0x51, 0x31, 0x45, 0x5D, 0x10, 0x15, 0x10, 0x15, 0x15, 0x5D, 0x9E, 0x59, 0x31, 0x4D, 0x5D, 0x9C, 
	0x54, 0x3D, 0x5D, 0x9E, 0x51, 0x31, 0x4D, 0x5D, 0x9E, 0x99, 0x31, 0xA5, 0x14, 0x15, 0x15, 0x5D, 0x9C, 0x5D, 0x35, 0x5D, 0x9E, 0x51, 0x31, 0x4D, 0x5D, 0x9E, 0x99, 0x31, 0x95, 0x15, 
	0x15, 0x15, 0x5D, 0x9C, 0x5D, 0x25, 0x5D, 0x9E, 0x51, 0x31, 0x4D, 0x59, 0x9E, 0x51, 0x31, 0x4D, 0x5D, 0x98, 0x00, 0x14, 0xE7, 0xEA, 0xEA, 0x5D, 0x9E, 0xDD, 0xFD, 0xAC, 0xE6, 0xEA, 
	0xEA, 0x5D, 0x9E, 0x51, 0x31, 0x4D, 0xAF, 0x14, 0x15, 0x15, 0x15, 0x5D, 0x9E, 0xDD, 0xEA, 0x00, 0x43, 0x5C, 0x15, 0x15, 0x26, 0xC7, 0x5D, 0x9E, 0x59, 0x31, 0x75, 0xFD, 0x6F, 0xE3, 
	0xEA, 0xEA, 0x26, 0xD5, 0x90, 0xD5, 0x1A, 0x90, 0xDF, 0xED, 0xEA, 0xEA, 0x5D, 0x98, 0x99, 0x31, 0xAD, 0x15, 0x15, 0x15, 0xEA, 0x00, 0x7F, 0x5C, 0x15, 0x15, 0x5D, 0x9E, 0x59, 0x31, 
	0x75, 0xEA, 0x00, 0x2A, 0x5C, 0x15, 0x15, 0x26, 0xC7, 0x5D, 0x9E, 0x99, 0x31, 0x9D, 0x15, 0x15, 0x15, 0xEA, 0x00, 0x1A, 0x5C, 0x15, 0x15, 0xA5, 0x14, 0x5D, 0x9E, 0x99, 0x31, 0x95, 
	0x14, 0x15, 0x15, 0x5D, 0x26, 0xD9, 0xFD, 0x60, 0x21, 0x15, 0x15, 0x5D, 0x94, 0xD1, 0x8D, 0x14, 0x15, 0x15, 0x4A, 0x4B, 0xD6, 0xD9, 0xD9, 0xD9, 0xD9, 0xD9, 0xD9, 0xD9, 0xD9, 0xD9, 
	0xD9, 0xD9, 0x59, 0x9C, 0x59, 0x31, 0x35, 0x59, 0x9C, 0x51, 0x31, 0x0D, 0x5D, 0x9C, 0x41, 0x31, 0x05, 0x5D, 0x9C, 0x59, 0x31, 0x1D, 0x42, 0x5D, 0x94, 0xF9, 0xC5, 0x15, 0x15, 0x15, 
	0x5D, 0x9E, 0x10, 0x38, 0x94, 0x15, 0x15, 0x5D, 0x26, 0xD1, 0x5D, 0x9C, 0x91, 0x31, 0xD5, 0x15, 0x15, 0x15, 0xD2, 0x51, 0x31, 0x75, 0x14, 0x15, 0x15, 0xD5, 0x5D, 0x98, 0x91, 0x31, 
	0x85, 0x15, 0x15, 0x15, 0x5D, 0x9E, 0xED, 0x26, 0xD5, 0xAC, 0x25, 0x15, 0x15, 0x15, 0xE6, 0xBF, 0x5D, 0xD2, 0x51, 0x31, 0x65, 0x15, 0x15, 0x15, 0x15, 0x5D, 0xD2, 0x91, 0x31, 0x9D, 
	0x15, 0x15, 0x15, 0x1D, 0x15, 0x15, 0x15, 0x5D, 0xD2, 0x51, 0x31, 0x7D, 0x15, 0x15, 0x15, 0x15, 0xFD, 0xD6, 0x14, 0x15, 0x15, 0x5D, 0x9C, 0x51, 0x31, 0x6D, 0x5D, 0x96, 0x69, 0x31, 
	0x6D, 0x15, 0x60, 0x35, 0x51, 0x9E, 0x59, 0x31, 0x75, 0x59, 0x98, 0x10, 0xFF, 0x22, 0x15, 0x15, 0x26, 0xC7, 0xAC, 0x58, 0x15, 0x15, 0x15, 0xEA, 0x00, 0x30, 0x5D, 0x15, 0x15, 0x27, 
	0xD5, 0xFC, 0x2B, 0x14, 0x15, 0x15, 0x5D, 0x98, 0x41, 0x31, 0x65, 0x5D, 0x9E, 0x99, 0x31, 0xF5, 0x15, 0x15, 0x15, 0xEA, 0x00, 0x96, 0x5D, 0x15, 0x15, 0x9C, 0x51, 0x31, 0x75, 0x96, 
	0x69, 0x31, 0x75, 0x15, 0x68, 0x12, 0x27, 0xD5, 0xFC, 0x0C, 0x14, 0x15, 0x15, 0x5D, 0x9E, 0x59, 0x31, 0x65, 0xEA, 0x00, 0x2B, 0x5D, 0x15, 0x15, 0x5D, 0x98, 0x81, 0x31, 0x85, 0x15, 
	0x15, 0x15, 0x5D, 0x9E, 0x59, 0x31, 0x65, 0xEA, 0x00, 0x56, 0x5D, 0x15, 0x15, 0x5D, 0x9E, 0x51, 0x31, 0x6D, 0x5D, 0x9C, 0x91, 0x31, 0x95, 0x15, 0x15, 0x15, 0x5D, 0xD2, 0x51, 0x31, 
	0x45, 0x15, 0x15, 0x15, 0x15, 0x5D, 0xD2, 0x51, 0x31, 0x5D, 0x15, 0x15, 0x35, 0x15, 0x5D, 0xD2, 0x51, 0x31, 0x55, 0x15, 0x15, 0x05, 0x15, 0x5D, 0xD2, 0x51, 0x31, 0x2D, 0x15, 0x15, 
	0x15, 0x15, 0xD2, 0x51, 0x31, 0x25, 0x15, 0x15, 0x15, 0x15, 0x5D, 0x9E, 0x91, 0x31, 0xE5, 0x15, 0x15, 0x15, 0x5D, 0x9C, 0x51, 0x31, 0x3D, 0x5D, 0x9E, 0x91, 0x31, 0xFD, 0x15, 0x15, 
	0x15, 0x5D, 0x9C, 0x51, 0x31, 0x35, 0x5C, 0xD2, 0xD4, 0xEA, 0xEA, 0xEA, 0xEA, 0x50, 0x26, 0xD5, 0xAF, 0xEA, 0xEA, 0x0A, 0x15, 0x5D, 0x98, 0x59, 0x31, 0x7D, 0x5D, 0x9E, 0x91, 0x31, 
	0x95, 0x15, 0x15, 0x15, 0xEA, 0x00, 0xE3, 0x5D, 0x15, 0x15, 0x9C, 0x51, 0x31, 0x75, 0x96, 0x69, 0x31, 0x75, 0x15, 0x68, 0x0E, 0x51, 0x9E, 0x59, 0x31, 0x75, 0x59, 0x98, 0x10, 0x22, 
	0x22, 0x15, 0x15, 0x26, 0xC7, 0xAC, 0x58, 0x15, 0x15, 0x15, 0xEA, 0x00, 0x57, 0x52, 0x15, 0x15, 0xFE, 0x45, 0x5D, 0x96, 0x69, 0x31, 0x7D, 0x15, 0x61, 0x2B, 0x5D, 0xD2, 0x51, 0x31, 
	0x3D, 0x15, 0x15, 0x15, 0x15, 0x5D, 0x9E, 0x91, 0x31, 0xED, 0x15, 0x15, 0x15, 0x5D, 0x9C, 0x51, 0x31, 0x35, 0x50, 0x26, 0xDC, 0x5D, 0x9E, 0x10, 0xD5, 0x52, 0x15, 0x15, 0x59, 0x9E, 
	0x15, 0xAF, 0xEA, 0xEA, 0x0A, 0x15, 0x5D, 0x9E, 0x59, 0x31, 0x7D, 0xEA, 0x00, 0x58, 0x52, 0x15, 0x15, 0x5D, 0x9E, 0x59, 0x31, 0x7D, 0xEA, 0x00, 0xA7, 0x52, 0x15, 0x15, 0x26, 0xD5, 
	0x90, 0xD5, 0x1A, 0x90, 0x00, 0xEA, 0xEA, 0xEA, 0x5D, 0x98, 0x99, 0x31, 0x85, 0x15, 0x15, 0x15, 0xEA, 0x00, 0x47, 0x52, 0x15, 0x15, 0xA5, 0x14, 0x5D, 0x9E, 0x99, 0x31, 0xD5, 0x15, 
	0x15, 0x15, 0x5D, 0x26, 0xD9, 0xFD, 0x6D, 0x27, 0x15, 0x15, 0x5D, 0x94, 0xD1, 0xC5, 0x15, 0x15, 0x15, 0x4A, 0xD6, 0xD9, 0xD9, 0xD9, 0xD9, 0xD9, 0xD9, 0xD9, 0xD9, 0xD9, 0xD9, 0xD9, 
	0xD9, 0xD9, 0xD9, 0xD9, 0x59, 0x9C, 0x51, 0x31, 0x0D, 0x5D, 0x9C, 0x41, 0x31, 0x05, 0x5D, 0x9C, 0x59, 0x31, 0x1D, 0x5D, 0x96, 0xF9, 0x3D, 0xAC, 0x16, 0x15, 0x15, 0x15, 0xFD, 0x76, 
	0x05, 0x15, 0x15, 0x5D, 0x96, 0xD1, 0x3D, 0xD6, 0xD9, 0xD9, 0xD9, 0xD9, 0xD9, 0xD9, 0xD9, 0xD9, 0xD9, 0xD9, 0xD9, 0xD9, 0xD9, 0xD9, 0x55, 0x42, 0x5D, 0x96, 0xF9, 0x55, 0x5D, 0x96, 
	0x28, 0x9F, 0x6A, 0x15, 0x15, 0x15, 0x61, 0x19, 0x5D, 0x9E, 0x10, 0x94, 0x6A, 0x15, 0x15, 0xFC, 0xC5, 0x15, 0x15, 0x15, 0x5D, 0x98, 0x51, 0x31, 0x25, 0x5D, 0x9E, 0xED, 0x26, 0xD5, 
	0xAC, 0x05, 0x15, 0x15, 0x15, 0xE6, 0xBF, 0x5D, 0x98, 0x00, 0xD9, 0x20, 0x15, 0x15, 0x5D, 0x98, 0x59, 0x31, 0x25, 0xEA, 0x00, 0x4C, 0x53, 0x15, 0x15, 0x5D, 0x98, 0x59, 0x31, 0x25, 
	0xEA, 0x00, 0x43, 0x53, 0x15, 0x15, 0x5D, 0x9C, 0x51, 0x31, 0x3D, 0x5D, 0x9E, 0x51, 0x31, 0x3D, 0x5D, 0x96, 0xD5, 0x10, 0x5D, 0x9C, 0x51, 0x31, 0x3D, 0xD2, 0x51, 0x31, 0x35, 0x15, 
	0x15, 0x15, 0x15, 0xFE, 0x1F, 0x9E, 0x51, 0x31, 0x35, 0xEA, 0xD5, 0x9C, 0x51, 0x31, 0x35, 0x96, 0x69, 0x31, 0x35, 0x25, 0x68, 0x4A, 0x5D, 0x76, 0x51, 0x31, 0x35, 0x5D, 0x9E, 0x59, 
	0x31, 0x3D, 0x1A, 0xA3, 0x11, 0x14, 0x96, 0xED, 0x5D, 0x60, 0x5F, 0x9E, 0x51, 0x31, 0x35, 0xEA, 0xD5, 0x5D, 0x8D, 0x5D, 0x9E, 0x59, 0x31, 0x3D, 0x1A, 0xA3, 0x11, 0x14, 0x28, 0x9E, 
	0x15, 0x15, 0x15, 0x60, 0x27, 0x9E, 0x51, 0x31, 0x35, 0x96, 0xD5, 0x17, 0x5D, 0x8D, 0x5D, 0x9E, 0x59, 0x31, 0x3D, 0x1A, 0xA3, 0x11, 0x14, 0x28, 0xD1, 0x15, 0x15, 0x15, 0x60, 0x0C, 
	0x5D, 0x76, 0x51, 0x31, 0x35, 0x5D, 0x9E, 0x59, 0x31, 0x3D, 0x5D, 0x16, 0xDD, 0x5D, 0x9E, 0xD4, 0x5D, 0x9C, 0x10, 0xD0, 0x6B, 0x15, 0x15, 0xFE, 0x17, 0xFE, 0x85, 0x5D, 0x96, 0x28, 
	0xAC, 0x6B, 0x15, 0x15, 0x15, 0x60, 0x11, 0x26, 0xD5, 0xFE, 0x12, 0x5D, 0x9E, 0x10, 0xB9, 0x6B, 0x15, 0x15, 0x5D, 0x96, 0xD1, 0x55, 0x4A, 0xD6, 0xD9, 0xD9, 0xD9, 0xD9, 0xD9, 0xD9, 
	0xD9, 0xD9, 0xD9, 0xD9, 0xD9, 0xD9, 0xD9, 0xD9, 0x55, 0x42, 0x5D, 0x94, 0xF9, 0x65, 0x14, 0x15, 0x15, 0x5D, 0x9E, 0x10, 0x05, 0x6B, 0x15, 0x15, 0x5D, 0x26, 0xD1, 0x5D, 0x9C, 0x91, 
	0x31, 0x75, 0x14, 0x15, 0x15, 0x96, 0x28, 0x73, 0x6B, 0x15, 0x15, 0x15, 0x61, 0x1E, 0x9E, 0x10, 0x4B, 0x6B, 0x15, 0x15, 0xFC, 0x55, 0x14, 0x15, 0x15, 0x5D, 0x98, 0x59, 0x31, 0x55, 
	0xEA, 0x00, 0x53, 0x50, 0x15, 0x15, 0x5D, 0x98, 0x51, 0x31, 0x25, 0x5D, 0x9E, 0xED, 0x26, 0xD5, 0xAC, 0x05, 0x15, 0x15, 0x15, 0xE6, 0xBF, 0x5D, 0x98, 0x00, 0x1B, 0x21, 0x15, 0x15, 
	0x5D, 0x98, 0x59, 0x31, 0x25, 0xEA, 0x00, 0x2E, 0x50, 0x15, 0x15, 0x5D, 0x98, 0x59, 0x31, 0x25, 0xEA, 0x00, 0x2D, 0x50, 0x15, 0x15, 0x5D, 0x9C, 0x51, 0x31, 0x3D, 0xD2, 0x51, 0x31, 
	0x31, 0x15, 0x15, 0x15, 0x15, 0xD2, 0x51, 0x31, 0x35, 0x15, 0x15, 0x15, 0x15, 0xFE, 0x1F, 0x9E, 0x51, 0x31, 0x35, 0xEA, 0xD5, 0x9C, 0x51, 0x31, 0x35, 0x96, 0x69, 0x31, 0x35, 0x71, 
	0x1A, 0x98, 0x85, 0x15, 0x15, 0x15, 0x5D, 0x76, 0x51, 0x31, 0x35, 0x5D, 0x9E, 0x59, 0x31, 0x3D, 0x1A, 0xA3, 0x11, 0x14, 0x28, 0xD6, 0x15, 0x15, 0x15, 0x60, 0x63, 0x9E, 0x51, 0x31, 
	0x35, 0xEA, 0xD5, 0x5D, 0x8D, 0x5D, 0x9E, 0x59, 0x31, 0x3D, 0x1A, 0xA3, 0x11, 0x14, 0x28, 0xD9, 0x15, 0x15, 0x15, 0x61, 0x0D, 0x9E, 0x51, 0x31, 0x35, 0xEA, 0xD5, 0x5D, 0x8D, 0x5D, 
	0x9E, 0x59, 0x31, 0x3D, 0x1A, 0xA3, 0x11, 0x14, 0x28, 0x85, 0x15, 0x15, 0x15, 0x60, 0x53, 0x9E, 0x51, 0x31, 0x35, 0x96, 0xD5, 0x17, 0x5D, 0x8D, 0x5D, 0x9E, 0x59, 0x31, 0x3D, 0x1A, 
	0xA3, 0x11, 0x14, 0x28, 0xD9, 0x15, 0x15, 0x15, 0x61, 0x0C, 0x9E, 0x51, 0x31, 0x35, 0x96, 0xD5, 0x17, 0x5D, 0x8D, 0x5D, 0x9E, 0x59, 0x31, 0x3D, 0x1A, 0xA3, 0x11, 0x14, 0x28, 0x85, 
	0x15, 0x15, 0x15, 0x60, 0x01, 0x5D, 0x76, 0x51, 0x31, 0x35, 0x5D, 0x9E, 0x59, 0x31, 0x3D, 0x9E, 0x51, 0x14, 0xE9, 0x9C, 0x51, 0x31, 0x31, 0xFE, 0x10, 0xFC, 0x4E, 0xEA, 0xEA, 0xEA, 
	0x96, 0x69, 0x31, 0x31, 0x15, 0x60, 0x11, 0x26, 0xD5, 0xFE, 0x55, 0x94, 0x69, 0x31, 0x59, 0xA5, 0x08, 0x15, 0x15, 0x61, 0x01, 0x94, 0x69, 0x31, 0x59, 0xA4, 0x08, 0x15, 0x15, 0x61, 
	0x1F, 0x94, 0x69, 0x31, 0x59, 0xBE, 0x2A, 0x15, 0x15, 0x67, 0x1A, 0x9E, 0x51, 0x31, 0x31, 0x96, 0xD5, 0x7D, 0x9C, 0x10, 0x3B, 0x68, 0x15, 0x15, 0xFE, 0x18, 0x9E, 0x51, 0x31, 0x31, 
	0x96, 0xD5, 0x75, 0x9C, 0x10, 0x0A, 0x68, 0x15, 0x15, 0x9E, 0x10, 0x0C, 0x68, 0x15, 0x15, 0x5D, 0x9E, 0x99, 0x31, 0x75, 0x14, 0x15, 0x15, 0x5D, 0x26, 0xD9, 0xFD, 0xA4, 0x3A, 0x15, 
	0x15, 0x5D, 0x94, 0xD1, 0x65, 0x14, 0x15, 0x15, 0x4A, 0xD6, 0xD9, 0xD9, 0xD9, 0xD9, 0xD9, 0xD9, 0xD9, 0xD9, 0x55, 0x42, 0x5D, 0x96, 0xF9, 0x45, 0x5D, 0x96, 0x28, 0xE7, 0x69, 0x15, 
	0x15, 0x15, 0x61, 0x19, 0x5D, 0x9E, 0x10, 0xFC, 0x69, 0x15, 0x15, 0xFC, 0x3B, 0x14, 0x15, 0x15, 0x5D, 0x98, 0x51, 0x31, 0x2D, 0x5D, 0x9E, 0xED, 0x26, 0xD5, 0xAC, 0x05, 0x15, 0x15, 
	0x15, 0xE6, 0xBF, 0x5D, 0x98, 0x00, 0xA9, 0x27, 0x15, 0x15, 0x5D, 0x98, 0x59, 0x31, 0x2D, 0xEA, 0x00, 0xDC, 0x56, 0x15, 0x15, 0x5D, 0x98, 0x59, 0x31, 0x2D, 0xEA, 0x00, 0xD3, 0x56, 
	0x15, 0x15, 0x5D, 0x9C, 0x51, 0x31, 0x3D, 0x5D, 0x96, 0x69, 0x31, 0x3D, 0x15, 0x60, 0x37, 0x5D, 0x98, 0x00, 0xC7, 0x27, 0x15, 0x15, 0x5D, 0x98, 0x59, 0x31, 0x2D, 0xEA, 0x00, 0x8A, 
	0x56, 0x15, 0x15, 0x5D, 0x98, 0x59, 0x31, 0x2D, 0xEA, 0x00, 0x89, 0x56, 0x15, 0x15, 0x5D, 0x9C, 0x51, 0x31, 0x3D, 0xD2, 0x51, 0x31, 0x31, 0x15, 0x15, 0x15, 0x15, 0xD2, 0x51, 0x31, 
	0x35, 0x15, 0x15, 0x15, 0x15, 0xFE, 0x1F, 0x9E, 0x51, 0x31, 0x35, 0xEA, 0xD5, 0x9C, 0x51, 0x31, 0x35, 0x96, 0x69, 0x31, 0x35, 0x71, 0x1A, 0x98, 0xB6, 0x15, 0x15, 0x15, 0x5D, 0x76, 
	0x51, 0x31, 0x35, 0x5D, 0x9E, 0x59, 0x31, 0x3D, 0x1A, 0xA3, 0x11, 0x14, 0x28, 0xE5, 0x15, 0x15, 0x15, 0x1A, 0x90, 0x90, 0x15, 0x15, 0x15, 0x9E, 0x51, 0x31, 0x35, 0xEA, 0xD5, 0x5D, 
	0x8D, 0x5D, 0x9E, 0x59, 0x31, 0x3D, 0x1A, 0xA3, 0x11, 0x14, 0x96, 0xED, 0x1A, 0x60, 0x7A, 0x9E, 0x51, 0x31, 0x35, 0x96, 0xD5, 0x17, 0x5D, 0x8D, 0x5D, 0x9E, 0x59, 0x31, 0x3D, 0x1A, 
	0xA3, 0x11, 0x14, 0x28, 0xAF, 0x15, 0x15, 0x15, 0x60, 0x43, 0x9E, 0x51, 0x31, 0x35, 0x96, 0xD5, 0x16, 0x5D, 0x8D, 0x5D, 0x9E, 0x59, 0x31, 0x3D, 0x1A, 0xA3, 0x11, 0x14, 0x96, 0xED, 
	0x38, 0x60, 0x2A, 0x5D, 0x76, 0x51, 0x31, 0x35, 0x5D, 0x9E, 0x59, 0x31, 0x3D, 0x9E, 0x51, 0x14, 0x11, 0x9C, 0x51, 0x31, 0x31, 0x5D, 0x76, 0x51, 0x31, 0x35, 0x5D, 0x9E, 0x59, 0x31, 
	0x3D, 0x5D, 0x98, 0x51, 0x14, 0x1C, 0x5D, 0x9C, 0x51, 0x31, 0x25, 0x5D, 0x76, 0x51, 0x31, 0x31, 0x5D, 0x9E, 0x59, 0x31, 0x25, 0x5D, 0x16, 0xDD, 0x5D, 0x9E, 0xD4, 0x5D, 0x9C, 0x10, 
	0xD1, 0x6E, 0x15, 0x15, 0xFE, 0x10, 0xFC, 0x5D, 0xEA, 0xEA, 0xEA, 0x5D, 0x9E, 0x10, 0xA3, 0x6E, 0x15, 0x15, 0x5D, 0x96, 0xD1, 0x45, 0x4A, 0xD6, 0x55, 0x42, 0x5D, 0x96, 0xF9, 0x55, 
	0x96, 0x28, 0x86, 0x6E, 0x15, 0x15, 0x15, 0x61, 0x1E, 0x9E, 0x10, 0x9E, 0x6E, 0x15, 0x15, 0xFC, 0x1D, 0x14, 0x15, 0x15, 0x5D, 0x98, 0x51, 0x31, 0x25, 0x5D, 0x9E, 0xED, 0x26, 0xD5, 
	0xAC, 0x05, 0x15, 0x15, 0x15, 0xE6, 0xBF, 0x5D, 0x98, 0x00, 0x5B, 0x24, 0x15, 0x15, 0x5D, 0x98, 0x59, 0x31, 0x25, 0xEA, 0x00, 0x6E, 0x57, 0x15, 0x15, 0x5D, 0x98, 0x59, 0x31, 0x25, 
	0xEA, 0x00, 0x6D, 0x57, 0x15, 0x15, 0x5D, 0x9C, 0x51, 0x31, 0x3D, 0xD2, 0x51, 0x31, 0x31, 0x15, 0x15, 0x15, 0x15, 0xD2, 0x51, 0x31, 0x35, 0x15, 0x15, 0x15, 0x15, 0xFE, 0x1F, 0x9E, 
	0x51, 0x31, 0x35, 0xEA, 0xD5, 0x9C, 0x51, 0x31, 0x35, 0x96, 0x69, 0x31, 0x35, 0x71, 0x1A, 0x98, 0x85, 0x15, 0x15, 0x15, 0x5D, 0x76, 0x51, 0x31, 0x35, 0x5D, 0x9E, 0x59, 0x31, 0x3D, 
	0x1A, 0xA3, 0x11, 0x14, 0x28, 0xD6, 0x15, 0x15, 0x15, 0x60, 0x63, 0x9E, 0x51, 0x31, 0x35, 0xEA, 0xD5, 0x5D, 0x8D, 0x5D, 0x9E, 0x59, 0x31, 0x3D, 0x1A, 0xA3, 0x11, 0x14, 0x28, 0xD9, 
	0x15, 0x15, 0x15, 0x61, 0x0D, 0x9E, 0x51, 0x31, 0x35, 0xEA, 0xD5, 0x5D, 0x8D, 0x5D, 0x9E, 0x59, 0x31, 0x3D, 0x1A, 0xA3, 0x11, 0x14, 0x28, 0x85, 0x15, 0x15, 0x15, 0x60, 0x53, 0x9E, 
	0x51, 0x31, 0x35, 0x96, 0xD5, 0x17, 0x5D, 0x8D, 0x5D, 0x9E, 0x59, 0x31, 0x3D, 0x1A, 0xA3, 0x11, 0x14, 0x28, 0xD9, 0x15, 0x15, 0x15, 0x61, 0x0C, 0x9E, 0x51, 0x31, 0x35, 0x96, 0xD5, 
	0x17, 0x5D, 0x8D, 0x5D, 0x9E, 0x59, 0x31, 0x3D, 0x1A, 0xA3, 0x11, 0x14, 0x28, 0x85, 0x15, 0x15, 0x15, 0x60, 0x01, 0x5D, 0x76, 0x51, 0x31, 0x35, 0x5D, 0x9E, 0x59, 0x31, 0x3D, 0x9E, 
	0x51, 0x14, 0xE9, 0x9C, 0x51, 0x31, 0x31, 0xFE, 0x10, 0xFC, 0x4E, 0xEA, 0xEA, 0xEA, 0x96, 0x69, 0x31, 0x31, 0x15, 0x60, 0x11, 0x26, 0xD5, 0xFE, 0x06, 0x9E, 0x51, 0x31, 0x31, 0x96, 
	0xFD, 0x25, 0x9C, 0x10, 0x91, 0x6F, 0x15, 0x15, 0x9E, 0x10, 0x6B, 0x6F, 0x15, 0x15, 0x5D, 0x96, 0xD1, 0x55, 0x4A, 0xD6, 0xD9, 0xD9, 0xD9, 0xD9, 0xD9, 0xD9, 0xD9, 0xD9, 0x55, 0x42, 
	0x5D, 0x94, 0xF9, 0x65, 0x14, 0x15, 0x15, 0x5D, 0x9E, 0x10, 0x15, 0x6F, 0x15, 0x15, 0x5D, 0x26, 0xD1, 0x5D, 0x9C, 0x91, 0x31, 0x75, 0x14, 0x15, 0x15, 0x96, 0x28, 0x47, 0x6F, 0x15, 
	0x15, 0x15, 0x61, 0x1E, 0x9E, 0x10, 0x5F, 0x6F, 0x15, 0x15, 0xFC, 0x23, 0x14, 0x15, 0x15, 0x5D, 0x98, 0x59, 0x31, 0x55, 0xEA, 0x00, 0x23, 0x54, 0x15, 0x15, 0x5D, 0x98, 0x51, 0x31, 
	0x25, 0x5D, 0x9E, 0xED, 0x26, 0xD5, 0xAC, 0x05, 0x15, 0x15, 0x15, 0xE6, 0xBF, 0x5D, 0x98, 0x00, 0xEB, 0x3A, 0x15, 0x15, 0x5D, 0x98, 0x59, 0x31, 0x25, 0xEA, 0x00, 0x3E, 0x54, 0x15, 
	0x15, 0x5D, 0x98, 0x59, 0x31, 0x25, 0xEA, 0x00, 0x3D, 0x54, 0x15, 0x15, 0x5D, 0x9C, 0x51, 0x31, 0x3D, 0xD2, 0x51, 0x31, 0x31, 0x15, 0x15, 0x15, 0x15, 0xD2, 0x51, 0x31, 0x35, 0x15, 
	0x15, 0x15, 0x15, 0xFE, 0x1F, 0x9E, 0x51, 0x31, 0x35, 0xEA, 0xD5, 0x9C, 0x51, 0x31, 0x35, 0x96, 0x69, 0x31, 0x35, 0x71, 0x1A, 0x98, 0x85, 0x15, 0x15, 0x15, 0x5D, 0x76, 0x51, 0x31, 
	0x35, 0x5D, 0x9E, 0x59, 0x31, 0x3D, 0x1A, 0xA3, 0x11, 0x14, 0x28, 0xD6, 0x15, 0x15, 0x15, 0x60, 0x63, 0x9E, 0x51, 0x31, 0x35, 0xEA, 0xD5, 0x5D, 0x8D, 0x5D, 0x9E, 0x59, 0x31, 0x3D, 
	0x1A, 0xA3, 0x11, 0x14, 0x28, 0xD9, 0x15, 0x15, 0x15, 0x61, 0x0D, 0x9E, 0x51, 0x31, 0x35, 0xEA, 0xD5, 0x5D, 0x8D, 0x5D, 0x9E, 0x59, 0x31, 0x3D, 0x1A, 0xA3, 0x11, 0x14, 0x28, 0x85, 
	0x15, 0x15, 0x15, 0x60, 0x53, 0x9E, 0x51, 0x31, 0x35, 0x96, 0xD5, 0x17, 0x5D, 0x8D, 0x5D, 0x9E, 0x59, 0x31, 0x3D, 0x1A, 0xA3, 0x11, 0x14, 0x28, 0xD9, 0x15, 0x15, 0x15, 0x61, 0x0C, 
	0x9E, 0x51, 0x31, 0x35, 0x96, 0xD5, 0x17, 0x5D, 0x8D, 0x5D, 0x9E, 0x59, 0x31, 0x3D, 0x1A, 0xA3, 0x11, 0x14, 0x28, 0x85, 0x15, 0x15, 0x15, 0x60, 0x01, 0x5D, 0x76, 0x51, 0x31, 0x35, 
	0x5D, 0x9E, 0x59, 0x31, 0x3D, 0x9E, 0x51, 0x14, 0xE9, 0x9C, 0x51, 0x31, 0x31, 0xFE, 0x10, 0xFC, 0x4E, 0xEA, 0xEA, 0xEA, 0x96, 0x69, 0x31, 0x31, 0x15, 0x60, 0x11, 0x26, 0xD5, 0xFE, 
	0x23, 0x94, 0x69, 0x31, 0x59, 0xA5, 0x08, 0x15, 0x15, 0x61, 0x1F, 0x94, 0x69, 0x31, 0x59, 0xA4, 0x08, 0x15, 0x15, 0x60, 0x1A, 0x9E, 0x51, 0x31, 0x31, 0x96, 0xD5, 0x4D, 0x9C, 0x10, 
	0x31, 0x6C, 0x15, 0x15, 0xFE, 0x18, 0x9E, 0x51, 0x31, 0x31, 0x96, 0xD5, 0x45, 0x9C, 0x10, 0x00, 0x6C, 0x15, 0x15, 0x9E, 0x10, 0x1A, 0x6C, 0x15, 0x15, 0x5D, 0x9E, 0x99, 0x31, 0x75, 
	0x14, 0x15, 0x15, 0x5D, 0x26, 0xD9, 0xFD, 0xBE, 0x3E, 0x15, 0x15, 0x5D, 0x94, 0xD1, 0x65, 0x14, 0x15, 0x15, 0x4A, 0xD6, 0xD9, 0xD9, 0x5D, 0x9C, 0x59, 0x31, 0x1D, 0x5D, 0x9E, 0x51, 
	0x31, 0x1D, 0x5D, 0x9E, 0x59, 0x31, 0x1D, 0x5D, 0x9C, 0x5D, 0x1D, 0x5D, 0x9E, 0x51, 0x31, 0x1D, 0x5D, 0x9E, 0x59, 0x31, 0x1D, 0x5D, 0x9C, 0x1D, 0xD6, 0xD9, 0xD9, 0xD9, 0xD9, 0xD9, 
	0xD9, 0xD9, 0xD9, 0xD9, 0xD9, 0xD9, 0xD9, 0xD9, 0xD9, 0xD9, 0x59, 0x9C, 0x51, 0x31, 0x0D, 0x5D, 0x9C, 0x41, 0x31, 0x05, 0x5D, 0x9C, 0x59, 0x31, 0x1D, 0x43, 0x42, 0x5D, 0x94, 0xF9, 
	0xED, 0x15, 0x15, 0x15, 0x5D, 0x9E, 0x10, 0x54, 0x6D, 0x15, 0x15, 0x5D, 0x26, 0xD1, 0x5D, 0x9C, 0x91, 0x31, 0xFD, 0x15, 0x15, 0x15, 0x5D, 0xD2, 0x51, 0x31, 0x4D, 0x15, 0x15, 0x15, 
	0x15, 0x5D, 0x98, 0x41, 0x31, 0x4D, 0x5D, 0x9E, 0x99, 0x31, 0x05, 0x14, 0x15, 0x15, 0xEA, 0x00, 0xEF, 0x2A, 0x15, 0x15, 0x9C, 0x51, 0x31, 0x55, 0x5D, 0x98, 0x91, 0x31, 0xAD, 0x15, 
	0x15, 0x15, 0x5D, 0x9E, 0xED, 0x26, 0xD5, 0xAC, 0x25, 0x15, 0x15, 0x15, 0xE6, 0xBF, 0xD9, 0x96, 0x69, 0x31, 0x55, 0x15, 0x68, 0x1C, 0x9E, 0x51, 0x31, 0x55, 0xFC, 0xB2, 0x16, 0x15, 
	0x15, 0x5D, 0x9E, 0x59, 0x31, 0x4D, 0xEA, 0x00, 0xB3, 0x2A, 0x15, 0x15, 0x28, 0x16, 0x14, 0x15, 0x15, 0x61, 0x07, 0x5D, 0x9E, 0x59, 0x31, 0x4D, 0xEA, 0x00, 0x99, 0x2A, 0x15, 0x15, 
	0x26, 0xD5, 0xFC, 0x96, 0x16, 0x15, 0x15, 0x5D, 0x9E, 0x81, 0x31, 0x35, 0x14, 0x15, 0x15, 0xAC, 0x14, 0x15, 0x15, 0x15, 0xEA, 0x00, 0x5F, 0x2A, 0x15, 0x15, 0x5D, 0x9C, 0x91, 0x31, 
	0x95, 0x15, 0x15, 0x15, 0x5D, 0x9E, 0xA9, 0x31, 0x95, 0x15, 0x15, 0x15, 0x5D, 0x9E, 0xA1, 0x31, 0x0D, 0x14, 0x15, 0x15, 0x5D, 0x9E, 0x99, 0x31, 0x35, 0x14, 0x15, 0x15, 0xE6, 0xB1, 
	0xD3, 0x51, 0x31, 0x25, 0x15, 0xD3, 0x51, 0x31, 0x24, 0x15, 0xD3, 0x51, 0x31, 0x27, 0x15, 0x5D, 0xD2, 0x51, 0x31, 0x5D, 0x15, 0x15, 0x15, 0x15, 0x5D, 0xD2, 0x51, 0x31, 0x2D, 0x15, 
	0x15, 0x15, 0x15, 0x5D, 0xD2, 0x91, 0x31, 0xA5, 0x15, 0x15, 0x15, 0x15, 0x15, 0x15, 0x15, 0x5D, 0xD2, 0x51, 0x31, 0x75, 0x15, 0x15, 0x15, 0x15, 0x5D, 0xD2, 0x51, 0x31, 0x6D, 0x15, 
	0x15, 0x15, 0x15, 0x5D, 0x98, 0x81, 0x31, 0xAD, 0x15, 0x15, 0x15, 0x5D, 0x9E, 0x59, 0x31, 0x4D, 0xEA, 0x00, 0x03, 0x2A, 0x15, 0x15, 0x5D, 0x9E, 0x81, 0x31, 0x35, 0x14, 0x15, 0x15, 
	0x5D, 0x9E, 0x99, 0x31, 0x05, 0x14, 0x15, 0x15, 0xFD, 0x84, 0x1C, 0x15, 0x15, 0x5D, 0x9C, 0x51, 0x31, 0x5D, 0x5D, 0x96, 0x69, 0x31, 0x5D, 0x15, 0x60, 0x10, 0xFC, 0x58, 0x17, 0x15, 
	0x15, 0x5D, 0x9E, 0x69, 0x31, 0x5D, 0x5D, 0x9E, 0xA1, 0x31, 0x95, 0x15, 0x15, 0x15, 0x5D, 0x9E, 0x99, 0x31, 0x35, 0x14, 0x15, 0x15, 0xE6, 0xB1, 0xD3, 0x51, 0x31, 0x25, 0x14, 0xAF, 
	0x45, 0x19, 0x15, 0x15, 0x5D, 0x9E, 0x99, 0x31, 0x05, 0x14, 0x15, 0x15, 0xFD, 0x24, 0x1D, 0x15, 0x15, 0x5D, 0x9C, 0x51, 0x31, 0x2D, 0x5D, 0x96, 0x69, 0x31, 0x2D, 0x15, 0x60, 0x10, 
	0xFC, 0x18, 0x17, 0x15, 0x15, 0xD3, 0x51, 0x31, 0x24, 0x14, 0x5D, 0x98, 0x10, 0x26, 0x43, 0x15, 0x15, 0x5D, 0x9E, 0x69, 0x31, 0x2D, 0x5D, 0x9E, 0xE5, 0xAC, 0x45, 0x19, 0x15, 0x15, 
	0xE6, 0xB1, 0x5D, 0x9E, 0x51, 0x31, 0x5D, 0x5D, 0x9C, 0x91, 0x31, 0xB5, 0x15, 0x15, 0x15, 0x5D, 0x9E, 0x91, 0x31, 0xB5, 0x15, 0x15, 0x15, 0x5D, 0x76, 0x55, 0x29, 0x5D, 0x9E, 0x59, 
	0x31, 0x5D, 0x5D, 0x16, 0xDD, 0x5D, 0x9E, 0xD4, 0x5D, 0x9C, 0x91, 0x31, 0xBD, 0x15, 0x15, 0x15, 0x5D, 0x9E, 0x91, 0x31, 0xBD, 0x15, 0x15, 0x15, 0x9E, 0x55, 0x45, 0x5D, 0x9C, 0x51, 
	0x31, 0x6D, 0x5D, 0x9E, 0x41, 0x31, 0x6D, 0x5D, 0x9E, 0x99, 0x31, 0x05, 0x14, 0x15, 0x15, 0xFD, 0xA3, 0x12, 0x15, 0x15, 0x5D, 0x9C, 0x51, 0x31, 0x75, 0x5D, 0x96, 0x69, 0x31, 0x75, 
	0x15, 0x60, 0x10, 0xFC, 0x87, 0x14, 0x15, 0x15, 0xAD, 0x14, 0x15, 0x15, 0x15, 0x5D, 0x7C, 0xD5, 0x1A, 0x10, 0x15, 0x15, 0x5D, 0x9E, 0x59, 0x31, 0x2D, 0xD3, 0x11, 0x14, 0x85, 0xAD, 
	0x14, 0x15, 0x15, 0x15, 0x5D, 0x7C, 0xD5, 0x05, 0x10, 0x15, 0x15, 0x5D, 0x9E, 0x59, 0x31, 0x2D, 0xD3, 0x11, 0x14, 0x5D, 0xAD, 0x14, 0x15, 0x15, 0x15, 0x5D, 0x7C, 0xD5, 0x04, 0x10, 
	0x15, 0x15, 0x5D, 0x9E, 0x59, 0x31, 0x2D, 0xD3, 0x11, 0x14, 0xAD, 0xAD, 0x14, 0x15, 0x15, 0x15, 0x5D, 0x7C, 0xD5, 0x07, 0x10, 0x15, 0x15, 0x5D, 0x9E, 0x59, 0x31, 0x2D, 0x5D, 0x9E, 
	0x41, 0x31, 0x75, 0x5D, 0x9C, 0x01, 0x14, 0xFD, 0x63, 0xEC, 0xEA, 0xEA, 0x5D, 0x9C, 0x91, 0x31, 0x8D, 0x15, 0x15, 0x15, 0x5D, 0x9E, 0x99, 0x31, 0x8D, 0x15, 0x15, 0x15, 0xFD, 0x04, 
	0x13, 0x15, 0x15, 0x9C, 0x51, 0x31, 0x61, 0x5D, 0xD2, 0x51, 0x31, 0x45, 0x15, 0x15, 0x15, 0x15, 0x59, 0x98, 0x59, 0x31, 0x45, 0x59, 0x9E, 0x51, 0x31, 0x5D, 0x5D, 0x9E, 0x41, 0x31, 
	0x2D, 0x5D, 0x9E, 0x99, 0x31, 0x05, 0x14, 0x15, 0x15, 0xFD, 0x6D, 0xE1, 0xEA, 0xEA, 0x1A, 0xA3, 0xD5, 0x90, 0xD5, 0x1A, 0x91, 0xDE, 0x15, 0x15, 0x15, 0xFD, 0x6D, 0xEF, 0xEA, 0xEA, 
	0x9C, 0x51, 0x31, 0x7D, 0xFD, 0x8A, 0xEE, 0xEA, 0xEA, 0x9C, 0x51, 0x31, 0x79, 0xFD, 0x93, 0xE2, 0xEA, 0xEA, 0x9C, 0x51, 0x31, 0x65, 0x5D, 0x9E, 0x59, 0x31, 0x4D, 0xFD, 0x6C, 0x3C, 
	0x15, 0x15, 0x5D, 0x9C, 0x91, 0x31, 0x9D, 0x15, 0x15, 0x15, 0x5D, 0x9E, 0x91, 0x31, 0x9D, 0x15, 0x15, 0x15, 0x5D, 0x10, 0x15, 0x05, 0x15, 0x15, 0x9E, 0x59, 0x31, 0x7D, 0x5D, 0x9E, 
	0x41, 0x31, 0x45, 0x5D, 0x9C, 0x11, 0x1F, 0x5D, 0x9E, 0x91, 0x31, 0x9D, 0x15, 0x15, 0x15, 0x5D, 0x10, 0x15, 0x05, 0x15, 0x15, 0x9E, 0x59, 0x31, 0x79, 0x5D, 0x9E, 0x41, 0x31, 0x45, 
	0x5D, 0x9C, 0x11, 0x1F, 0x9E, 0x51, 0x31, 0x65, 0x5D, 0x9E, 0x59, 0x31, 0x45, 0x5D, 0x16, 0xDD, 0x5D, 0x9E, 0xD4, 0x5D, 0x9C, 0x91, 0x31, 0x85, 0x15, 0x15, 0x15, 0x5D, 0x9E, 0x99, 
	0x31, 0x85, 0x15, 0x15, 0x15, 0xFD, 0xD3, 0x10, 0x15, 0x15, 0x5D, 0x9E, 0x99, 0x31, 0x85, 0x15, 0x15, 0x15, 0xFD, 0x8C, 0xE9, 0xEA, 0xEA, 0x5D, 0xD2, 0x51, 0x31, 0x35, 0x15, 0x15, 
	0x15, 0x15, 0x50, 0x26, 0xDC, 0x50, 0x26, 0xD5, 0x26, 0xC7, 0x5D, 0x9E, 0x59, 0x31, 0x45, 0xEA, 0x00, 0x30, 0x28, 0x15, 0x15, 0x5D, 0x9E, 0x59, 0x31, 0x45, 0xEA, 0x00, 0xAF, 0x29, 
	0x15, 0x15, 0x5D, 0x9E, 0x69, 0x31, 0x75, 0x26, 0xD5, 0xAC, 0x15, 0x05, 0x15, 0x15, 0xE6, 0xBF, 0xFE, 0x10, 0xD3, 0x51, 0x31, 0x27, 0x14, 0x9E, 0x41, 0x31, 0x61, 0x5D, 0x9E, 0x99, 
	0x31, 0x8D, 0x15, 0x15, 0x15, 0xFD, 0x29, 0x10, 0x15, 0x15, 0x26, 0xD5, 0x90, 0xD5, 0x1A, 0x90, 0x99, 0xE8, 0xEA, 0xEA, 0x1A, 0xA3, 0x51, 0x31, 0x25, 0x90, 0xD5, 0x61, 0x0F, 0x59, 
	0x9E, 0x91, 0x31, 0x35, 0x14, 0x15, 0x15, 0x5D, 0x9E, 0x41, 0x31, 0x5D, 0x5D, 0x9E, 0x99, 0x31, 0x05, 0x14, 0x15, 0x15, 0xFD, 0x0A, 0x1D, 0x15, 0x15, 0x1A, 0xA3, 0x51, 0x31, 0x24, 
	0x90, 0xD5, 0x61, 0x0F, 0x59, 0x9E, 0x91, 0x31, 0xA5, 0x15, 0x15, 0x15, 0x5D, 0x9E, 0x41, 0x31, 0x2D, 0x5D, 0x9E, 0x99, 0x31, 0x05, 0x14, 0x15, 0x15, 0xFD, 0xE9, 0x12, 0x15, 0x15, 
	0x1A, 0xA3, 0x51, 0x31, 0x27, 0x90, 0xD5, 0x61, 0x02, 0x59, 0x9E, 0x51, 0x31, 0x6D, 0x5D, 0x9E, 0x41, 0x31, 0x75, 0x5D, 0x9E, 0x99, 0x31, 0x05, 0x14, 0x15, 0x15, 0xFD, 0xC9, 0x12, 
	0x15, 0x15, 0x5D, 0x98, 0x99, 0x31, 0xAD, 0x15, 0x15, 0x15, 0xEA, 0x00, 0x23, 0x29, 0x15, 0x15, 0x26, 0xC7, 0x5D, 0x9E, 0x99, 0x31, 0x95, 0x15, 0x15, 0x15, 0xEA, 0x00, 0xF3, 0x2E, 
	0x15, 0x15, 0x9E, 0x51, 0x31, 0x55, 0x5D, 0x9E, 0x99, 0x31, 0xFD, 0x15, 0x15, 0x15, 0x5D, 0x26, 0xD9, 0xFD, 0x5F, 0x32, 0x15, 0x15, 0x5D, 0x94, 0xD1, 0xED, 0x15, 0x15, 0x15, 0x4A, 
	0x4B, 0xD6, 0x59, 0x9C, 0x51, 0x31, 0x0D, 0x5D, 0x9C, 0x41, 0x31, 0x05, 0x5D, 0x9C, 0x59, 0x31, 0x1D, 0x43, 0x42, 0x5D, 0x94, 0xF9, 0x1D, 0x14, 0x15, 0x15, 0x5D, 0x9E, 0x10, 0x04, 
	0x61, 0x15, 0x15, 0x5D, 0x26, 0xD1, 0x5D, 0x9C, 0x91, 0x31, 0xE5, 0x15, 0x15, 0x15, 0x5D, 0xD2, 0x51, 0x31, 0x4D, 0x15, 0x15, 0x15, 0x15, 0x5D, 0x98, 0x41, 0x31, 0x4D, 0x5D, 0x9E, 
	0x99, 0x31, 0x35, 0x14, 0x15, 0x15, 0xEA, 0x00, 0xDF, 0x2E, 0x15, 0x15, 0x9C, 0x51, 0x31, 0x55, 0x5D, 0x98, 0x91, 0x31, 0xD5, 0x15, 0x15, 0x15, 0x5D, 0x9E, 0xED, 0x26, 0xD5, 0xAC, 
	0x25, 0x15, 0x15, 0x15, 0xE6, 0xBF, 0xD9, 0x96, 0x69, 0x31, 0x55, 0x15, 0x68, 0x1C, 0x9E, 0x51, 0x31, 0x55, 0xFC, 0xD5, 0x16, 0x15, 0x15, 0x5D, 0x9E, 0x59, 0x31, 0x4D, 0xEA, 0x00, 
	0x63, 0x2E, 0x15, 0x15, 0x28, 0x16, 0x14, 0x15, 0x15, 0x61, 0x07, 0x5D, 0x9E, 0x59, 0x31, 0x4D, 0xEA, 0x00, 0x49, 0x2E, 0x15, 0x15, 0x26, 0xD5, 0xFC, 0x89, 0x16, 0x15, 0x15, 0x5D, 
	0x9E, 0x81, 0x31, 0x25, 0x14, 0x15, 0x15, 0xAC, 0x14, 0x15, 0x15, 0x15, 0xEA, 0x00, 0x0F, 0x2E, 0x15, 0x15, 0x5D, 0x9C, 0x91, 0x31, 0x9D, 0x15, 0x15, 0x15, 0x5D, 0x9E, 0xA9, 0x31, 
	0x9D, 0x15, 0x15, 0x15, 0x5D, 0x9E, 0xA1, 0x31, 0x3D, 0x14, 0x15, 0x15, 0x5D, 0x9E, 0x99, 0x31, 0x25, 0x14, 0x15, 0x15, 0xE6, 0xB1, 0xD3, 0x51, 0x31, 0x25, 0x15, 0xD3, 0x51, 0x31, 
	0x24, 0x15, 0xD3, 0x51, 0x31, 0x27, 0x15, 0x5D, 0xD2, 0x51, 0x31, 0x5D, 0x15, 0x15, 0x15, 0x15, 0x5D, 0xD2, 0x51, 0x31, 0x2D, 0x15, 0x15, 0x15, 0x15, 0x5D, 0xD2, 0x91, 0x31, 0xAD, 
	0x15, 0x15, 0x15, 0x15, 0x15, 0x15, 0x15, 0x5D, 0xD2, 0x51, 0x31, 0x75, 0x15, 0x15, 0x15, 0x15, 0x5D, 0xD2, 0x91, 0x31, 0x95, 0x15, 0x15, 0x15, 0x15, 0x15, 0x15, 0x15, 0x5D, 0x98, 
	0x81, 0x31, 0xD5, 0x15, 0x15, 0x15, 0x5D, 0x9E, 0x59, 0x31, 0x4D, 0xEA, 0x00, 0xF6, 0x2F, 0x15, 0x15, 0x5D, 0x9E, 0x81, 0x31, 0x25, 0x14, 0x15, 0x15, 0x5D, 0x9E, 0x99, 0x31, 0x35, 
	0x14, 0x15, 0x15, 0xFD, 0x4B, 0x10, 0x15, 0x15, 0x5D, 0x9C, 0x51, 0x31, 0x5D, 0x5D, 0x96, 0x69, 0x31, 0x5D, 0x15, 0x60, 0x10, 0xFC, 0x75, 0x17, 0x15, 0x15, 0x5D, 0x9E, 0x69, 0x31, 
	0x5D, 0x5D, 0x9E, 0xA1, 0x31, 0x9D, 0x15, 0x15, 0x15, 0x5D, 0x9E, 0x99, 0x31, 0x25, 0x14, 0x15, 0x15, 0xE6, 0xB1, 0xD3, 0x51, 0x31, 0x25, 0x14, 0xAF, 0x15, 0x1D, 0x15, 0x15, 0x5D, 
	0x9E, 0x99, 0x31, 0x35, 0x14, 0x15, 0x15, 0xFD, 0xEB, 0x16, 0x15, 0x15, 0x5D, 0x9C, 0x51, 0x31, 0x2D, 0x5D, 0x96, 0x69, 0x31, 0x2D, 0x15, 0x60, 0x10, 0xFC, 0x35, 0x17, 0x15, 0x15, 
	0xD3, 0x51, 0x31, 0x24, 0x14, 0x5D, 0x98, 0x10, 0x15, 0x5F, 0x15, 0x15, 0x5D, 0x9E, 0x69, 0x31, 0x2D, 0x5D, 0x9E, 0xE5, 0xAC, 0x15, 0x1D, 0x15, 0x15, 0xE6, 0xB1, 0x5D, 0x9E, 0x51, 
	0x31, 0x5D, 0x5D, 0x9C, 0x91, 0x31, 0xBD, 0x15, 0x15, 0x15, 0x5D, 0x9E, 0x91, 0x31, 0xBD, 0x15, 0x15, 0x15, 0x5D, 0x76, 0x55, 0x29, 0x5D, 0x9E, 0x59, 0x31, 0x5D, 0x5D, 0x16, 0xDD, 
	0x5D, 0x9E, 0xD4, 0x5D, 0x9C, 0x91, 0x31, 0xA5, 0x15, 0x15, 0x15, 0x5D, 0x9E, 0x91, 0x31, 0xA5, 0x15, 0x15, 0x15, 0x9E, 0x55, 0x45, 0x5D, 0x9C, 0x91, 0x31, 0x95, 0x15, 0x15, 0x15, 
	0x5D, 0x9E, 0x81, 0x31, 0x95, 0x15, 0x15, 0x15, 0x5D, 0x9E, 0x99, 0x31, 0x35, 0x14, 0x15, 0x15, 0xFD, 0x68, 0x16, 0x15, 0x15, 0x5D, 0x9C, 0x51, 0x31, 0x75, 0x5D, 0x96, 0x69, 0x31, 
	0x75, 0x15, 0x60, 0x10, 0xFC, 0x8A, 0x14, 0x15, 0x15, 0x5D, 0xD2, 0x51, 0x31, 0x7D, 0x15, 0x15, 0x15, 0x15, 0xFE, 0x18, 0x5D, 0x9E, 0x51, 0x31, 0x7D, 0x5D, 0xEA, 0xD5, 0x5D, 0x9C, 
	0x51, 0x31, 0x7D, 0x5D, 0x96, 0x69, 0x31, 0x7D, 0x06, 0x66, 0x0C, 0x5D, 0x9E, 0x51, 0x31, 0x7D, 0x5D, 0x9E, 0x59, 0x31, 0x2D, 0x5D, 0x16, 0xDD, 0x5D, 0x9E, 0xD4, 0xD3, 0x95, 0x22, 
	0x16, 0x15, 0x15, 0x85, 0xFE, 0xC7, 0xAD, 0x14, 0x15, 0x15, 0x15, 0x5D, 0x7C, 0xD5, 0x50, 0x16, 0x15, 0x15, 0x5D, 0x9E, 0x59, 0x31, 0x2D, 0xD3, 0x11, 0x14, 0xAD, 0xAD, 0x14, 0x15, 
	0x15, 0x15, 0x5D, 0x7C, 0xD5, 0x53, 0x16, 0x15, 0x15, 0x5D, 0x9E, 0x59, 0x31, 0x2D, 0x9E, 0x41, 0x31, 0x75, 0x9C, 0x01, 0x14, 0xFD, 0x25, 0xE0, 0xEA, 0xEA, 0x5D, 0x9C, 0x91, 0x31, 
	0xB5, 0x15, 0x15, 0x15, 0x5D, 0x9E, 0x99, 0x31, 0xB5, 0x15, 0x15, 0x15, 0xFD, 0xDE, 0x14, 0x15, 0x15, 0x9C, 0x51, 0x31, 0x69, 0x5D, 0xD2, 0x51, 0x31, 0x45, 0x15, 0x15, 0x15, 0x15, 
	0x59, 0x98, 0x59, 0x31, 0x45, 0x59, 0x9E, 0x51, 0x31, 0x5D, 0x5D, 0x9E, 0x41, 0x31, 0x2D, 0x5D, 0x9E, 0x99, 0x31, 0x35, 0x14, 0x15, 0x15, 0xFD, 0x27, 0xE5, 0xEA, 0xEA, 0x1A, 0xA3, 
	0xD5, 0x90, 0xD5, 0x1A, 0x91, 0xDE, 0x15, 0x15, 0x15, 0xFD, 0x27, 0xE3, 0xEA, 0xEA, 0x9C, 0x51, 0x31, 0x65, 0xFD, 0x4C, 0xE2, 0xEA, 0xEA, 0x9C, 0x51, 0x31, 0x61, 0xFD, 0x55, 0xE6, 
	0xEA, 0xEA, 0x9C, 0x51, 0x31, 0x6D, 0x5D, 0x9E, 0x59, 0x31, 0x4D, 0xFD, 0x26, 0x30, 0x15, 0x15, 0x5D, 0x9C, 0x91, 0x31, 0x85, 0x15, 0x15, 0x15, 0x5D, 0x9E, 0x91, 0x31, 0x85, 0x15, 
	0x15, 0x15, 0x5D, 0x10, 0x15, 0x05, 0x15, 0x15, 0x9E, 0x59, 0x31, 0x65, 0x5D, 0x9E, 0x41, 0x31, 0x45, 0x5D, 0x9C, 0x11, 0x1F, 0x5D, 0x9E, 0x91, 0x31, 0x85, 0x15, 0x15, 0x15, 0x5D, 
	0x10, 0x15, 0x05, 0x15, 0x15, 0x9E, 0x59, 0x31, 0x61, 0x5D, 0x9E, 0x41, 0x31, 0x45, 0x5D, 0x9C, 0x11, 0x1F, 0x9E, 0x51, 0x31, 0x6D, 0x5D, 0x9E, 0x59, 0x31, 0x45, 0x5D, 0x16, 0xDD, 
	0x5D, 0x9E, 0xD4, 0x5D, 0x9C, 0x91, 0x31, 0x8D, 0x15, 0x15, 0x15, 0x5D, 0x9E, 0x99, 0x31, 0x8D, 0x15, 0x15, 0x15, 0xFD, 0x95, 0x14, 0x15, 0x15, 0x5D, 0x9E, 0x99, 0x31, 0x8D, 0x15, 
	0x15, 0x15, 0xFD, 0x46, 0xED, 0xEA, 0xEA, 0x5D, 0xD2, 0x51, 0x31, 0x35, 0x15, 0x15, 0x15, 0x15, 0x50, 0x26, 0xDC, 0x50, 0x26, 0xD5, 0x26, 0xC7, 0x5D, 0x9E, 0x59, 0x31, 0x45, 0xEA, 
	0x00, 0xCA, 0x2D, 0x15, 0x15, 0x5D, 0x9E, 0x59, 0x31, 0x45, 0xEA, 0x00, 0x61, 0x2D, 0x15, 0x15, 0x5D, 0x9E, 0x69, 0x31, 0x75, 0x26, 0xD5, 0xAC, 0x15, 0x05, 0x15, 0x15, 0xE6, 0xBF, 
	0xFE, 0x10, 0xD3, 0x51, 0x31, 0x27, 0x14, 0x9E, 0x41, 0x31, 0x69, 0x5D, 0x9E, 0x99, 0x31, 0xB5, 0x15, 0x15, 0x15, 0xFD, 0xE3, 0x15, 0x15, 0x15, 0x26, 0xD5, 0x90, 0xD5, 0x1A, 0x90, 
	0x6C, 0xE8, 0xEA, 0xEA, 0x1A, 0xA3, 0x51, 0x31, 0x25, 0x90, 0xD5, 0x61, 0x0F, 0x59, 0x9E, 0x91, 0x31, 0x25, 0x14, 0x15, 0x15, 0x5D, 0x9E, 0x41, 0x31, 0x5D, 0x5D, 0x9E, 0x99, 0x31, 
	0x35, 0x14, 0x15, 0x15, 0xFD, 0xCC, 0x16, 0x15, 0x15, 0x1A, 0xA3, 0x51, 0x31, 0x24, 0x90, 0xD5, 0x61, 0x0F, 0x59, 0x9E, 0x91, 0x31, 0xAD, 0x15, 0x15, 0x15, 0x5D, 0x9E, 0x41, 0x31, 
	0x2D, 0x5D, 0x9E, 0x99, 0x31, 0x35, 0x14, 0x15, 0x15, 0xFD, 0xA3, 0x16, 0x15, 0x15, 0x1A, 0xA3, 0x51, 0x31, 0x27, 0x90, 0xD5, 0x61, 0x0F, 0x59, 0x9E, 0x91, 0x31, 0x95, 0x15, 0x15, 
	0x15, 0x5D, 0x9E, 0x41, 0x31, 0x75, 0x5D, 0x9E, 0x99, 0x31, 0x35, 0x14, 0x15, 0x15, 0xFD, 0x86, 0x16, 0x15, 0x15, 0x5D, 0x98, 0x99, 0x31, 0xD5, 0x15, 0x15, 0x15, 0xEA, 0x00, 0xF8, 
	0x22, 0x15, 0x15, 0x26, 0xC7, 0x5D, 0x9E, 0x99, 0x31, 0x9D, 0x15, 0x15, 0x15, 0xEA, 0x00, 0x88, 0x22, 0x15, 0x15, 0x9E, 0x51, 0x31, 0x55, 0x5D, 0x9E, 0x99, 0x31, 0xE5, 0x15, 0x15, 
	0x15, 0x5D, 0x26, 0xD9, 0xFD, 0x14, 0x36, 0x15, 0x15, 0x5D, 0x94, 0xD1, 0x1D, 0x14, 0x15, 0x15, 0x4A, 0x4B, 0xD6, 0xD9, 0xD9, 0xD9, 0xD9, 0xD9, 0xD9, 0xD9, 0x5D, 0x9C, 0x59, 0x31, 
	0x1D, 0x5D, 0x96, 0xF9, 0x2D, 0x5D, 0x9E, 0x59, 0x31, 0x55, 0xEA, 0x00, 0x29, 0x22, 0x15, 0x15, 0x1A, 0xA3, 0xD5, 0x90, 0xD5, 0x61, 0x09, 0x5D, 0x9E, 0x51, 0x31, 0x55, 0x9E, 0x15, 
	0x9C, 0x51, 0x31, 0x35, 0x5D, 0x9E, 0x51, 0x31, 0x55, 0xD2, 0x15, 0x15, 0x15, 0x15, 0x15, 0x9E, 0x51, 0x31, 0x35, 0xFE, 0x17, 0x26, 0xD5, 0x5D, 0x96, 0xD1, 0x2D, 0xD6, 0xD9, 0xD9, 
	0x9C, 0x41, 0x31, 0x05, 0x5D, 0x9C, 0x59, 0x31, 0x1D, 0x5D, 0x96, 0xF9, 0x3D, 0x5D, 0x9E, 0x59, 0x31, 0x25, 0xEA, 0x00, 0xED, 0x23, 0x15, 0x15, 0x1A, 0xA3, 0xD5, 0x90, 0xD5, 0x61, 
	0x1E, 0x5D, 0x9E, 0x51, 0x31, 0x25, 0x9E, 0x59, 0x31, 0x2D, 0x9C, 0x1D, 0x5D, 0x96, 0xD1, 0x3D, 0xD6, 0xD9, 0x5D, 0x9C, 0x59, 0x31, 0x1D, 0x5D, 0x96, 0xF9, 0x5D, 0x5D, 0x9E, 0x51, 
	0x31, 0x45, 0x5D, 0x9E, 0x15, 0x5D, 0x9C, 0x51, 0x31, 0x3D, 0x5D, 0x9E, 0x51, 0x31, 0x45, 0x5D, 0x9E, 0x55, 0x1D, 0x5D, 0x9C, 0x51, 0x31, 0x25, 0x5D, 0x9E, 0x51, 0x31, 0x3D, 0x5D, 
	0x9E, 0x59, 0x31, 0x45, 0x5D, 0x2C, 0x5D, 0x1D, 0x60, 0x1A, 0x5D, 0x9E, 0x51, 0x31, 0x25, 0x5D, 0x9E, 0x59, 0x31, 0x45, 0x5D, 0x2C, 0x1D, 0x61, 0x01, 0x59, 0x9E, 0x51, 0x31, 0x3D, 
	0x5D, 0x9E, 0x41, 0x31, 0x45, 0x5D, 0x9E, 0x59, 0x31, 0x25, 0xFD, 0xDC, 0xFA, 0xEA, 0xEA, 0x5D, 0x9E, 0x51, 0x31, 0x25, 0x5D, 0x9E, 0x59, 0x31, 0x3D, 0x5D, 0x9C, 0x1D, 0x5D, 0x9E, 
	0x51, 0x31, 0x3D, 0x5D, 0x9E, 0x59, 0x31, 0x25, 0x5D, 0x9C, 0x5D, 0x1D, 0x5D, 0x9E, 0x51, 0x31, 0x3D, 0x5D, 0x2C, 0x51, 0x31, 0x25, 0x60, 0x12, 0xD3, 0x51, 0x31, 0x35, 0x14, 0xFE, 
	0x10, 0xD3, 0x51, 0x31, 0x35, 0x15, 0x1A, 0xA3, 0x51, 0x31, 0x35, 0x5D, 0x96, 0xD1, 0x5D, 0xD6, 0xD9, 0xD9, 0xD9, 0xD9, 0xD9, 0xD9, 0xD9, 0xD9, 0xD9, 0xD9, 0xD9, 0xD9, 0x9C, 0x59, 
	0x31, 0x1D, 0x9E, 0x51, 0x31, 0x1D, 0x9E, 0xDD, 0xD8, 0x3C, 0xD6, 0xD9, 0xD9, 0xD9, 0x5D, 0x9C, 0x41, 0x31, 0x05, 0x5D, 0x9C, 0x59, 0x31, 0x1D, 0x42, 0x5D, 0x94, 0xF9, 0x95, 0x15, 
	0x15, 0x15, 0x5D, 0x9E, 0x10, 0xB2, 0x7B, 0x15, 0x15, 0x5D, 0x26, 0xD1, 0x5D, 0x9C, 0x51, 0x31, 0x6D, 0x5D, 0xD2, 0x51, 0x31, 0x2D, 0x15, 0x15, 0x15, 0x15, 0x5D, 0x98, 0x51, 0x31, 
	0x5D, 0x5D, 0x9E, 0xED, 0x26, 0xD5, 0xAC, 0x25, 0x15, 0x15, 0x15, 0xE6, 0xBF, 0x5D, 0xD2, 0x51, 0x31, 0x55, 0x15, 0x15, 0x15, 0x15, 0x5D, 0x98, 0x41, 0x31, 0x2D, 0x5D, 0x9E, 0x99, 
	0x31, 0x85, 0x15, 0x15, 0x15, 0xEA, 0x00, 0x5C, 0x23, 0x15, 0x15, 0x9C, 0x51, 0x31, 0x25, 0x96, 0x69, 0x31, 0x25, 0x15, 0x68, 0x12, 0x26, 0xD5, 0xFC, 0x8E, 0x15, 0x15, 0x15, 0x5D, 
	0x9E, 0x59, 0x31, 0x2D, 0xEA, 0x00, 0x19, 0x23, 0x15, 0x15, 0x28, 0x16, 0x14, 0x15, 0x15, 0x61, 0x1A, 0x5D, 0x9E, 0x59, 0x31, 0x2D, 0xEA, 0x00, 0xE7, 0x20, 0x15, 0x15, 0x26, 0xD5, 
	0xFE, 0x6F, 0x5D, 0x98, 0x41, 0x31, 0x5D, 0x5D, 0x9E, 0x59, 0x31, 0x2D, 0xEA, 0x00, 0xE3, 0x20, 0x15, 0x15, 0xD2, 0x51, 0x31, 0x3D, 0x11, 0x15, 0x15, 0x15, 0xD2, 0x51, 0x31, 0x35, 
	0x15, 0x05, 0x15, 0x15, 0x59, 0x98, 0x99, 0x31, 0x8D, 0x15, 0x15, 0x15, 0x50, 0x26, 0xD5, 0x5D, 0x98, 0x41, 0x31, 0x55, 0x5D, 0xD2, 0xD4, 0xEA, 0xEA, 0xEA, 0xEA, 0xEA, 0x00, 0xF4, 
	0x20, 0x15, 0x15, 0x9C, 0x51, 0x31, 0x25, 0x96, 0x69, 0x31, 0x25, 0x15, 0x69, 0x37, 0x5D, 0x9E, 0x69, 0x31, 0x55, 0x26, 0xD5, 0x5D, 0x9E, 0x99, 0x31, 0x8D, 0x15, 0x15, 0x15, 0xE6, 
	0xBF, 0x9E, 0x81, 0x31, 0x8D, 0x15, 0x15, 0x15, 0x5D, 0x9E, 0x59, 0x31, 0x55, 0xFD, 0xA9, 0x16, 0x15, 0x15, 0x5D, 0x98, 0x59, 0x31, 0x5D, 0xEA, 0x00, 0x8C, 0x20, 0x15, 0x15, 0x5D, 
	0x9E, 0x51, 0x31, 0x55, 0x5D, 0x9E, 0x59, 0x31, 0x6D, 0x5D, 0x26, 0xD9, 0xFD, 0xAA, 0x35, 0x15, 0x15, 0x5D, 0x94, 0xD1, 0x95, 0x15, 0x15, 0x15, 0x4A, 0xD6, 0xD9, 0xD9, 0xD9, 0xD9, 
	0xD9, 0xD9, 0x5D, 0x9C, 0x41, 0x31, 0x05, 0x5D, 0x9C, 0x59, 0x31, 0x1D, 0x42, 0x5D, 0x94, 0xF9, 0x95, 0x15, 0x15, 0x15, 0x5D, 0x9E, 0x10, 0x92, 0x78, 0x15, 0x15, 0x5D, 0x26, 0xD1, 
	0x5D, 0x9C, 0x51, 0x31, 0x6D, 0x5D, 0xD2, 0x51, 0x31, 0x2D, 0x15, 0x15, 0x15, 0x15, 0x5D, 0x98, 0x51, 0x31, 0x5D, 0x5D, 0x9E, 0xED, 0x26, 0xD5, 0xAC, 0x25, 0x15, 0x15, 0x15, 0xE6, 
	0xBF, 0x5D, 0xD2, 0x51, 0x31, 0x55, 0x15, 0x15, 0x15, 0x15, 0x5D, 0x98, 0x41, 0x31, 0x2D, 0x5D, 0x9E, 0x99, 0x31, 0x85, 0x15, 0x15, 0x15, 0xEA, 0x00, 0x3C, 0x20, 0x15, 0x15, 0x9C, 
	0x51, 0x31, 0x25, 0x96, 0x69, 0x31, 0x25, 0x15, 0x68, 0x12, 0x26, 0xD5, 0xFC, 0x9F, 0x15, 0x15, 0x15, 0x5D, 0x9E, 0x59, 0x31, 0x2D, 0xEA, 0x00, 0xF9, 0x21, 0x15, 0x15, 0x28, 0x16, 
	0x14, 0x15, 0x15, 0x61, 0x1A, 0x5D, 0x9E, 0x59, 0x31, 0x2D, 0xEA, 0x00, 0xC7, 0x21, 0x15, 0x15, 0x26, 0xD5, 0xFE, 0x7C, 0x5D, 0x98, 0x41, 0x31, 0x5D, 0x5D, 0x9E, 0x59, 0x31, 0x2D, 
	0xEA, 0x00, 0xC3, 0x21, 0x15, 0x15, 0xD2, 0x51, 0x31, 0x3D, 0x11, 0x15, 0x15, 0x15, 0xD2, 0x51, 0x31, 0x35, 0x15, 0x05, 0x15, 0x15, 0x59, 0x98, 0x99, 0x31, 0x8D, 0x15, 0x15, 0x15, 
	0x50, 0x26, 0xD5, 0x5D, 0x98, 0x41, 0x31, 0x55, 0x5D, 0xD2, 0xD4, 0xEA, 0xEA, 0xEA, 0xEA, 0xEA, 0x00, 0xD4, 0x21, 0x15, 0x15, 0x9C, 0x51, 0x31, 0x25, 0x96, 0x69, 0x31, 0x25, 0x15, 
	0x69, 0x04, 0x5D, 0x9E, 0x69, 0x31, 0x55, 0x26, 0xD5, 0x5D, 0x9E, 0x99, 0x31, 0x8D, 0x15, 0x15, 0x15, 0xE6, 0xBF, 0x5D, 0x98, 0x59, 0x31, 0x5D, 0xEA, 0x00, 0x9F, 0x21, 0x15, 0x15, 
	0x5D, 0x9E, 0x51, 0x31, 0x55, 0x5D, 0x9E, 0x59, 0x31, 0x6D, 0x5D, 0x26, 0xD9, 0xFD, 0xA5, 0x0A, 0x15, 0x15, 0x5D, 0x94, 0xD1, 0x95, 0x15, 0x15, 0x15, 0x4A, 0xD6, 0xD9, 0xD9, 0xD9, 
	0xD9, 0xD9, 0xD9, 0xD9, 0x59, 0x9C, 0x51, 0x31, 0x0D, 0x5D, 0x9C, 0x41, 0x31, 0x05, 0x5D, 0x9C, 0x59, 0x31, 0x1D, 0x42, 0x5D, 0x96, 0xF9, 0x65, 0x5D, 0x9E, 0x10, 0x60, 0x79, 0x15, 
	0x15, 0x5D, 0x26, 0xD1, 0x5D, 0x9C, 0x51, 0x31, 0x75, 0x5D, 0xD2, 0x51, 0x31, 0x3D, 0x15, 0x15, 0x15, 0x15, 0x5D, 0x98, 0x51, 0x31, 0x25, 0x5D, 0x9E, 0xED, 0x26, 0xD5, 0xAC, 0x25, 
	0x15, 0x15, 0x15, 0xE6, 0xBF, 0x5D, 0x98, 0x41, 0x31, 0x3D, 0x5D, 0x9E, 0x99, 0x31, 0x95, 0x15, 0x15, 0x15, 0xEA, 0x00, 0x35, 0x21, 0x15, 0x15, 0x9C, 0x51, 0x31, 0x35, 0x96, 0x69, 
	0x31, 0x35, 0x15, 0x68, 0x12, 0xAD, 0x30, 0x17, 0x15, 0xD5, 0xFE, 0x60, 0x5D, 0x9E, 0x59, 0x31, 0x3D, 0xEA, 0x00, 0xF6, 0x26, 0x15, 0x15, 0x28, 0x16, 0x14, 0x15, 0x15, 0x61, 0x07, 
	0x5D, 0x9E, 0x59, 0x31, 0x3D, 0xEA, 0x00, 0xDC, 0x26, 0x15, 0x15, 0xAD, 0x14, 0x15, 0x15, 0xD5, 0xFE, 0x44, 0x5D, 0x98, 0x41, 0x31, 0x25, 0x5D, 0x9E, 0x59, 0x31, 0x3D, 0xEA, 0x00, 
	0xDF, 0x26, 0x15, 0x15, 0x5D, 0x96, 0xA9, 0x31, 0x9D, 0x15, 0x15, 0x15, 0x15, 0x61, 0x32, 0x54, 0xAC, 0x15, 0x95, 0x15, 0x15, 0x59, 0x98, 0x91, 0x31, 0x85, 0x15, 0x15, 0x15, 0x5D, 
	0x98, 0x81, 0x31, 0x9D, 0x15, 0x15, 0x15, 0x5D, 0xD2, 0xD4, 0xEA, 0xEA, 0xEA, 0xEA, 0xEA, 0x00, 0xA9, 0x26, 0x15, 0x15, 0x9C, 0x51, 0x31, 0x35, 0x5D, 0x98, 0x59, 0x31, 0x25, 0xEA, 
	0x00, 0x80, 0x26, 0x15, 0x15, 0x9E, 0x51, 0x31, 0x35, 0x5D, 0x9E, 0x59, 0x31, 0x75, 0x5D, 0x26, 0xD9, 0xFD, 0xA9, 0x0B, 0x15, 0x15, 0x5D, 0x96, 0xD1, 0x65, 0x4A, 0xD6, 0xD9, 0xD9, 
	0xD9, 0xD9, 0xD9, 0xD9, 0x55, 0x42, 0x5D, 0x94, 0xF9, 0x65, 0x14, 0x15, 0x15, 0x5D, 0x9E, 0x10, 0x85, 0x7E, 0x15, 0x15, 0x5D, 0x26, 0xD1, 0x5D, 0x9C, 0x91, 0x31, 0x75, 0x14, 0x15, 
	0x15, 0x5D, 0x96, 0x28, 0xE8, 0x7E, 0x15, 0x15, 0x15, 0x61, 0x19, 0x5D, 0x9E, 0x10, 0xE1, 0x7E, 0x15, 0x15, 0xFC, 0xBF, 0x15, 0x15, 0x15, 0x5D, 0x98, 0x51, 0x31, 0x55, 0x5D, 0x9E, 
	0xED, 0x26, 0xD5, 0xAC, 0x09, 0x14, 0x15, 0x15, 0xE6, 0xBF, 0x5D, 0x98, 0x59, 0x31, 0x55, 0xEA, 0x00, 0xA6, 0x27, 0x15, 0x15, 0x94, 0x69, 0x31, 0x59, 0xA5, 0x08, 0x15, 0x15, 0x61, 
	0x1F, 0x94, 0x69, 0x31, 0x59, 0xA4, 0x08, 0x15, 0x15, 0x60, 0x06, 0x5D, 0xAD, 0x15, 0x15, 0x15, 0x15, 0x95, 0xE3, 0xEA, 0xEA, 0x5D, 0x9C, 0x10, 0xBB, 0x7E, 0x15, 0x15, 0xFE, 0x75, 
	0x94, 0x69, 0x31, 0x59, 0x2C, 0x2D, 0x15, 0x15, 0x63, 0x50, 0x5D, 0x98, 0x51, 0x31, 0x3D, 0x5D, 0x9E, 0xED, 0x26, 0xD5, 0xAC, 0x05, 0x15, 0x15, 0x15, 0xE6, 0xBF, 0x5D, 0x98, 0x00, 
	0x6F, 0x37, 0x15, 0x15, 0x5D, 0x98, 0x59, 0x31, 0x3D, 0xEA, 0x00, 0x62, 0x27, 0x15, 0x15, 0x5D, 0x98, 0x59, 0x31, 0x3D, 0xEA, 0x00, 0x61, 0x27, 0x15, 0x15, 0x5D, 0x9C, 0x51, 0x31, 
	0x35, 0x5D, 0x9E, 0x51, 0x31, 0x35, 0x5D, 0x9E, 0x55, 0x37, 0x5D, 0x9C, 0x10, 0x4A, 0x7E, 0x15, 0x15, 0xFE, 0x04, 0x5D, 0xAD, 0x15, 0x15, 0x15, 0x15, 0x95, 0xE3, 0xEA, 0xEA, 0x5D, 
	0x9C, 0x10, 0x59, 0x7E, 0x15, 0x15, 0x5D, 0x9E, 0x10, 0x50, 0x7E, 0x15, 0x15, 0x5D, 0x9E, 0x99, 0x31, 0x75, 0x14, 0x15, 0x15, 0x5D, 0x26, 0xD9, 0xFD, 0xD0, 0x08, 0x15, 0x15, 0x5D, 
	0x94, 0xD1, 0x65, 0x14, 0x15, 0x15, 0x4A, 0xD6, 0xD9, 0xD9, 0xD9, 0xD9, 0xD9, 0xD9, 0xD9, 0xD9, 0xD9, 0xD9, 0xD9, 0xD9, 0x5D, 0x9C, 0x59, 0x31, 0x1D, 0x5D, 0x96, 0xF9, 0x2D, 0xFD, 
	0xE7, 0xEB, 0xEA, 0xEA, 0x5D, 0x9C, 0x51, 0x31, 0x3D, 0x5D, 0x9E, 0x59, 0x31, 0x55, 0xFD, 0x26, 0x15, 0x15, 0x15, 0x5D, 0x9C, 0x51, 0x31, 0x35, 0x5D, 0x9E, 0x51, 0x31, 0x35, 0x5D, 
	0xD4, 0xFD, 0x1C, 0x5D, 0xAC, 0xED, 0xEA, 0xEA, 0xEA, 0x6A, 0x15, 0x15, 0x15, 0x5D, 0x36, 0xD4, 0x5D, 0x16, 0x51, 0x31, 0x3D, 0x5D, 0x96, 0xD1, 0x2D, 0xD6, 0xD9, 0xD9, 0xD9, 0xD9, 
	0xD9, 0xD9, 0xD9, 0xD9, 0xD9, 0xD9, 0xD9, 0xD9, 0xD9, 0xD9, 0x5D, 0x9C, 0x59, 0x31, 0x1D, 0x5D, 0x96, 0xF9, 0x2D, 0xFD, 0xB7, 0xEB, 0xEA, 0xEA, 0x5D, 0x9C, 0x51, 0x31, 0x35, 0x5D, 
	0x9E, 0x51, 0x31, 0x55, 0x5D, 0xD4, 0xFD, 0x1C, 0x5D, 0xAC, 0xED, 0xEA, 0xEA, 0xEA, 0x6A, 0x15, 0x15, 0x15, 0x5D, 0x36, 0xD4, 0x5D, 0x16, 0x51, 0x31, 0x35, 0x5D, 0x96, 0xD1, 0x2D, 
	0xD6, 0xD9, 0xD9, 0xD9, 0xD9, 0xD9, 0xD9, 0xD9, 0xD9, 0xD9, 0xD9, 0xD9, 0xD9, 0xD9, 0x9C, 0x41, 0x31, 0x05, 0x5D, 0x9C, 0x59, 0x31, 0x1D, 0x5D, 0x96, 0xF9, 0x4D, 0x9E, 0x51, 0x31, 
	0x7D, 0x5D, 0x9E, 0x59, 0x31, 0x75, 0x5D, 0x16, 0xDD, 0x5D, 0x9E, 0xD4, 0x5D, 0x30, 0x15, 0xE5, 0xEA, 0xEA, 0x5D, 0x9C, 0x51, 0x31, 0x55, 0x5D, 0x9E, 0x51, 0x31, 0x75, 0x5D, 0x30, 
	0x15, 0xE5, 0xEA, 0xEA, 0x5D, 0x9C, 0x51, 0x31, 0x2D, 0xD2, 0x51, 0x31, 0x35, 0x15, 0x15, 0x15, 0x15, 0x5D, 0x9E, 0x51, 0x31, 0x2D, 0x5D, 0x2C, 0x51, 0x31, 0x55, 0x1A, 0x97, 0xCE, 
	0x15, 0x15, 0x15, 0x5D, 0x9E, 0x59, 0x31, 0x2D, 0xFD, 0x02, 0xEA, 0xEA, 0xEA, 0x5D, 0x9C, 0x51, 0x31, 0x3D, 0x5D, 0x9E, 0x59, 0x31, 0x3D, 0xEA, 0x00, 0x02, 0x24, 0x15, 0x15, 0x1A, 
	0xA3, 0xD5, 0x90, 0xD5, 0x61, 0x57, 0x5D, 0x9E, 0x51, 0x31, 0x3D, 0x5D, 0x9E, 0x15, 0x5D, 0x96, 0xF5, 0x14, 0x5D, 0x90, 0xD5, 0x61, 0x24, 0x5D, 0x9E, 0x51, 0x31, 0x3D, 0x5D, 0xAC, 
	0xEA, 0xEA, 0xEA, 0xEA, 0xEA, 0xEA, 0xEA, 0x6A, 0x5D, 0x9E, 0x15, 0x5D, 0x36, 0xD4, 0x5D, 0x9E, 0x59, 0x31, 0x3D, 0x5D, 0x9C, 0x14, 0x5D, 0x9E, 0x51, 0x31, 0x3D, 0x5D, 0x9E, 0x15, 
	0x5D, 0x96, 0xDD, 0x17, 0x5D, 0x9E, 0x59, 0x31, 0x3D, 0x5D, 0x9C, 0x14, 0x5D, 0x9E, 0x59, 0x31, 0x2D, 0xFD, 0x11, 0xEA, 0xEA, 0xEA, 0x5D, 0x9C, 0x51, 0x31, 0x25, 0x5D, 0x9E, 0x59, 
	0x31, 0x25, 0xEA, 0x00, 0xA1, 0x25, 0x15, 0x15, 0x1A, 0xA3, 0xD5, 0x90, 0xD5, 0x61, 0x57, 0x5D, 0x9E, 0x51, 0x31, 0x25, 0x5D, 0x9E, 0x15, 0x5D, 0x96, 0xF5, 0x14, 0x5D, 0x90, 0xD5, 
	0x61, 0x24, 0x5D, 0x9E, 0x51, 0x31, 0x25, 0x5D, 0xAC, 0xEA, 0xEA, 0xEA, 0xEA, 0xEA, 0xEA, 0xEA, 0x6A, 0x5D, 0x9E, 0x15, 0x5D, 0x36, 0xD4, 0x5D, 0x9E, 0x59, 0x31, 0x25, 0x5D, 0x9C, 
	0x14, 0x5D, 0x9E, 0x51, 0x31, 0x25, 0x5D, 0x9E, 0x15, 0x5D, 0x96, 0xDD, 0x17, 0x5D, 0x9E, 0x59, 0x31, 0x25, 0x5D, 0x9C, 0x14, 0x5D, 0x9E, 0x51, 0x31, 0x2D, 0x5D, 0x10, 0x15, 0x05, 
	0x15, 0x15, 0x5D, 0x9C, 0x51, 0x31, 0x2D, 0xFC, 0x00, 0xEA, 0xEA, 0xEA, 0xA5, 0x14, 0x5D, 0x96, 0xD1, 0x4D, 0xD6, 0xD9, 0xD9, 0xD9, 0xD9, 0xD9, 0xD9, 0xD9, 0xD9, 0xD9, 0xD9, 0xD9, 
	0xD9, 0xD9, 0xD9, 0xD9, 0x59, 0x9C, 0x51, 0x31, 0x0D, 0x5D, 0x9C, 0x41, 0x31, 0x05, 0x5D, 0x9C, 0x59, 0x31, 0x1D, 0x42, 0x5D, 0x94, 0xF9, 0xB5, 0x15, 0x15, 0x15, 0x5D, 0x9E, 0x10, 
	0xA7, 0x7D, 0x15, 0x15, 0x5D, 0x26, 0xD1, 0x5D, 0x9C, 0x91, 0x31, 0x8D, 0x15, 0x15, 0x15, 0x5D, 0x96, 0xA9, 0x31, 0xAD, 0x15, 0x15, 0x15, 0x15, 0x60, 0x12, 0x26, 0xD5, 0xFC, 0x54, 
	0x14, 0x15, 0x15, 0x5D, 0xD2, 0x51, 0x31, 0x3D, 0x15, 0x15, 0x15, 0x15, 0x5D, 0x98, 0x51, 0x31, 0x7D, 0x5D, 0x9E, 0xED, 0x26, 0xD5, 0xAC, 0x25, 0x15, 0x15, 0x15, 0xE6, 0xBF, 0x5D, 
	0xD2, 0x51, 0x31, 0x25, 0x15, 0x15, 0x15, 0x15, 0x5D, 0x98, 0x41, 0x31, 0x3D, 0x5D, 0x9E, 0x99, 0x31, 0xA5, 0x15, 0x15, 0x15, 0xEA, 0x00, 0x2A, 0x25, 0x15, 0x15, 0x9C, 0x51, 0x31, 
	0x35, 0x96, 0x69, 0x31, 0x35, 0x15, 0x68, 0x12, 0x26, 0xD5, 0xFC, 0xEC, 0x15, 0x15, 0x15, 0x5D, 0x98, 0x51, 0x31, 0x4D, 0x5D, 0x9E, 0xED, 0x26, 0xD5, 0xAC, 0x05, 0x15, 0x15, 0x15, 
	0xE6, 0xBF, 0x5D, 0x9E, 0x81, 0x31, 0xAD, 0x15, 0x15, 0x15, 0x5D, 0x98, 0x59, 0x31, 0x4D, 0xEA, 0x00, 0x74, 0x25, 0x15, 0x15, 0x5D, 0x98, 0x51, 0x31, 0x55, 0x5D, 0x9E, 0xED, 0x26, 
	0xD5, 0xAC, 0x05, 0x15, 0x15, 0x15, 0xE6, 0xBF, 0x54, 0xA5, 0x14, 0x5D, 0x98, 0x41, 0x31, 0x4D, 0x5D, 0x98, 0x59, 0x31, 0x55, 0xEA, 0x00, 0x50, 0x25, 0x15, 0x15, 0x9C, 0x51, 0x31, 
	0x35, 0x96, 0x69, 0x31, 0x35, 0x15, 0x68, 0x12, 0x26, 0xD5, 0xFC, 0x8A, 0x15, 0x15, 0x15, 0x5D, 0x9E, 0x59, 0x31, 0x5D, 0xFD, 0xC5, 0x0E, 0x15, 0x15, 0x5D, 0x98, 0x41, 0x31, 0x7D, 
	0x5D, 0x9E, 0x59, 0x31, 0x3D, 0xEA, 0x00, 0xBC, 0x3A, 0x15, 0x15, 0x5D, 0x9E, 0x59, 0x31, 0x3D, 0xFD, 0xA9, 0x0E, 0x15, 0x15, 0x5D, 0x9C, 0x51, 0x31, 0x45, 0x5D, 0x9E, 0x59, 0x31, 
	0x3D, 0xFD, 0x80, 0x0E, 0x15, 0x15, 0x5D, 0x9C, 0x51, 0x31, 0x2D, 0x5D, 0x96, 0x69, 0x31, 0x2D, 0x15, 0x61, 0x36, 0x59, 0x9E, 0x99, 0x31, 0xD5, 0x15, 0x15, 0x15, 0x59, 0x98, 0x51, 
	0x31, 0x55, 0x5D, 0x9E, 0x41, 0x31, 0x2D, 0x5D, 0x9E, 0x59, 0x31, 0x3D, 0xFD, 0xA2, 0x14, 0x15, 0x15, 0x5D, 0x9C, 0x51, 0x31, 0x25, 0xFE, 0x34, 0x59, 0x9E, 0x99, 0x31, 0xD5, 0x15, 
	0x15, 0x15, 0x59, 0x98, 0x51, 0x31, 0x55, 0x5D, 0x9E, 0x41, 0x31, 0x45, 0x5D, 0x9E, 0x59, 0x31, 0x3D, 0xFD, 0x51, 0x15, 0x15, 0x15, 0x5D, 0x9C, 0x51, 0x31, 0x25, 0x5D, 0x98, 0x59, 
	0x31, 0x7D, 0xEA, 0x00, 0x29, 0x3A, 0x15, 0x15, 0x5D, 0x98, 0x59, 0x31, 0x55, 0xEA, 0x00, 0xBC, 0x3A, 0x15, 0x15, 0x5D, 0x9E, 0x51, 0x31, 0x25, 0x5D, 0x9E, 0x99, 0x31, 0x8D, 0x15, 
	0x15, 0x15, 0x5D, 0x26, 0xD9, 0xFD, 0x41, 0x0F, 0x15, 0x15, 0x5D, 0x94, 0xD1, 0xB5, 0x15, 0x15, 0x15, 0x4A, 0xD6, 0xD9, 0xD9, 0xD9, 0xD9, 0xD9, 0xD9, 0xD9, 0xD9, 0xD9, 0xD9, 0xD9, 
	0x59, 0x9C, 0x59, 0x31, 0x35, 0x59, 0x9C, 0x51, 0x31, 0x0D, 0x5D, 0x9C, 0x41, 0x31, 0x05, 0x5D, 0x9C, 0x59, 0x31, 0x1D, 0x5D, 0x96, 0xF9, 0x6D, 0x5D, 0xD2, 0x51, 0x31, 0x4D, 0x15, 
	0x15, 0x15, 0x15, 0x5D, 0x98, 0x51, 0x31, 0x4D, 0x5D, 0x9C, 0x51, 0x31, 0x25, 0xD3, 0x51, 0x31, 0x3D, 0x14, 0x5D, 0xD2, 0x51, 0x31, 0x35, 0x14, 0x15, 0x15, 0x15, 0x59, 0x9E, 0x99, 
	0x31, 0x9D, 0x15, 0x15, 0x15, 0x59, 0x9E, 0x91, 0x31, 0x95, 0x15, 0x15, 0x15, 0x5D, 0x9E, 0x81, 0x31, 0x9D, 0x15, 0x15, 0x15, 0x5D, 0x9E, 0x99, 0x31, 0x95, 0x15, 0x15, 0x15, 0xEA, 
	0x00, 0xCC, 0x3B, 0x15, 0x15, 0x5D, 0x9E, 0x91, 0x31, 0x9D, 0x15, 0x15, 0x15, 0x5D, 0x9E, 0x55, 0x0D, 0x5D, 0x9C, 0x51, 0x31, 0x75, 0x5D, 0x9E, 0x51, 0x31, 0x75, 0x5D, 0x96, 0xD5, 
	0x05, 0x5D, 0x9C, 0x51, 0x31, 0x5D, 0x5D, 0x9E, 0x51, 0x31, 0x5D, 0x5D, 0x9E, 0x15, 0x5D, 0x9C, 0x51, 0x31, 0x55, 0x5D, 0xD2, 0x51, 0x31, 0x45, 0x15, 0x15, 0x15, 0x15, 0x5D, 0x9E, 
	0x51, 0x31, 0x55, 0x5D, 0x2C, 0x51, 0x31, 0x5D, 0x1A, 0x91, 0x8E, 0x15, 0x15, 0x15, 0x5D, 0x9E, 0x51, 0x31, 0x55, 0x5D, 0x96, 0xD5, 0x4D, 0x54, 0xA5, 0x14, 0x5D, 0x9E, 0x81, 0x31, 
	0x85, 0x15, 0x15, 0x15, 0x5D, 0x9E, 0xDD, 0xEA, 0x00, 0xA2, 0x3B, 0x15, 0x15, 0x90, 0xD5, 0x60, 0x7D, 0x5D, 0x9E, 0x51, 0x31, 0x55, 0x5D, 0x96, 0xD5, 0x4D, 0x5D, 0x9C, 0x51, 0x31, 
	0x3D, 0x5D, 0x9E, 0x51, 0x31, 0x55, 0x5D, 0x9E, 0x55, 0x55, 0x5D, 0x9C, 0x51, 0x31, 0x35, 0x5D, 0x9E, 0x51, 0x31, 0x55, 0x59, 0x9E, 0x5D, 0x25, 0x59, 0x98, 0x10, 0xCA, 0x08, 0x15, 
	0x15, 0x26, 0xC7, 0xAC, 0x58, 0x15, 0x15, 0x15, 0xEA, 0x00, 0x8F, 0x38, 0x15, 0x15, 0x5D, 0x9E, 0x51, 0x31, 0x55, 0x5D, 0x9E, 0x55, 0x25, 0x5D, 0x9C, 0x51, 0x31, 0x45, 0x5D, 0x96, 
	0xA9, 0x31, 0x8D, 0x15, 0x15, 0x15, 0x15, 0x61, 0x01, 0x5D, 0x9E, 0x91, 0x31, 0x8D, 0x15, 0x15, 0x15, 0x5D, 0x9E, 0x59, 0x31, 0x55, 0x5D, 0x9E, 0x5C, 0x55, 0x5D, 0x9C, 0x1D, 0xFE, 
	0x07, 0x5D, 0x9E, 0x51, 0x31, 0x55, 0x5D, 0x9E, 0x15, 0x5D, 0x9C, 0x51, 0x31, 0x55, 0xFC, 0x40, 0xEA, 0xEA, 0xEA, 0x5D, 0x9E, 0x51, 0x31, 0x45, 0x5D, 0x96, 0xD1, 0x6D, 0xD6, 0xD9, 
	0xD9, 0xD9, 0xD9, 0xD9, 0xD9, 0xD9, 0x59, 0x9C, 0x59, 0x31, 0x35, 0x59, 0x9C, 0x51, 0x31, 0x0D, 0x5D, 0x9C, 0x41, 0x31, 0x05, 0x5D, 0x9C, 0x59, 0x31, 0x1D, 0x42, 0x5D, 0x94, 0xF9, 
	0x95, 0x15, 0x15, 0x15, 0x5D, 0xD2, 0x51, 0x31, 0x4D, 0x15, 0x15, 0x15, 0x15, 0x5D, 0x98, 0x51, 0x31, 0x4D, 0x5D, 0x9C, 0x51, 0x31, 0x25, 0xD3, 0x51, 0x31, 0x3D, 0x14, 0x5D, 0xD2, 
	0x51, 0x31, 0x35, 0x14, 0x15, 0x15, 0x15, 0x59, 0x9E, 0x99, 0x31, 0x8D, 0x15, 0x15, 0x15, 0x59, 0x9E, 0x91, 0x31, 0x85, 0x15, 0x15, 0x15, 0x5D, 0x9E, 0x81, 0x31, 0x8D, 0x15, 0x15, 
	0x15, 0x5D, 0x9E, 0x99, 0x31, 0x85, 0x15, 0x15, 0x15, 0xEA, 0x00, 0x90, 0x38, 0x15, 0x15, 0x5D, 0x9E, 0x91, 0x31, 0x8D, 0x15, 0x15, 0x15, 0x9E, 0x5D, 0x19, 0xFD, 0xC8, 0x17, 0x15, 
	0x15, 0x5D, 0x9C, 0x51, 0x31, 0x75, 0x5D, 0x9E, 0x51, 0x31, 0x75, 0x5D, 0x96, 0xD5, 0x19, 0x5D, 0x9C, 0x51, 0x31, 0x5D, 0x5D, 0x9E, 0x51, 0x31, 0x5D, 0x9E, 0x1D, 0xFD, 0xAB, 0x17, 
	0x15, 0x15, 0x5D, 0x9C, 0x51, 0x31, 0x55, 0x5D, 0xD2, 0x51, 0x31, 0x45, 0x15, 0x15, 0x15, 0x15, 0x5D, 0x9E, 0x51, 0x31, 0x55, 0x5D, 0x2C, 0x51, 0x31, 0x5D, 0x1A, 0x91, 0xAB, 0x15, 
	0x15, 0x15, 0x5D, 0x9E, 0x51, 0x31, 0x55, 0x9E, 0x55, 0x25, 0x5D, 0x9C, 0x51, 0x31, 0x7D, 0x5D, 0x98, 0x51, 0x31, 0x65, 0x5D, 0x9E, 0xED, 0x26, 0xD5, 0xAC, 0x05, 0x15, 0x15, 0x15, 
	0xE6, 0xBF, 0x5D, 0x9E, 0x41, 0x31, 0x7D, 0x5D, 0x98, 0x59, 0x31, 0x65, 0xEA, 0x00, 0x6F, 0x39, 0x15, 0x15, 0x54, 0xA5, 0x14, 0x5D, 0x9E, 0x81, 0x31, 0xB5, 0x15, 0x15, 0x15, 0x5D, 
	0x98, 0x59, 0x31, 0x65, 0xEA, 0x00, 0x21, 0x38, 0x15, 0x15, 0x90, 0xD5, 0x60, 0x75, 0x5D, 0x98, 0x51, 0x31, 0x65, 0x5D, 0x9C, 0x51, 0x31, 0x3D, 0x5D, 0x9E, 0x51, 0x31, 0x55, 0x9E, 
	0x55, 0x35, 0x9C, 0x51, 0x31, 0x35, 0x5D, 0x9E, 0x51, 0x31, 0x55, 0x51, 0x9E, 0x5D, 0x0D, 0x59, 0x98, 0x10, 0x77, 0x09, 0x15, 0x15, 0x26, 0xC7, 0xAC, 0x58, 0x15, 0x15, 0x15, 0xEA, 
	0x00, 0x08, 0x39, 0x15, 0x15, 0x5D, 0x9E, 0x51, 0x31, 0x55, 0x9E, 0x55, 0x0D, 0x5D, 0x9C, 0x51, 0x31, 0x45, 0x5D, 0x96, 0xA9, 0x31, 0xBD, 0x15, 0x15, 0x15, 0x15, 0x61, 0x06, 0x5D, 
	0x9E, 0x51, 0x31, 0x55, 0x9E, 0x55, 0x35, 0x5D, 0x9E, 0x99, 0x31, 0xBD, 0x15, 0x15, 0x15, 0x5D, 0x9C, 0x14, 0xFE, 0x03, 0x5D, 0x9E, 0x51, 0x31, 0x55, 0x9E, 0x1D, 0xFD, 0xF9, 0x14, 
	0x15, 0x15, 0x5D, 0x9C, 0x51, 0x31, 0x55, 0xFC, 0x27, 0xEA, 0xEA, 0xEA, 0x5D, 0x9E, 0x51, 0x31, 0x45, 0x5D, 0x94, 0xD1, 0x95, 0x15, 0x15, 0x15, 0x4A, 0xD6, 0xD9, 0xD9, 0xD9, 0xD9, 
	0x59, 0x9C, 0x51, 0x31, 0x0D, 0x5D, 0x9C, 0x41, 0x31, 0x05, 0x5D, 0x9C, 0x59, 0x31, 0x1D, 0x42, 0x5D, 0x94, 0xF9, 0x85, 0x15, 0x15, 0x15, 0x5D, 0x9E, 0x10, 0x57, 0x71, 0x15, 0x15, 
	0x5D, 0x26, 0xD1, 0x5D, 0x9C, 0x91, 0x31, 0x95, 0x15, 0x15, 0x15, 0x5D, 0x96, 0xA9, 0x31, 0xA5, 0x15, 0x15, 0x15, 0x15, 0x60, 0x1F, 0xAD, 0x14, 0x15, 0x15, 0xD5, 0xFC, 0x7E, 0x14, 
	0x15, 0x15, 0x5D, 0xD2, 0x51, 0x31, 0x55, 0x15, 0x15, 0x15, 0x15, 0x5D, 0x98, 0x51, 0x31, 0x45, 0x5D, 0x9E, 0xED, 0x26, 0xD5, 0xAC, 0x25, 0x15, 0x15, 0x15, 0xE6, 0xBF, 0x5D, 0x98, 
	0x41, 0x31, 0x55, 0x5D, 0x9E, 0x99, 0x31, 0xB5, 0x15, 0x15, 0x15, 0xEA, 0x00, 0xC0, 0x3E, 0x15, 0x15, 0x9C, 0x51, 0x31, 0x2D, 0x96, 0x69, 0x31, 0x2D, 0x15, 0x68, 0x12, 0x26, 0xD5, 
	0xFC, 0x39, 0x14, 0x15, 0x15, 0xAF, 0x25, 0x15, 0x15, 0x15, 0x26, 0xDC, 0xEA, 0x00, 0x73, 0x3E, 0x15, 0x15, 0x5D, 0x9C, 0x51, 0x31, 0x25, 0x5D, 0x9E, 0x69, 0x31, 0x25, 0x26, 0xD5, 
	0xAC, 0x25, 0x15, 0x15, 0x15, 0xE6, 0xBF, 0x5D, 0x98, 0x41, 0x31, 0x45, 0x5D, 0x9E, 0x59, 0x31, 0x55, 0xEA, 0x00, 0x96, 0x3E, 0x15, 0x15, 0x5D, 0xD2, 0x51, 0x31, 0x5D, 0x15, 0x15, 
	0x15, 0x15, 0x5D, 0x98, 0x51, 0x31, 0x5D, 0x5D, 0x9C, 0x51, 0x31, 0x3D, 0x5D, 0xD2, 0x51, 0x31, 0x35, 0x25, 0x15, 0x15, 0x15, 0x59, 0x9E, 0x59, 0x31, 0x25, 0x50, 0x26, 0xD5, 0x5D, 
	0x9E, 0x81, 0x31, 0xBD, 0x15, 0x15, 0x15, 0x5D, 0xD2, 0xD4, 0xEA, 0xEA, 0xEA, 0xEA, 0xEA, 0x00, 0xC7, 0x3E, 0x15, 0x15, 0x9C, 0x51, 0x31, 0x2D, 0x5D, 0x98, 0x59, 0x31, 0x45, 0xEA, 
	0x00, 0x56, 0x3E, 0x15, 0x15, 0x96, 0x69, 0x31, 0x2D, 0x15, 0x1A, 0x99, 0x98, 0x15, 0x15, 0x15, 0x5D, 0x9E, 0x91, 0x31, 0xA5, 0x15, 0x15, 0x15, 0x5D, 0x9E, 0x59, 0x31, 0x25, 0x5D, 
	0x9E, 0x5C, 0x1D, 0x5D, 0x9C, 0x5D, 0x1D, 0x5D, 0x9E, 0x51, 0x31, 0x25, 0x9E, 0x55, 0x05, 0x5D, 0x9E, 0x99, 0x31, 0xA5, 0x15, 0x15, 0x15, 0x5D, 0x9C, 0x54, 0x05, 0x5D, 0x9E, 0x91, 
	0x31, 0xA5, 0x15, 0x15, 0x15, 0x5D, 0x9E, 0x59, 0x31, 0x25, 0x5D, 0x9E, 0x1C, 0x5D, 0x9C, 0x1D, 0x5D, 0x9E, 0x51, 0x31, 0x25, 0x9E, 0x55, 0x31, 0x5D, 0x9E, 0x99, 0x31, 0xA5, 0x15, 
	0x15, 0x15, 0x5D, 0x9C, 0x54, 0x3D, 0x5D, 0x9E, 0x91, 0x31, 0xA5, 0x15, 0x15, 0x15, 0x5D, 0x9E, 0x59, 0x31, 0x25, 0x5D, 0x9E, 0x5C, 0x0D, 0x5D, 0x9C, 0x5D, 0x0D, 0x5D, 0x9E, 0x51, 
	0x31, 0x25, 0x9E, 0x55, 0x35, 0x5D, 0x9E, 0x99, 0x31, 0xA5, 0x15, 0x15, 0x15, 0x5D, 0x9C, 0x54, 0x35, 0x5D, 0x9E, 0x51, 0x31, 0x25, 0x9E, 0x55, 0x3D, 0x5D, 0x9E, 0x99, 0x31, 0xA5, 
	0x15, 0x15, 0x15, 0x5D, 0x9C, 0x54, 0x25, 0x5D, 0x9E, 0x59, 0x31, 0x55, 0xEA, 0x00, 0x95, 0x3F, 0x15, 0x15, 0x26, 0xC7, 0x5D, 0x9E, 0x59, 0x31, 0x25, 0xEA, 0x00, 0x46, 0x3F, 0x15, 
	0x15, 0x9E, 0x51, 0x31, 0x2D, 0x5D, 0x9E, 0x99, 0x31, 0x95, 0x15, 0x15, 0x15, 0x5D, 0x26, 0xD9, 0xFD, 0xA2, 0x00, 0x15, 0x15, 0x5D, 0x94, 0xD1, 0x85, 0x15, 0x15, 0x15, 0x4A, 0xD6, 
	0xD9, 0xD9, 0xD9, 0xD9, 0xD9, 0xD9, 0xD9, 0xD9, 0xD9, 0xD9, 0xD9, 0xD9, 0xD9, 0xD9, 0x9C, 0x59, 0x31, 0x1D, 0x9E, 0x51, 0x31, 0x1D, 0xD6, 0xD9, 0xD9, 0xD9, 0xD9, 0xD9, 0xD9, 0xD9, 
	0x5D, 0x96, 0xF9, 0x3D, 0x5D, 0x96, 0x28, 0xE9, 0x77, 0x15, 0x15, 0x15, 0x61, 0x18, 0x5D, 0x9E, 0x18, 0xE6, 0x77, 0x15, 0x15, 0xEA, 0x00, 0xC8, 0x3F, 0x15, 0x15, 0x5D, 0x96, 0xD1, 
	0x3D, 0xD6, 0x5D, 0x9C, 0x59, 0x31, 0x1D, 0x42, 0x5D, 0x96, 0xF9, 0x75, 0x5D, 0x98, 0x51, 0x31, 0x45, 0x5D, 0x9E, 0xED, 0x26, 0xD5, 0xAC, 0x05, 0x15, 0x15, 0x15, 0xE6, 0xBF, 0x5D, 
	0x9E, 0x41, 0x31, 0x65, 0x5D, 0x98, 0x59, 0x31, 0x45, 0xEA, 0x00, 0xB8, 0x3C, 0x15, 0x15, 0x5D, 0xD2, 0x51, 0x31, 0x5D, 0x15, 0x15, 0x15, 0x15, 0x5D, 0x98, 0x51, 0x31, 0x5D, 0x5D, 
	0x9C, 0x51, 0x31, 0x2D, 0x5D, 0xD2, 0x51, 0x31, 0x25, 0x15, 0x15, 0x15, 0x15, 0xD3, 0x51, 0x31, 0x3D, 0x15, 0x5D, 0x9E, 0x10, 0xA8, 0x3F, 0x15, 0x15, 0x5D, 0x9E, 0x15, 0x5D, 0x9C, 
	0x51, 0x31, 0x35, 0x50, 0x26, 0xDC, 0x50, 0x26, 0xD5, 0xAF, 0xEA, 0x14, 0x0A, 0x15, 0x5D, 0x98, 0x59, 0x31, 0x45, 0xEA, 0x00, 0x9A, 0x3F, 0x15, 0x15, 0x9C, 0x51, 0x31, 0x55, 0x96, 
	0x69, 0x31, 0x55, 0x15, 0x69, 0x1E, 0x5D, 0x9E, 0x59, 0x31, 0x5D, 0xEA, 0x00, 0x84, 0x3C, 0x15, 0x15, 0x5D, 0x9E, 0x51, 0x31, 0x5D, 0x5D, 0x96, 0xD1, 0x75, 0x4A, 0xD6, 0xD9, 0xD9, 
	0xD9, 0xD9, 0xD9, 0xD9, 0xD9, 0xD9, 0xD9, 0xD9, 0xD9, 0xD9, 0xD9, 0xD9, 0x55, 0x43, 0x42, 0x5D, 0x94, 0xF9, 0x0D, 0x17, 0x15, 0x15, 0x5D, 0x9E, 0x10, 0xBA, 0x74, 0x15, 0x15, 0x5D, 
	0x26, 0xD1, 0x5D, 0x9C, 0x91, 0x31, 0x15, 0x17, 0x15, 0x15, 0x5D, 0x98, 0x18, 0x68, 0x0C, 0x15, 0x15, 0xFD, 0x2D, 0xEA, 0xEA, 0xEA, 0x5D, 0x9C, 0x51, 0x31, 0x65, 0x5D, 0x96, 0x69, 
	0x31, 0x65, 0x15, 0x60, 0x1F, 0xAD, 0x14, 0x15, 0x15, 0xD5, 0xFC, 0x91, 0x16, 0x15, 0x15, 0x50, 0x26, 0xDC, 0x59, 0x98, 0x10, 0x62, 0x0C, 0x15, 0x15, 0x5D, 0x98, 0x00, 0x95, 0x0C, 
	0x15, 0x15, 0x5D, 0x98, 0x18, 0xEC, 0x00, 0x15, 0x15, 0xFD, 0x21, 0x05, 0x15, 0x15, 0x5D, 0x9C, 0x51, 0x31, 0x7D, 0x5D, 0x96, 0x69, 0x31, 0x7D, 0x15, 0x60, 0x1F, 0xAD, 0x14, 0x15, 
	0x15, 0xD5, 0xFC, 0x45, 0x16, 0x15, 0x15, 0x5D, 0x98, 0x91, 0x31, 0xBD, 0x15, 0x15, 0x15, 0x5D, 0x9E, 0xED, 0x26, 0xD5, 0xAC, 0x35, 0x15, 0x15, 0x15, 0xE6, 0xBF, 0x5D, 0x9E, 0x10, 
	0xCF, 0x3C, 0x15, 0x15, 0x5D, 0x9C, 0x91, 0x31, 0xBD, 0x15, 0x15, 0x15, 0xD2, 0x91, 0x31, 0xA5, 0x15, 0x15, 0x15, 0x16, 0x15, 0x15, 0x15, 0x5D, 0x9E, 0x51, 0x31, 0x7D, 0x5D, 0x9C, 
	0x91, 0x31, 0xAD, 0x15, 0x15, 0x15, 0x5D, 0x98, 0x91, 0x31, 0x95, 0x15, 0x15, 0x15, 0x5D, 0x9E, 0xED, 0x26, 0xD5, 0xAC, 0x3D, 0x15, 0x15, 0x15, 0xE6, 0xBF, 0xEA, 0x00, 0x6D, 0x3C, 
	0x15, 0x15, 0x73, 0x9C, 0x91, 0x31, 0x95, 0x15, 0x15, 0x15, 0xAD, 0x14, 0x15, 0x15, 0x15, 0x73, 0x9C, 0x91, 0x31, 0x97, 0x15, 0x15, 0x15, 0x5D, 0x98, 0x10, 0xE9, 0x17, 0x15, 0x15, 
	0x5D, 0x9C, 0x91, 0x31, 0x8D, 0x15, 0x15, 0x15, 0x5D, 0x98, 0x91, 0x31, 0xBD, 0x15, 0x15, 0x15, 0x5D, 0x9C, 0x91, 0x31, 0xB5, 0x15, 0x15, 0x15, 0x5D, 0x98, 0x00, 0xC8, 0x0D, 0x15, 
	0x15, 0x5D, 0x98, 0x99, 0x31, 0x9D, 0x15, 0x15, 0x15, 0xEA, 0x00, 0x32, 0x3D, 0x15, 0x15, 0x5D, 0x98, 0x91, 0x31, 0xC5, 0x15, 0x15, 0x15, 0x5D, 0x9E, 0xED, 0x26, 0xD5, 0xAC, 0x09, 
	0x14, 0x15, 0x15, 0xE6, 0xBF, 0x5D, 0x98, 0x99, 0x31, 0xC5, 0x15, 0x15, 0x15, 0xEA, 0x00, 0xF8, 0x32, 0x15, 0x15, 0x5D, 0xD2, 0x51, 0x31, 0x5D, 0x15, 0x15, 0x15, 0x15, 0x94, 0xA9, 
	0x31, 0xC9, 0x15, 0x15, 0x15, 0xA5, 0x08, 0x15, 0x15, 0x61, 0x04, 0x94, 0xA9, 0x31, 0xC9, 0x15, 0x15, 0x15, 0xA4, 0x08, 0x15, 0x15, 0x1A, 0x90, 0xC7, 0x15, 0x15, 0x15, 0x5D, 0x9E, 
	0x10, 0xDA, 0x3D, 0x15, 0x15, 0x5D, 0x9C, 0x51, 0x31, 0x25, 0xD2, 0x51, 0x31, 0x35, 0x15, 0x15, 0x15, 0x15, 0xFE, 0x1F, 0x9E, 0x51, 0x31, 0x35, 0xEA, 0xD5, 0x9C, 0x51, 0x31, 0x35, 
	0x94, 0x69, 0x31, 0x35, 0x15, 0x10, 0x15, 0x15, 0x1A, 0x98, 0x8A, 0x15, 0x15, 0x15, 0x5D, 0x76, 0x51, 0x31, 0x35, 0x5D, 0x9E, 0x59, 0x31, 0x25, 0x1A, 0xA3, 0x11, 0x14, 0x96, 0xED, 
	0x61, 0x1A, 0x90, 0x96, 0x15, 0x15, 0x15, 0x9E, 0x51, 0x31, 0x35, 0x96, 0xD5, 0x17, 0x5D, 0x8D, 0x5D, 0x9E, 0x59, 0x31, 0x25, 0x1A, 0xA3, 0x11, 0x14, 0x28, 0xFD, 0x15, 0x15, 0x15, 
	0x60, 0x7F, 0x9E, 0x51, 0x31, 0x35, 0x96, 0xD5, 0x12, 0x5D, 0x8D, 0x5D, 0x9E, 0x59, 0x31, 0x25, 0x1A, 0xA3, 0x11, 0x14, 0x96, 0xED, 0x2E, 0x60, 0x46, 0x9E, 0x51, 0x31, 0x35, 0x96, 
	0xD5, 0x1D, 0x5D, 0x8D, 0x5D, 0x9E, 0x59, 0x31, 0x25, 0x1A, 0xA3, 0x11, 0x14, 0x28, 0xD6, 0x15, 0x15, 0x15, 0x60, 0x2F, 0x5D, 0x76, 0x51, 0x31, 0x35, 0x5D, 0x9E, 0x59, 0x31, 0x25, 
	0x5D, 0x98, 0x51, 0x14, 0x12, 0x5D, 0x9C, 0x51, 0x31, 0x4D, 0x5D, 0x76, 0x51, 0x31, 0x35, 0x5D, 0x9E, 0x59, 0x31, 0x25, 0x9E, 0x51, 0x14, 0x16, 0x9E, 0x59, 0x31, 0x4D, 0x16, 0xDD, 
	0x9E, 0xD4, 0x9C, 0x51, 0x31, 0x4D, 0x5D, 0x9E, 0x51, 0x31, 0x4D, 0x5D, 0x9C, 0x51, 0x31, 0x5D, 0xFE, 0x10, 0xFC, 0x5C, 0xEA, 0xEA, 0xEA, 0xFC, 0xC4, 0x15, 0x15, 0x15, 0x5D, 0x9E, 
	0x10, 0xE8, 0x32, 0x15, 0x15, 0x5D, 0x9C, 0x51, 0x31, 0x2D, 0xD2, 0x51, 0x31, 0x31, 0x15, 0x15, 0x15, 0x15, 0xFE, 0x1F, 0x9E, 0x51, 0x31, 0x31, 0xEA, 0xD5, 0x9C, 0x51, 0x31, 0x31, 
	0x94, 0x69, 0x31, 0x31, 0x15, 0x10, 0x15, 0x15, 0x1A, 0x98, 0xB6, 0x15, 0x15, 0x15, 0x5D, 0x76, 0x51, 0x31, 0x31, 0x5D, 0x9E, 0x59, 0x31, 0x2D, 0x1A, 0xA3, 0x11, 0x14, 0x28, 0xAF, 
	0x15, 0x15, 0x15, 0x1A, 0x90, 0x90, 0x15, 0x15, 0x15, 0x9E, 0x51, 0x31, 0x31, 0x96, 0xD5, 0x10, 0x5D, 0x8D, 0x5D, 0x9E, 0x59, 0x31, 0x2D, 0x1A, 0xA3, 0x11, 0x14, 0x28, 0xFD, 0x15, 
	0x15, 0x15, 0x60, 0x79, 0x9E, 0x51, 0x31, 0x31, 0x96, 0xD5, 0x1F, 0x5D, 0x8D, 0x5D, 0x9E, 0x59, 0x31, 0x2D, 0x1A, 0xA3, 0x11, 0x14, 0x28, 0x90, 0x15, 0x15, 0x15, 0x60, 0x46, 0x9E, 
	0x51, 0x31, 0x31, 0x96, 0xD5, 0x1E, 0x5D, 0x8D, 0x5D, 0x9E, 0x59, 0x31, 0x2D, 0x1A, 0xA3, 0x11, 0x14, 0x28, 0xD5, 0x15, 0x15, 0x15, 0x60, 0x2F, 0x5D, 0x76, 0x51, 0x31, 0x31, 0x5D, 
	0x9E, 0x59, 0x31, 0x2D, 0x5D, 0x98, 0x51, 0x14, 0x1F, 0x5D, 0x9C, 0x51, 0x31, 0x75, 0x5D, 0x76, 0x51, 0x31, 0x31, 0x5D, 0x9E, 0x59, 0x31, 0x2D, 0x9E, 0x51, 0x14, 0x13, 0x9E, 0x59, 
	0x31, 0x75, 0x16, 0xDD, 0x9E, 0xD4, 0x9C, 0x51, 0x31, 0x75, 0x5D, 0x9E, 0x51, 0x31, 0x75, 0x5D, 0x9C, 0x51, 0x31, 0x5D, 0xFE, 0x10, 0xFC, 0x50, 0xEA, 0xEA, 0xEA, 0xD2, 0x51, 0x31, 
	0x55, 0x14, 0x15, 0x15, 0xD5, 0x5D, 0x96, 0x69, 0x31, 0x5D, 0x15, 0x1A, 0x91, 0xBB, 0x15, 0x15, 0x15, 0x5D, 0x9E, 0x59, 0x31, 0x5D, 0xEA, 0x00, 0x39, 0x32, 0x15, 0x15, 0x5D, 0x9C, 
	0x51, 0x31, 0x6D, 0x50, 0x26, 0xD5, 0xAF, 0x1F, 0x15, 0x15, 0x15, 0x5D, 0x9E, 0x59, 0x31, 0x6D, 0xEA, 0x00, 0xE1, 0x33, 0x15, 0x15, 0x5D, 0x9C, 0x51, 0x31, 0x45, 0x5D, 0x96, 0x69, 
	0x31, 0x45, 0x15, 0x61, 0x6B, 0x5D, 0x98, 0x91, 0x31, 0xE5, 0x14, 0x15, 0x15, 0x5D, 0x9E, 0xED, 0x26, 0xD5, 0xAC, 0x1F, 0x15, 0x15, 0x15, 0xE6, 0xBF, 0xD3, 0x51, 0x31, 0x3D, 0xA5, 
	0xD3, 0x51, 0x31, 0x3C, 0x14, 0xD3, 0x51, 0x31, 0x3F, 0xD6, 0x5D, 0x98, 0x91, 0x31, 0xE5, 0x14, 0x15, 0x15, 0x5D, 0x9E, 0xED, 0x5D, 0x9E, 0x61, 0x31, 0x45, 0xAC, 0x1F, 0x15, 0x15, 
	0x15, 0xE6, 0xB1, 0x5D, 0x98, 0x51, 0x31, 0x3D, 0x5D, 0x9E, 0x69, 0x31, 0x45, 0x5D, 0x9E, 0xE5, 0xAC, 0x16, 0x15, 0x15, 0x15, 0xE6, 0xB1, 0x5D, 0x98, 0x00, 0xA7, 0x4B, 0x15, 0x15, 
	0x5D, 0x98, 0x99, 0x31, 0x95, 0x15, 0x15, 0x15, 0xEA, 0x00, 0x99, 0x33, 0x15, 0x15, 0x9C, 0x51, 0x31, 0x55, 0x5D, 0x98, 0x91, 0x31, 0xE5, 0x14, 0x15, 0x15, 0x5D, 0x9E, 0x69, 0x31, 
	0x45, 0x5D, 0x9E, 0xE5, 0xAC, 0x1F, 0x15, 0x15, 0x15, 0xE6, 0xB1, 0x9E, 0x51, 0x31, 0x55, 0x5D, 0x9E, 0x99, 0x31, 0x15, 0x17, 0x15, 0x15, 0x5D, 0x26, 0xD9, 0xFD, 0xE8, 0x05, 0x15, 
	0x15, 0x5D, 0x94, 0xD1, 0x0D, 0x17, 0x15, 0x15, 0x4A, 0x4B, 0xD6, 0xD9, 0xD9, 0xD9, 0x5D, 0x9C, 0x41, 0x31, 0x05, 0x5D, 0x9C, 0x59, 0x31, 0x1D, 0x5D, 0x96, 0xF9, 0x5D, 0x5D, 0x9E, 
	0x51, 0x31, 0x4D, 0x5D, 0x9E, 0x55, 0x1D, 0x5D, 0x9C, 0x51, 0x31, 0x35, 0x5D, 0x96, 0x69, 0x31, 0x35, 0x15, 0x60, 0x12, 0x26, 0xD5, 0xFC, 0x9E, 0x15, 0x15, 0x15, 0xEA, 0x00, 0x2A, 
	0x33, 0x15, 0x15, 0x5D, 0x9C, 0x51, 0x31, 0x3D, 0x5D, 0x9E, 0x59, 0x31, 0x35, 0xEA, 0x00, 0x22, 0x33, 0x15, 0x15, 0x5D, 0x9C, 0x51, 0x31, 0x25, 0x5D, 0x9E, 0x10, 0x3E, 0x4B, 0x15, 
	0x15, 0x5D, 0x2C, 0x51, 0x31, 0x3D, 0x60, 0x11, 0x26, 0xD5, 0xFE, 0x4B, 0x5D, 0x9E, 0x10, 0x0C, 0x4B, 0x15, 0x15, 0x5D, 0x2C, 0x51, 0x31, 0x25, 0x61, 0x11, 0x26, 0xD5, 0xFE, 0x59, 
	0x5D, 0x9E, 0x51, 0x31, 0x4D, 0x96, 0x2D, 0x14, 0x60, 0x34, 0x5D, 0x9E, 0x51, 0x31, 0x4D, 0x5D, 0x9E, 0x55, 0x35, 0xD2, 0x15, 0x15, 0x15, 0x15, 0x15, 0x5D, 0x9E, 0x51, 0x31, 0x4D, 
	0x5D, 0x9E, 0x55, 0x35, 0xD2, 0x55, 0x11, 0x15, 0x15, 0x15, 0x15, 0xFE, 0x0A, 0x5D, 0x9E, 0x51, 0x31, 0x4D, 0x5D, 0x9E, 0x55, 0x35, 0xD2, 0x15, 0x15, 0x15, 0x15, 0x15, 0x5D, 0x9E, 
	0x51, 0x31, 0x4D, 0x5D, 0x9E, 0x55, 0x35, 0xD2, 0x55, 0x11, 0x15, 0x15, 0x15, 0x15, 0x26, 0xD5, 0x5D, 0x96, 0xD1, 0x5D, 0xD6, 0xD9, 0xD9, 0xD9, 0xD9, 0xD9, 0x5D, 0x9C, 0x59, 0x31, 
	0x1D, 0x5D, 0x9E, 0x51, 0x31, 0x1D, 0x5D, 0x9C, 0x10, 0xB2, 0x48, 0x15, 0x15, 0xA5, 0x14, 0xD6, 0xD9, 0xD9, 0xD9, 0xD9, 0xD9, 0xD9, 0xD9, 0xD9, 0xD9, 0xD9, 0xD9, 0xD9, 0x59, 0x9C, 
	0x59, 0x31, 0x35, 0x59, 0x9C, 0x51, 0x31, 0x0D, 0x5D, 0x9C, 0x41, 0x31, 0x05, 0x5D, 0x9C, 0x59, 0x31, 0x1D, 0x42, 0x5D, 0x94, 0xF9, 0x85, 0x15, 0x15, 0x15, 0x5D, 0x9E, 0x10, 0xC8, 
	0x49, 0x15, 0x15, 0x5D, 0x26, 0xD1, 0x5D, 0x9C, 0x91, 0x31, 0x9D, 0x15, 0x15, 0x15, 0x5D, 0x9E, 0x10, 0x96, 0x30, 0x15, 0x15, 0x5D, 0x9E, 0x15, 0x5D, 0x2C, 0x91, 0x31, 0xBD, 0x15, 
	0x15, 0x15, 0x66, 0x57, 0x5D, 0x9E, 0x91, 0x31, 0xAD, 0x15, 0x15, 0x15, 0x5D, 0x9E, 0x99, 0x31, 0xBD, 0x15, 0x15, 0x15, 0x5D, 0x16, 0xDD, 0x5D, 0x9E, 0xD4, 0x5D, 0x9E, 0x18, 0x4C, 
	0x30, 0x15, 0x15, 0x5D, 0x2E, 0x14, 0x66, 0x35, 0x5D, 0x9E, 0x91, 0x31, 0xAD, 0x15, 0x15, 0x15, 0x5D, 0x9E, 0x99, 0x31, 0xBD, 0x15, 0x15, 0x15, 0x5D, 0x16, 0xDD, 0x5D, 0x9E, 0xD4, 
	0x5D, 0x2E, 0x91, 0x31, 0xBD, 0x15, 0x15, 0x15, 0x66, 0x1F, 0xAD, 0x10, 0x15, 0x15, 0xD5, 0xFC, 0xD8, 0x15, 0x15, 0x15, 0x5D, 0x96, 0xA9, 0x31, 0xA5, 0x15, 0x15, 0x15, 0x15, 0x60, 
	0x1F, 0xAD, 0xE4, 0x15, 0x15, 0xD5, 0xFC, 0xAD, 0x15, 0x15, 0x15, 0x5D, 0x98, 0x51, 0x31, 0x4D, 0x5D, 0x9E, 0xED, 0x26, 0xD5, 0xAC, 0x25, 0x15, 0x15, 0x15, 0xE6, 0xBF, 0x5D, 0x98, 
	0x41, 0x31, 0x5D, 0x5D, 0x9E, 0x99, 0x31, 0xB5, 0x15, 0x15, 0x15, 0xEA, 0x00, 0x0C, 0x31, 0x15, 0x15, 0x9C, 0x51, 0x31, 0x55, 0x96, 0x69, 0x31, 0x55, 0x15, 0x68, 0x1C, 0x9E, 0x51, 
	0x31, 0x55, 0xFC, 0x95, 0x15, 0x15, 0x15, 0x5D, 0x9E, 0x59, 0x31, 0x5D, 0xEA, 0x00, 0xCF, 0x36, 0x15, 0x15, 0x28, 0x16, 0x14, 0x15, 0x15, 0x61, 0x07, 0x5D, 0x9E, 0x59, 0x31, 0x5D, 
	0xEA, 0x00, 0xD5, 0x36, 0x15, 0x15, 0xAD, 0xFA, 0x15, 0x15, 0xD5, 0xFE, 0x49, 0x5D, 0xD2, 0x51, 0x31, 0x45, 0x15, 0x15, 0x15, 0x15, 0xEA, 0x00, 0x8F, 0x36, 0x15, 0x15, 0x5D, 0x98, 
	0x59, 0x31, 0x45, 0x5D, 0x9C, 0x59, 0x31, 0x25, 0xD3, 0x51, 0x31, 0x3D, 0x14, 0x5D, 0x9E, 0x99, 0x31, 0xAD, 0x15, 0x15, 0x15, 0x5D, 0x9C, 0x59, 0x31, 0x35, 0x59, 0x9E, 0x99, 0x31, 
	0xA5, 0x15, 0x15, 0x15, 0x59, 0x9E, 0xD5, 0x5D, 0x9E, 0x81, 0x31, 0xBD, 0x15, 0x15, 0x15, 0x5D, 0x9E, 0x59, 0x31, 0x5D, 0xEA, 0x00, 0xD5, 0x36, 0x15, 0x15, 0x9C, 0x51, 0x31, 0x55, 
	0x5D, 0x9E, 0x59, 0x31, 0x5D, 0xEA, 0x00, 0x74, 0x36, 0x15, 0x15, 0x9E, 0x51, 0x31, 0x55, 0x5D, 0x9E, 0x99, 0x31, 0x9D, 0x15, 0x15, 0x15, 0x5D, 0x26, 0xD9, 0xFD, 0xB0, 0x1B, 0x15, 
	0x15, 0x5D, 0x94, 0xD1, 0x85, 0x15, 0x15, 0x15, 0x4A, 0xD6, 0xD9, 0xD9, 0xD9, 0xD9, 0xD9, 0xD9, 0xD9, 0xD9, 0xD9, 0xD9, 0xD9, 0xD9, 0x59, 0x9C, 0x59, 0x31, 0x35, 0x59, 0x9C, 0x51, 
	0x31, 0x0D, 0x5D, 0x9C, 0x41, 0x31, 0x05, 0x5D, 0x9C, 0x59, 0x31, 0x1D, 0x42, 0x5D, 0x94, 0xF9, 0xD5, 0x15, 0x15, 0x15, 0x5D, 0x9E, 0x10, 0x48, 0x4E, 0x15, 0x15, 0x5D, 0x26, 0xD1, 
	0x5D, 0x9C, 0x91, 0x31, 0xA5, 0x15, 0x15, 0x15, 0x5D, 0x9E, 0x10, 0x16, 0x31, 0x15, 0x15, 0x5D, 0x9E, 0x15, 0x5D, 0x2C, 0x91, 0x31, 0xCD, 0x15, 0x15, 0x15, 0x66, 0x57, 0x5D, 0x9E, 
	0x91, 0x31, 0xFD, 0x15, 0x15, 0x15, 0x5D, 0x9E, 0x99, 0x31, 0xCD, 0x15, 0x15, 0x15, 0x5D, 0x16, 0xDD, 0x5D, 0x9E, 0xD4, 0x5D, 0x9E, 0x18, 0xCC, 0x36, 0x15, 0x15, 0x5D, 0x2E, 0x14, 
	0x66, 0x35, 0x5D, 0x9E, 0x91, 0x31, 0xFD, 0x15, 0x15, 0x15, 0x5D, 0x9E, 0x99, 0x31, 0xCD, 0x15, 0x15, 0x15, 0x5D, 0x16, 0xDD, 0x5D, 0x9E, 0xD4, 0x5D, 0x2E, 0x91, 0x31, 0xCD, 0x15, 
	0x15, 0x15, 0x66, 0x1F, 0xAD, 0x10, 0x15, 0x15, 0xD5, 0xFC, 0x56, 0x17, 0x15, 0x15, 0x5D, 0x96, 0xA9, 0x31, 0xF5, 0x15, 0x15, 0x15, 0x15, 0x60, 0x1F, 0xAD, 0xE4, 0x15, 0x15, 0xD5, 
	0xFC, 0x3B, 0x17, 0x15, 0x15, 0x5D, 0x98, 0x91, 0x31, 0x95, 0x15, 0x15, 0x15, 0x5D, 0x9E, 0xED, 0x26, 0xD5, 0xAC, 0x25, 0x15, 0x15, 0x15, 0xE6, 0xBF, 0x5D, 0x98, 0x41, 0x31, 0x5D, 
	0x5D, 0x9E, 0x99, 0x31, 0xC5, 0x15, 0x15, 0x15, 0xEA, 0x00, 0x83, 0x37, 0x15, 0x15, 0x9C, 0x51, 0x31, 0x55, 0x96, 0x69, 0x31, 0x55, 0x15, 0x68, 0x1C, 0x9E, 0x51, 0x31, 0x55, 0xFC, 
	0xE6, 0x14, 0x15, 0x15, 0x5D, 0x9E, 0x59, 0x31, 0x5D, 0xEA, 0x00, 0x42, 0x37, 0x15, 0x15, 0x28, 0x16, 0x14, 0x15, 0x15, 0x61, 0x00, 0x5D, 0x9E, 0x59, 0x31, 0x5D, 0xEA, 0x00, 0x28, 
	0x37, 0x15, 0x15, 0xAD, 0xFA, 0x15, 0x15, 0xD5, 0xFC, 0xD9, 0x14, 0x15, 0x15, 0x5D, 0xD2, 0x51, 0x31, 0x4D, 0x15, 0x15, 0x15, 0x15, 0xEA, 0x00, 0x01, 0x37, 0x15, 0x15, 0x5D, 0x98, 
	0x59, 0x31, 0x4D, 0x5D, 0x9C, 0x59, 0x31, 0x25, 0xD3, 0x51, 0x31, 0x3D, 0x14, 0x5D, 0x9E, 0x99, 0x31, 0xFD, 0x15, 0x15, 0x15, 0x5D, 0x9C, 0x59, 0x31, 0x35, 0x59, 0x9E, 0x99, 0x31, 
	0xCD, 0x15, 0x15, 0x15, 0x59, 0x9E, 0x51, 0x31, 0x5D, 0x5D, 0x9E, 0x81, 0x31, 0xF5, 0x15, 0x15, 0x15, 0x5D, 0x9E, 0xDD, 0xEA, 0x00, 0x2F, 0x37, 0x15, 0x15, 0x9C, 0x51, 0x31, 0x55, 
	0x96, 0x69, 0x31, 0x55, 0x15, 0x69, 0x01, 0x5D, 0x9E, 0x59, 0x31, 0x5D, 0xEA, 0x00, 0xC1, 0x34, 0x15, 0x15, 0x9E, 0x51, 0x31, 0x55, 0xFC, 0x71, 0x14, 0x15, 0x15, 0xEA, 0x00, 0xA0, 
	0x34, 0x15, 0x15, 0x5D, 0x9C, 0x51, 0x31, 0x65, 0x5D, 0x98, 0x81, 0x31, 0x95, 0x15, 0x15, 0x15, 0x5D, 0x9E, 0x59, 0x31, 0x5D, 0xEA, 0x00, 0xD0, 0x34, 0x15, 0x15, 0x5D, 0x9E, 0x91, 
	0x31, 0xCD, 0x15, 0x15, 0x15, 0x5D, 0x9C, 0x51, 0x31, 0x7D, 0x5D, 0x9E, 0x91, 0x31, 0xFD, 0x15, 0x15, 0x15, 0x5D, 0x9C, 0x51, 0x31, 0x75, 0xD2, 0x51, 0x31, 0x45, 0x15, 0x15, 0x15, 
	0x15, 0x5D, 0x98, 0x51, 0x31, 0x45, 0x5D, 0x9C, 0x51, 0x31, 0x35, 0x54, 0xAC, 0x55, 0x15, 0x15, 0x15, 0x59, 0x98, 0x51, 0x31, 0x75, 0x5D, 0x98, 0x41, 0x31, 0x7D, 0x5D, 0xD2, 0xD4, 
	0xEA, 0xEA, 0xEA, 0xEA, 0xFD, 0x08, 0x1E, 0x15, 0x15, 0x9C, 0x51, 0x31, 0x55, 0x96, 0x69, 0x31, 0x55, 0x15, 0x69, 0x7B, 0x5D, 0xD2, 0x51, 0x31, 0x4D, 0x15, 0x15, 0x15, 0x15, 0x5D, 
	0x98, 0x51, 0x31, 0x4D, 0x5D, 0x9C, 0x51, 0x31, 0x25, 0xD3, 0x51, 0x31, 0x3D, 0x14, 0x5D, 0x9E, 0x91, 0x31, 0xFD, 0x15, 0x15, 0x15, 0x5D, 0x9C, 0x51, 0x31, 0x35, 0x59, 0x9E, 0x99, 
	0x31, 0xCD, 0x15, 0x15, 0x15, 0x59, 0x9E, 0x51, 0x31, 0x5D, 0x5D, 0x9E, 0x81, 0x31, 0xF5, 0x15, 0x15, 0x15, 0x5D, 0x9E, 0x59, 0x31, 0x65, 0xEA, 0x00, 0x70, 0x34, 0x15, 0x15, 0x9C, 
	0x51, 0x31, 0x55, 0x5D, 0x98, 0x51, 0x31, 0x45, 0x5D, 0x9C, 0x51, 0x31, 0x35, 0x51, 0x9E, 0x59, 0x31, 0x45, 0x59, 0x98, 0x51, 0x31, 0x75, 0x5D, 0x98, 0x41, 0x31, 0x7D, 0x5D, 0xD2, 
	0xD4, 0xEA, 0xEA, 0xEA, 0xEA, 0xFD, 0xB1, 0x1F, 0x15, 0x15, 0x5D, 0x98, 0x99, 0x31, 0x95, 0x15, 0x15, 0x15, 0xEA, 0x00, 0xEB, 0x35, 0x15, 0x15, 0x96, 0x69, 0x31, 0x55, 0x15, 0x68, 
	0x74, 0xFD, 0xCF, 0x1E, 0x15, 0x15, 0x5D, 0x9C, 0x51, 0x31, 0x6D, 0x5D, 0xD2, 0x51, 0x31, 0x4D, 0x15, 0x15, 0x15, 0x15, 0xEA, 0x00, 0xBB, 0x35, 0x15, 0x15, 0x5D, 0x98, 0x59, 0x31, 
	0x4D, 0x5D, 0x9C, 0x59, 0x31, 0x25, 0xD3, 0x51, 0x31, 0x3D, 0x14, 0x5D, 0x9E, 0x99, 0x31, 0xFD, 0x15, 0x15, 0x15, 0x5D, 0x9C, 0x59, 0x31, 0x35, 0x59, 0x9E, 0x99, 0x31, 0xCD, 0x15, 
	0x15, 0x15, 0x59, 0x9E, 0x51, 0x31, 0x5D, 0x5D, 0x9E, 0x81, 0x31, 0xF5, 0x15, 0x15, 0x15, 0x5D, 0x9E, 0xDD, 0xEA, 0x00, 0xC1, 0x35, 0x15, 0x15, 0x9C, 0x51, 0x31, 0x55, 0x5D, 0x9E, 
	0x59, 0x31, 0x6D, 0xFD, 0xBB, 0x1E, 0x15, 0x15, 0x5D, 0x9E, 0x59, 0x31, 0x5D, 0xEA, 0x00, 0x7E, 0x35, 0x15, 0x15, 0x9E, 0x51, 0x31, 0x55, 0x5D, 0x9E, 0x99, 0x31, 0xA5, 0x15, 0x15, 
	0x15, 0x5D, 0x26, 0xD9, 0xFD, 0xBA, 0x1E, 0x15, 0x15, 0x5D, 0x94, 0xD1, 0xD5, 0x15, 0x15, 0x15, 0x4A, 0xD6, 0xD9, 0xD9, 0xD9, 0xD9, 0xD9, 0xD9, 0x9D, 0x41, 0x31, 0x05, 0x5D, 0x9C, 
	0x59, 0x31, 0x1D, 0x43, 0x42, 0x5D, 0x96, 0xF9, 0x4D, 0x5D, 0xD2, 0x51, 0x31, 0x3D, 0x15, 0x15, 0x15, 0x15, 0x1A, 0xA3, 0x51, 0x31, 0x6D, 0x90, 0xD5, 0x61, 0x6A, 0x5D, 0x9E, 0x51, 
	0x31, 0x65, 0x5D, 0x9C, 0x51, 0x31, 0x2D, 0x5D, 0xD2, 0x51, 0x31, 0x25, 0xEA, 0xEA, 0xEA, 0xEA, 0x5D, 0xEA, 0x51, 0x31, 0x25, 0x5D, 0x9E, 0x51, 0x31, 0x2D, 0x5D, 0x9E, 0x59, 0x31, 
	0x25, 0x95, 0x29, 0x1D, 0x15, 0x60, 0xFE, 0x5D, 0x9E, 0x51, 0x31, 0x25, 0x5D, 0x96, 0xD5, 0x17, 0x9C, 0x51, 0x31, 0x35, 0x5D, 0x76, 0x51, 0x31, 0x35, 0x5D, 0x9E, 0xC5, 0xAC, 0x14, 
	0x15, 0x15, 0x15, 0xEA, 0x00, 0xA2, 0x0A, 0x15, 0x15, 0x5D, 0x9C, 0x51, 0x31, 0x3D, 0x5D, 0x76, 0x51, 0x31, 0x35, 0x5D, 0x9C, 0x51, 0x31, 0x55, 0x5D, 0x9E, 0x69, 0x31, 0x3D, 0x26, 
	0xD5, 0x5D, 0x9E, 0x59, 0x31, 0x55, 0xE6, 0xBF, 0x9E, 0x51, 0x31, 0x35, 0x96, 0xFD, 0x17, 0x5D, 0x8D, 0x5D, 0x9E, 0x69, 0x31, 0x3D, 0x5D, 0x9E, 0x61, 0x31, 0x65, 0x5D, 0x9E, 0xDD, 
	0xE6, 0xB1, 0xFE, 0x1F, 0x5D, 0x9E, 0x51, 0x31, 0x65, 0x5D, 0x9C, 0x51, 0x31, 0x3D, 0x5D, 0x9E, 0x59, 0x31, 0x3D, 0xFD, 0xCE, 0x1E, 0x15, 0x15, 0x5D, 0x9E, 0x51, 0x31, 0x3D, 0x5D, 
	0x96, 0xD1, 0x4D, 0x4A, 0x4B, 0xD6, 0x5D, 0x9C, 0x41, 0x31, 0x05, 0x5D, 0x9C, 0x59, 0x31, 0x1D, 0x42, 0x5D, 0x94, 0xF9, 0xB5, 0x14, 0x15, 0x15, 0x5D, 0x9E, 0x10, 0xA2, 0x42, 0x15, 
	0x15, 0x5D, 0x26, 0xD1, 0x5D, 0x9C, 0x91, 0x31, 0x85, 0x14, 0x15, 0x15, 0xD2, 0x51, 0x31, 0x31, 0x15, 0x15, 0x15, 0x15, 0x5D, 0xD2, 0x51, 0x31, 0x5D, 0x15, 0x15, 0x15, 0x15, 0x59, 
	0x98, 0x59, 0x31, 0x31, 0x54, 0xAD, 0x25, 0x14, 0x15, 0x15, 0x5D, 0x98, 0x41, 0x31, 0x75, 0xAC, 0x1E, 0x15, 0x15, 0x15, 0xFD, 0x93, 0x1E, 0x15, 0x15, 0x9C, 0x51, 0x31, 0x39, 0xA7, 
	0x14, 0x5D, 0x9E, 0x99, 0x31, 0xA5, 0x14, 0x15, 0x15, 0xFD, 0xCB, 0xEB, 0xEA, 0xEA, 0x5D, 0x9C, 0x51, 0x31, 0x55, 0x94, 0x69, 0x31, 0x39, 0x11, 0x15, 0x15, 0xD5, 0x1A, 0x90, 0x8F, 
	0x14, 0x15, 0x15, 0x9E, 0x51, 0x31, 0x31, 0x5D, 0x10, 0x25, 0x14, 0x15, 0x15, 0x9C, 0x51, 0x31, 0x3D, 0x9E, 0x51, 0x31, 0x3D, 0x9E, 0xC5, 0xAC, 0x14, 0x15, 0x15, 0x15, 0xEA, 0x00, 
	0xD9, 0x0B, 0x15, 0x15, 0x5D, 0x9C, 0x51, 0x31, 0x25, 0x9E, 0x51, 0x31, 0x3D, 0x5D, 0x9C, 0x51, 0x31, 0x4D, 0x5D, 0x9E, 0x69, 0x31, 0x25, 0x26, 0xD5, 0x5D, 0x9E, 0x59, 0x31, 0x4D, 
	0xE6, 0xBF, 0x59, 0x98, 0x59, 0x31, 0x31, 0x51, 0x9E, 0x51, 0x31, 0x3D, 0x5D, 0x9E, 0x41, 0x31, 0x25, 0xAC, 0x1E, 0x15, 0x15, 0x15, 0xFD, 0x19, 0x1E, 0x15, 0x15, 0x9C, 0x51, 0x31, 
	0x39, 0x96, 0x69, 0x31, 0x39, 0x15, 0x68, 0x34, 0x26, 0xC7, 0x5D, 0x9E, 0x59, 0x31, 0x55, 0xEA, 0x00, 0x92, 0x0B, 0x15, 0x15, 0x26, 0xC7, 0x5D, 0x9E, 0x59, 0x31, 0x25, 0xEA, 0x00, 
	0x6F, 0x0B, 0x15, 0x15, 0x26, 0xD5, 0xFC, 0x39, 0x14, 0x15, 0x15, 0x5D, 0x98, 0x00, 0x11, 0x1A, 0x15, 0x15, 0x5D, 0x9E, 0x99, 0x31, 0xA5, 0x14, 0x15, 0x15, 0xFD, 0xD5, 0x1F, 0x15, 
	0x15, 0x5D, 0x90, 0xD5, 0x60, 0x0C, 0x5D, 0x98, 0x00, 0x5E, 0x1E, 0x15, 0x15, 0x5D, 0x9E, 0x99, 0x31, 0xA5, 0x14, 0x15, 0x15, 0xFD, 0xB2, 0x1F, 0x15, 0x15, 0x5D, 0x90, 0xD5, 0x61, 
	0x2B, 0xAD, 0x3D, 0x14, 0x15, 0x15, 0x5D, 0x7E, 0xD5, 0x15, 0x5D, 0x9E, 0x59, 0x31, 0x25, 0x5D, 0x98, 0x51, 0x14, 0x1D, 0x5D, 0x9C, 0x51, 0x31, 0x45, 0x5D, 0x9E, 0x91, 0x31, 0xAD, 
	0x14, 0x15, 0x15, 0x5D, 0x9E, 0x59, 0x31, 0x45, 0x5D, 0x9E, 0x5C, 0x05, 0x5D, 0x9C, 0x1D, 0x5D, 0x9E, 0x51, 0x31, 0x45, 0x9E, 0x55, 0x0D, 0x5D, 0x9C, 0x51, 0x31, 0x5D, 0xFC, 0x88, 
	0x15, 0x15, 0x15, 0xD2, 0x51, 0x31, 0x35, 0x15, 0x15, 0x15, 0x15, 0xFE, 0x1F, 0x9E, 0x51, 0x31, 0x35, 0xEA, 0xD5, 0x9C, 0x51, 0x31, 0x35, 0x5D, 0x9E, 0x51, 0x31, 0x25, 0x9E, 0x15, 
	0x2C, 0x51, 0x31, 0x35, 0x66, 0x69, 0x5D, 0x76, 0x51, 0x31, 0x35, 0x5D, 0x7C, 0xD5, 0x3D, 0x14, 0x15, 0x15, 0x5D, 0x9E, 0x59, 0x31, 0x25, 0x5D, 0x98, 0x51, 0x14, 0x1D, 0x5D, 0x9C, 
	0x51, 0x31, 0x2D, 0x5D, 0x9E, 0x51, 0x31, 0x2D, 0x5D, 0x96, 0xD5, 0x3D, 0x26, 0xC7, 0x5D, 0x9E, 0xDD, 0xFD, 0x99, 0xE8, 0xEA, 0xEA, 0x5D, 0x9E, 0x51, 0x31, 0x2D, 0x5D, 0x96, 0xD5, 
	0x3D, 0x5D, 0x9E, 0x41, 0x31, 0x55, 0x5D, 0x9E, 0xDD, 0xFD, 0xEA, 0x1C, 0x15, 0x15, 0x5D, 0x90, 0xD5, 0x61, 0x3B, 0x5D, 0x96, 0xA9, 0x31, 0xAD, 0x14, 0x15, 0x15, 0x15, 0x61, 0x01, 
	0x5D, 0x9E, 0x91, 0x31, 0xAD, 0x14, 0x15, 0x15, 0x5D, 0x9E, 0x59, 0x31, 0x2D, 0x5D, 0x9E, 0x5C, 0x05, 0x5D, 0x9C, 0x1D, 0x5D, 0x9E, 0x51, 0x31, 0x2D, 0x9E, 0x55, 0x0D, 0x5D, 0x9C, 
	0x51, 0x31, 0x5D, 0xFE, 0x10, 0xFC, 0x78, 0xEA, 0xEA, 0xEA, 0x26, 0xC7, 0x5D, 0x9E, 0x59, 0x31, 0x25, 0xEA, 0x00, 0x4C, 0x08, 0x15, 0x15, 0x26, 0xC7, 0x5D, 0x9E, 0x59, 0x31, 0x55, 
	0xEA, 0x00, 0x59, 0x08, 0x15, 0x15, 0x5D, 0x9E, 0x51, 0x31, 0x5D, 0x5D, 0x9E, 0x99, 0x31, 0x85, 0x14, 0x15, 0x15, 0x5D, 0x26, 0xD9, 0xFD, 0xBA, 0x1D, 0x15, 0x15, 0x5D, 0x94, 0xD1, 
	0xB5, 0x14, 0x15, 0x15, 0x4A, 0xD6, 0xD9, 0xD9, 0xD9, 0xD9, 0xD9, 0xD9, 0x5D, 0x9C, 0x59, 0x31, 0x1D, 0x42, 0x5D, 0x96, 0xF9, 0x05, 0x5D, 0x98, 0x11, 0x31, 0x5D, 0x9E, 0xED, 0x26, 
	0xD5, 0xAC, 0x17, 0x15, 0x15, 0x15, 0xE6, 0xBF, 0xD2, 0x51, 0x31, 0x11, 0x15, 0x15, 0x15, 0x15, 0xFE, 0x1F, 0x9E, 0x51, 0x31, 0x11, 0xEA, 0xD5, 0x9C, 0x51, 0x31, 0x11, 0x96, 0x69, 
	0x31, 0x11, 0x17, 0x1A, 0x98, 0xDC, 0x15, 0x15, 0x15, 0x5D, 0x76, 0x51, 0x31, 0x11, 0x5D, 0x9E, 0x59, 0x31, 0x35, 0x1A, 0xA3, 0x11, 0x14, 0x96, 0xED, 0x25, 0x69, 0x24, 0x5D, 0x76, 
	0x51, 0x31, 0x11, 0x5D, 0x9E, 0x59, 0x31, 0x35, 0x1A, 0xA3, 0x11, 0x14, 0x96, 0xED, 0x2C, 0x6A, 0x0B, 0x5D, 0x76, 0x51, 0x31, 0x11, 0x5D, 0x9E, 0x59, 0x31, 0x35, 0x1A, 0xA3, 0x11, 
	0x14, 0x96, 0xFD, 0x25, 0x5D, 0x76, 0x59, 0x31, 0x11, 0x9D, 0x11, 0x19, 0xFC, 0x95, 0x15, 0x15, 0x15, 0x5D, 0x76, 0x51, 0x31, 0x11, 0x5D, 0x9E, 0x59, 0x31, 0x35, 0x1A, 0xA3, 0x11, 
	0x14, 0x96, 0xED, 0x54, 0x69, 0x3B, 0x5D, 0x76, 0x51, 0x31, 0x11, 0x5D, 0x9E, 0x59, 0x31, 0x35, 0x1A, 0xA3, 0x11, 0x14, 0x96, 0xED, 0x53, 0x6A, 0x0E, 0x5D, 0x76, 0x51, 0x31, 0x11, 
	0x5D, 0x9E, 0x59, 0x31, 0x35, 0x1A, 0xA3, 0x11, 0x14, 0x96, 0xFD, 0x22, 0x5D, 0x76, 0x59, 0x31, 0x11, 0x9D, 0x11, 0x19, 0xFE, 0x2A, 0x5D, 0x76, 0x51, 0x31, 0x11, 0x5D, 0x9E, 0x59, 
	0x31, 0x35, 0x1A, 0xA3, 0x11, 0x14, 0x96, 0xED, 0x74, 0x69, 0x39, 0x5D, 0x76, 0x51, 0x31, 0x11, 0x5D, 0x9E, 0x59, 0x31, 0x35, 0x1A, 0xA3, 0x11, 0x14, 0x96, 0xED, 0x73, 0x6A, 0x0C, 
	0x5D, 0x76, 0x51, 0x31, 0x11, 0x5D, 0x9E, 0x59, 0x31, 0x35, 0x1A, 0xA3, 0x11, 0x14, 0x96, 0xFD, 0x42, 0x5D, 0x76, 0x59, 0x31, 0x11, 0x9D, 0x11, 0x19, 0xFC, 0x37, 0xEA, 0xEA, 0xEA, 
	0xAD, 0x14, 0x15, 0x15, 0x15, 0x5D, 0x7E, 0xD5, 0x15, 0x1A, 0xA3, 0x11, 0x11, 0xD4, 0xF5, 0x11, 0x30, 0xE5, 0x15, 0x15, 0x15, 0xAC, 0x14, 0x15, 0x15, 0x15, 0x5D, 0x7E, 0xDC, 0x14, 
	0x1A, 0xA3, 0x19, 0x19, 0x96, 0xF4, 0x1A, 0x1E, 0xD4, 0x5D, 0x96, 0xD1, 0x05, 0x4A, 0xD6, 0xD9, 0x51, 0x9C, 0x59, 0x31, 0x35, 0x59, 0x9C, 0x51, 0x31, 0x0D, 0x5D, 0x9C, 0x41, 0x31, 
	0x05, 0x5D, 0x9C, 0x59, 0x31, 0x1D, 0x43, 0x42, 0x5D, 0x94, 0xF9, 0x9D, 0x17, 0x15, 0x15, 0x5D, 0x9E, 0x10, 0x29, 0x41, 0x15, 0x15, 0x5D, 0x26, 0xD1, 0x5D, 0x9C, 0x91, 0x31, 0x65, 
	0x17, 0x15, 0x15, 0x5D, 0xD2, 0x51, 0x31, 0x2D, 0x15, 0x15, 0x15, 0x15, 0x5D, 0x98, 0x51, 0x31, 0x55, 0x5D, 0x9E, 0xED, 0x26, 0xD5, 0xAC, 0x1D, 0x15, 0x15, 0x15, 0xE6, 0xBF, 0x5D, 
	0x9E, 0x91, 0x31, 0xB5, 0x17, 0x15, 0x15, 0x5D, 0x9C, 0x51, 0x31, 0x25, 0xFE, 0x18, 0x5D, 0x9E, 0x51, 0x31, 0x25, 0x5D, 0xEA, 0xD5, 0x5D, 0x9C, 0x51, 0x31, 0x25, 0x5D, 0x9E, 0x91, 
	0x31, 0xBD, 0x17, 0x15, 0x15, 0x5D, 0x2C, 0x51, 0x31, 0x25, 0x1A, 0x92, 0x95, 0x14, 0x15, 0x15, 0x5D, 0x9E, 0x59, 0x31, 0x25, 0xEA, 0x00, 0x58, 0x0E, 0x15, 0x15, 0x1A, 0xA3, 0xD5, 
	0x90, 0xD5, 0x60, 0x19, 0x5D, 0x9E, 0x51, 0x31, 0x25, 0x5D, 0x9C, 0x51, 0x31, 0x25, 0xFE, 0xD7, 0x5D, 0xD2, 0x51, 0x31, 0x2D, 0x15, 0x15, 0x15, 0x15, 0xFE, 0x18, 0x5D, 0x9E, 0x51, 
	0x31, 0x2D, 0x5D, 0xEA, 0xD5, 0x5D, 0x9C, 0x51, 0x31, 0x2D, 0x9E, 0x91, 0x31, 0xAD, 0x17, 0x15, 0x15, 0x5D, 0x2C, 0x51, 0x31, 0x2D, 0x1A, 0x96, 0xE0, 0x15, 0x15, 0x15, 0x5D, 0x7C, 
	0x51, 0x31, 0x2D, 0x19, 0x17, 0x15, 0x15, 0x5D, 0x98, 0x59, 0x31, 0x75, 0x5D, 0x9E, 0x81, 0x31, 0xA5, 0x17, 0x15, 0x15, 0x5D, 0x9E, 0xEC, 0x5D, 0x98, 0x21, 0x17, 0xAC, 0x19, 0x17, 
	0x15, 0x15, 0xE6, 0xB1, 0x5D, 0x9E, 0x51, 0x31, 0x25, 0x5D, 0x9C, 0x51, 0x31, 0x45, 0x5D, 0x76, 0x91, 0x31, 0x71, 0x17, 0x15, 0x15, 0x5D, 0x9E, 0x59, 0x31, 0x45, 0x5D, 0x16, 0xDD, 
	0x5D, 0x9E, 0xD4, 0x5D, 0x9C, 0x51, 0x31, 0x5D, 0xD3, 0x51, 0x31, 0x35, 0x15, 0x5D, 0xD2, 0x51, 0x31, 0x3D, 0x15, 0x15, 0x15, 0x15, 0xFE, 0x18, 0x5D, 0x9E, 0x51, 0x31, 0x3D, 0x5D, 
	0xEA, 0xD5, 0x5D, 0x9C, 0x51, 0x31, 0x3D, 0x9E, 0x91, 0x31, 0x75, 0x17, 0x15, 0x15, 0x5D, 0x2C, 0x51, 0x31, 0x3D, 0x66, 0x61, 0x5D, 0x9E, 0x51, 0x31, 0x3D, 0x5D, 0x9E, 0x59, 0x31, 
	0x5D, 0x5D, 0x16, 0xDD, 0x5D, 0x9E, 0xD4, 0x5D, 0x9E, 0xDD, 0xEA, 0x00, 0x93, 0x0F, 0x15, 0x15, 0x1A, 0xA3, 0xD5, 0x90, 0xD5, 0x60, 0x12, 0xD3, 0x51, 0x31, 0x35, 0x14, 0xFE, 0x58, 
	0x5D, 0x9E, 0x51, 0x31, 0x3D, 0x1A, 0xA3, 0x51, 0x11, 0x75, 0x96, 0xED, 0x3F, 0x61, 0x1A, 0x5D, 0x9E, 0x51, 0x31, 0x3D, 0x1A, 0xA3, 0x51, 0x11, 0x75, 0x96, 0xED, 0x2A, 0x60, 0x17, 
	0xFE, 0x8B, 0x5D, 0x9E, 0x51, 0x31, 0x3D, 0x5D, 0x9E, 0x59, 0x31, 0x5D, 0x5D, 0x16, 0xDD, 0x5D, 0x9E, 0xD4, 0x1A, 0xA3, 0x15, 0x5D, 0x9E, 0x59, 0x31, 0x3D, 0x1A, 0xA3, 0x59, 0x19, 
	0x75, 0x2E, 0xD4, 0x61, 0x12, 0xD3, 0x51, 0x31, 0x35, 0x14, 0xFE, 0x10, 0xFC, 0x64, 0xEA, 0xEA, 0xEA, 0x1A, 0xA3, 0x51, 0x31, 0x35, 0x90, 0xD5, 0x61, 0x17, 0xFE, 0x10, 0xFC, 0xF9, 
	0xEB, 0xEA, 0xEA, 0x9E, 0x91, 0x31, 0xAD, 0x17, 0x15, 0x15, 0x5D, 0x2C, 0x51, 0x31, 0x2D, 0x60, 0x25, 0x5D, 0x9E, 0x51, 0x31, 0x25, 0x5D, 0x9C, 0x51, 0x31, 0x55, 0xAD, 0x19, 0x17, 
	0x15, 0x15, 0x5D, 0x7E, 0xD5, 0x15, 0x5D, 0x9E, 0x99, 0x31, 0xA5, 0x17, 0x15, 0x15, 0x9E, 0x91, 0x14, 0x1D, 0x17, 0x15, 0x15, 0x9E, 0x59, 0x31, 0x55, 0x16, 0xDD, 0x9E, 0xD4, 0x9C, 
	0x51, 0x31, 0x55, 0xFE, 0x10, 0xFC, 0x75, 0xEB, 0xEA, 0xEA, 0x5D, 0x9E, 0x51, 0x31, 0x55, 0x5D, 0x9E, 0x99, 0x31, 0x65, 0x17, 0x15, 0x15, 0x5D, 0x26, 0xD9, 0xFD, 0x76, 0x10, 0x15, 
	0x15, 0x5D, 0x94, 0xD1, 0x9D, 0x17, 0x15, 0x15, 0x4A, 0x4B, 0xD6, 0xD9, 0xD9, 0xD9, 0xD9, 0xD9, 0xD9, 0xD9, 0xD9, 0xD9, 0x59, 0x9C, 0x59, 0x31, 0x35, 0x59, 0x9C, 0x51, 0x31, 0x0D, 
	0x5D, 0x9C, 0x41, 0x31, 0x05, 0x5D, 0x9C, 0x59, 0x31, 0x1D, 0x42, 0x5D, 0x96, 0xF9, 0x25, 0x5D, 0x9E, 0x69, 0x31, 0x55, 0x26, 0xD5, 0xAC, 0x19, 0x17, 0x15, 0x15, 0xE6, 0xBF, 0x5D, 
	0x9E, 0x51, 0x31, 0x55, 0x9E, 0x59, 0x31, 0x4D, 0x9C, 0x9D, 0x1D, 0x17, 0x15, 0x15, 0x5D, 0x9E, 0x51, 0x31, 0x55, 0x9E, 0x59, 0x31, 0x45, 0x9C, 0x9D, 0x11, 0x17, 0x15, 0x15, 0x5D, 
	0x9E, 0x51, 0x31, 0x5D, 0x5D, 0x9C, 0x51, 0x31, 0x35, 0x5D, 0xD2, 0x51, 0x31, 0x3D, 0x15, 0x15, 0x15, 0x15, 0x5D, 0xD2, 0x51, 0x31, 0x3D, 0x15, 0x15, 0x15, 0x15, 0xFE, 0x18, 0x5D, 
	0x9E, 0x51, 0x31, 0x3D, 0x5D, 0xEA, 0xD5, 0x5D, 0x9C, 0x51, 0x31, 0x3D, 0x5D, 0x9E, 0x51, 0x31, 0x35, 0x1A, 0xAB, 0x15, 0x90, 0xD5, 0x61, 0x67, 0x5D, 0x9E, 0x51, 0x31, 0x35, 0x1A, 
	0xAB, 0x15, 0x96, 0xED, 0x3F, 0x61, 0x18, 0x5D, 0x9E, 0x51, 0x31, 0x35, 0x1A, 0xAB, 0x15, 0x96, 0xED, 0x2A, 0x60, 0x3C, 0x5D, 0x9E, 0x51, 0x31, 0x3D, 0x5D, 0x9E, 0x59, 0x31, 0x55, 
	0x5D, 0x16, 0xDD, 0x5D, 0x9E, 0xD4, 0x5D, 0x9E, 0x59, 0x31, 0x35, 0x1A, 0xA3, 0x1C, 0x9D, 0x1D, 0x5D, 0x9E, 0x51, 0x31, 0x35, 0x5D, 0xEA, 0xD5, 0x5D, 0x9C, 0x51, 0x31, 0x35, 0xFE, 
	0xB1, 0x5D, 0x9E, 0x59, 0x31, 0x35, 0xFD, 0xF2, 0xEE, 0xEA, 0xEA, 0x5D, 0x9E, 0x59, 0x31, 0x3D, 0x5D, 0x9E, 0x41, 0x31, 0x55, 0x5D, 0x16, 0xC4, 0x5D, 0x9E, 0xDF, 0x9D, 0x14, 0x5D, 
	0x9E, 0x51, 0x31, 0x35, 0x5D, 0x96, 0xD5, 0x17, 0x5D, 0x9C, 0x51, 0x31, 0x35, 0xFC, 0x60, 0xEA, 0xEA, 0xEA, 0x5D, 0x9E, 0x51, 0x31, 0x55, 0x9E, 0x59, 0x31, 0x3D, 0x9C, 0x9D, 0x15, 
	0x17, 0x15, 0x15, 0x5D, 0x96, 0xD1, 0x25, 0x4A, 0xD6, 0xD9, 0xD9, 0xD9, 0xD9, 0xD9, 0xD9, 0xD9, 0xD9, 0xD9, 0xD9, 0xD9, 0xD9, 0xD9, 0x51, 0x9C, 0x59, 0x31, 0x35, 0x59, 0x9C, 0x51, 
	0x31, 0x0D, 0x5D, 0x9C, 0x41, 0x31, 0x05, 0x5D, 0x9C, 0x59, 0x31, 0x1D, 0x42, 0x5D, 0x94, 0xF9, 0xC5, 0x17, 0x15, 0x15, 0x5D, 0x9E, 0x10, 0x18, 0x44, 0x15, 0x15, 0x5D, 0x26, 0xD1, 
	0x5D, 0x9C, 0x91, 0x31, 0xD5, 0x17, 0x15, 0x15, 0x5D, 0x98, 0x91, 0x31, 0xB5, 0x15, 0x15, 0x15, 0x5D, 0x9E, 0xED, 0x26, 0xD5, 0xAC, 0x19, 0x17, 0x15, 0x15, 0xE6, 0xBF, 0x5D, 0x76, 
	0x91, 0x31, 0xED, 0x17, 0x15, 0x15, 0xAC, 0x19, 0x17, 0x15, 0x15, 0x5D, 0x7E, 0xDC, 0x15, 0x5D, 0x98, 0x99, 0x19, 0xB5, 0x15, 0x15, 0x15, 0x59, 0x9E, 0xDD, 0x50, 0x26, 0xD5, 0x5D, 
	0x9E, 0x81, 0x31, 0xE5, 0x17, 0x15, 0x15, 0xFD, 0x97, 0xEB, 0xEA, 0xEA, 0x5D, 0xD2, 0x51, 0x31, 0x5D, 0x15, 0x15, 0x15, 0x15, 0x5D, 0x98, 0x41, 0x31, 0x5D, 0x5D, 0x9E, 0x99, 0x31, 
	0xF5, 0x17, 0x15, 0x15, 0xFD, 0xC2, 0xED, 0xEA, 0xEA, 0x9C, 0x51, 0x31, 0x55, 0x5D, 0x96, 0x69, 0x31, 0x5D, 0x15, 0x60, 0x12, 0x26, 0xD5, 0xFC, 0xB6, 0x14, 0x15, 0x15, 0x5D, 0x9E, 
	0x51, 0x31, 0x5D, 0x5D, 0x9C, 0x51, 0x31, 0x6D, 0x5D, 0x9E, 0x51, 0x31, 0x6D, 0x5D, 0x76, 0x55, 0x29, 0x5D, 0x9E, 0x59, 0x31, 0x5D, 0x5D, 0x16, 0xDD, 0x5D, 0x9E, 0xD4, 0x5D, 0x9C, 
	0x51, 0x31, 0x75, 0x5D, 0x9E, 0x51, 0x31, 0x75, 0x1A, 0xA2, 0x55, 0x01, 0x5D, 0x9E, 0x59, 0x31, 0x75, 0x5D, 0x98, 0x51, 0x14, 0x0D, 0x5D, 0x9C, 0x51, 0x31, 0x4D, 0x5D, 0xD2, 0x51, 
	0x31, 0x7D, 0x15, 0x15, 0x15, 0x15, 0xD2, 0x51, 0x31, 0x45, 0x15, 0x15, 0x15, 0x15, 0xFE, 0x1F, 0x9E, 0x51, 0x31, 0x45, 0xEA, 0xD5, 0x9C, 0x51, 0x31, 0x45, 0x5D, 0x9E, 0x51, 0x31, 
	0x75, 0x1A, 0xA2, 0x55, 0x13, 0x2C, 0x51, 0x31, 0x45, 0x68, 0x4C, 0x5D, 0x98, 0x91, 0x31, 0xA5, 0x17, 0x15, 0x15, 0x5D, 0x9E, 0xED, 0x26, 0xD5, 0xAC, 0x1C, 0x15, 0x15, 0x15, 0xE6, 
	0xBF, 0x5D, 0x9E, 0x51, 0x31, 0x4D, 0x5D, 0x9E, 0x15, 0x5D, 0x9C, 0x91, 0x31, 0xA5, 0x17, 0x15, 0x15, 0x5D, 0x9E, 0x81, 0x31, 0xFD, 0x17, 0x15, 0x15, 0x5D, 0x98, 0x99, 0x31, 0xA5, 
	0x17, 0x15, 0x15, 0xFD, 0xF2, 0x16, 0x15, 0x15, 0x90, 0xD5, 0x60, 0x19, 0x5D, 0x9E, 0x51, 0x31, 0x4D, 0x5D, 0x9C, 0x51, 0x31, 0x7D, 0xFE, 0x05, 0x5D, 0x9E, 0x51, 0x31, 0x4D, 0x5D, 
	0x96, 0xD5, 0x3D, 0x5D, 0x9C, 0x51, 0x31, 0x4D, 0xFE, 0x9B, 0x5D, 0x96, 0x69, 0x31, 0x7D, 0x15, 0x61, 0x0B, 0x5D, 0x9E, 0x51, 0x31, 0x4D, 0x9E, 0x55, 0x19, 0x5D, 0x16, 0x51, 0x31, 
	0x5D, 0x5D, 0x9C, 0x51, 0x31, 0x5D, 0x5D, 0x9E, 0x51, 0x31, 0x4D, 0x9E, 0x55, 0x05, 0x9C, 0x51, 0x31, 0x55, 0x9E, 0x51, 0x31, 0x55, 0x9E, 0xC5, 0x26, 0xDC, 0xEA, 0x00, 0x25, 0x02, 
	0x15, 0x15, 0x5D, 0x9C, 0x51, 0x31, 0x65, 0x5D, 0xD2, 0x91, 0x31, 0x95, 0x15, 0x15, 0x15, 0x15, 0x15, 0x15, 0x15, 0x9E, 0x51, 0x31, 0x55, 0x5D, 0x9C, 0x91, 0x31, 0x9D, 0x15, 0x15, 
	0x15, 0xEA, 0x00, 0x30, 0x02, 0x15, 0x15, 0x5D, 0x9C, 0x91, 0x31, 0x85, 0x15, 0x15, 0x15, 0xEA, 0x00, 0x02, 0x02, 0x15, 0x15, 0x5D, 0x98, 0x99, 0x31, 0x95, 0x15, 0x15, 0x15, 0x5D, 
	0x9C, 0x59, 0x31, 0x25, 0xD3, 0x51, 0x31, 0x3D, 0x15, 0x5D, 0x9E, 0x99, 0x31, 0x9D, 0x15, 0x15, 0x15, 0x5D, 0x9C, 0x59, 0x31, 0x35, 0x59, 0x9E, 0x59, 0x31, 0x65, 0x5D, 0x9E, 0x99, 
	0x31, 0x85, 0x15, 0x15, 0x15, 0x59, 0x9E, 0xD4, 0x5D, 0x9E, 0x41, 0x31, 0x5D, 0x5D, 0x9E, 0xDD, 0xEA, 0x00, 0x2F, 0x02, 0x15, 0x15, 0x9E, 0x51, 0x31, 0x55, 0x5D, 0x16, 0x51, 0x31, 
	0x5D, 0x54, 0xAC, 0x14, 0x15, 0x15, 0x15, 0x59, 0x98, 0x91, 0x31, 0xB5, 0x15, 0x15, 0x15, 0x5D, 0x9E, 0xC5, 0x5D, 0x9E, 0x59, 0x31, 0x5D, 0xFD, 0xBB, 0xEF, 0xEA, 0xEA, 0x5D, 0x9C, 
	0x91, 0x31, 0x8D, 0x15, 0x15, 0x15, 0x26, 0xC7, 0x5D, 0x9E, 0x59, 0x31, 0x65, 0xEA, 0x00, 0x84, 0x03, 0x15, 0x15, 0x5D, 0x9E, 0x91, 0x31, 0x8D, 0x15, 0x15, 0x15, 0x5D, 0x9E, 0x99, 
	0x31, 0xD5, 0x17, 0x15, 0x15, 0x5D, 0x26, 0xD9, 0xFD, 0xE4, 0x14, 0x15, 0x15, 0x5D, 0x94, 0xD1, 0xC5, 0x17, 0x15, 0x15, 0x4A, 0xD6, 0xD9, 0xD9, 0xD9, 0xD9, 0xD9, 0xD9, 0xD9, 0xD9, 
	0x9D, 0x41, 0x31, 0x05, 0x5D, 0x9C, 0x59, 0x31, 0x1D, 0x5D, 0x96, 0xF9, 0x2D, 0x5D, 0x7C, 0x51, 0x31, 0x55, 0xE5, 0xCD, 0xEA, 0xEA, 0x5D, 0x9C, 0x51, 0x31, 0x35, 0x59, 0x98, 0x51, 
	0x31, 0x35, 0x1A, 0xA3, 0x41, 0x31, 0x5D, 0x26, 0xDC, 0xEA, 0x00, 0x96, 0x02, 0x15, 0x15, 0x5D, 0x96, 0xD1, 0x2D, 0xD6, 0xD9, 0xD9, 0xD9, 0xD9, 0xD9, 0xD9, 0xD9, 0xD9, 0xD9, 0xD9, 
	0xD9, 0xD9, 0xD9, 0xD9, 0x51, 0x9C, 0x59, 0x31, 0x35, 0x59, 0x9C, 0x51, 0x31, 0x0D, 0x5D, 0x9C, 0x41, 0x31, 0x05, 0x5D, 0x9C, 0x59, 0x31, 0x1D, 0x42, 0x5D, 0x96, 0xF9, 0x75, 0x5D, 
	0x96, 0x28, 0xEA, 0x5B, 0x15, 0x15, 0x15, 0x1A, 0x90, 0xDF, 0x15, 0x15, 0x15, 0x5D, 0x98, 0x51, 0x31, 0x5D, 0x5D, 0x9E, 0xED, 0x26, 0xD5, 0xAC, 0x05, 0x15, 0x15, 0x15, 0xE6, 0xBF, 
	0x5D, 0x98, 0x00, 0x84, 0x13, 0x15, 0x15, 0x5D, 0x98, 0x59, 0x31, 0x5D, 0xEA, 0x00, 0xAB, 0x00, 0x15, 0x15, 0x5D, 0x98, 0x59, 0x31, 0x5D, 0xEA, 0x00, 0xAE, 0x00, 0x15, 0x15, 0x5D, 
	0x9C, 0x51, 0x31, 0x2D, 0x5D, 0x96, 0x69, 0x31, 0x2D, 0x15, 0x1A, 0x91, 0x9E, 0x15, 0x15, 0x15, 0x5D, 0x9E, 0x51, 0x31, 0x2D, 0x5D, 0x96, 0xD5, 0x01, 0x5D, 0x9C, 0x51, 0x31, 0x2D, 
	0xD2, 0x51, 0x31, 0x25, 0x15, 0x15, 0x15, 0x15, 0xFE, 0x1F, 0x9E, 0x51, 0x31, 0x25, 0xEA, 0xD5, 0x9C, 0x51, 0x31, 0x25, 0x94, 0x69, 0x31, 0x25, 0x15, 0x14, 0x15, 0x15, 0x68, 0x4A, 
	0x5D, 0x76, 0x51, 0x31, 0x25, 0x5D, 0x9E, 0x59, 0x31, 0x2D, 0x1A, 0xA3, 0x11, 0x14, 0x96, 0xED, 0x5D, 0x60, 0x5F, 0x9E, 0x51, 0x31, 0x25, 0xEA, 0xD5, 0x5D, 0x8D, 0x5D, 0x9E, 0x59, 
	0x31, 0x2D, 0x1A, 0xA3, 0x11, 0x14, 0x28, 0x9E, 0x15, 0x15, 0x15, 0x60, 0x27, 0x9E, 0x51, 0x31, 0x25, 0x96, 0xD5, 0x17, 0x5D, 0x8D, 0x5D, 0x9E, 0x59, 0x31, 0x2D, 0x1A, 0xA3, 0x11, 
	0x14, 0x28, 0xD1, 0x15, 0x15, 0x15, 0x60, 0x0C, 0x5D, 0x76, 0x51, 0x31, 0x25, 0x5D, 0x9E, 0x59, 0x31, 0x2D, 0x5D, 0x16, 0xDD, 0x5D, 0x9E, 0xD4, 0x5D, 0x9C, 0x10, 0x26, 0x5B, 0x15, 
	0x15, 0xFE, 0x17, 0xFE, 0x98, 0x5D, 0x96, 0x28, 0x32, 0x5B, 0x15, 0x15, 0x15, 0x61, 0x55, 0x5D, 0x9E, 0x10, 0x0B, 0x5B, 0x15, 0x15, 0x5D, 0x9C, 0x51, 0x31, 0x55, 0x5D, 0x9E, 0x91, 
	0x31, 0x85, 0x15, 0x15, 0x15, 0x5D, 0x9C, 0x51, 0x31, 0x35, 0x51, 0x9E, 0x99, 0x31, 0x9D, 0x15, 0x15, 0x15, 0x59, 0x9E, 0x91, 0x31, 0x95, 0x15, 0x15, 0x15, 0x5D, 0x9E, 0x41, 0x31, 
	0x6D, 0x5D, 0x9E, 0x59, 0x31, 0x65, 0x5D, 0x9E, 0x51, 0x31, 0x55, 0xEA, 0x00, 0x5A, 0x03, 0x15, 0x15, 0xFE, 0x10, 0xAD, 0x17, 0x15, 0x15, 0xD5, 0x5D, 0x96, 0xD1, 0x75, 0x4A, 0xD6, 
	0xD9, 0xD9, 0xD9, 0xD9, 0xD9, 0xD9, 0xD9, 0xD9, 0xD9, 0xD9, 0x5D, 0x96, 0xF9, 0x0D, 0xEF, 0x1A, 0x35, 0xD5, 0x5D, 0x9C, 0x11, 0x31, 0x5D, 0x9E, 0x11, 0x31, 0x5D, 0x1A, 0xAF, 0xE5, 
	0x05, 0x1A, 0x37, 0xD5, 0x5D, 0x9E, 0x11, 0x31, 0x5D, 0x96, 0xD1, 0x0D, 0xD6, 0xD9, 0xD9, 0xD9, 0xD9, 0xD9, 0xD9, 0xD9, 0xD9, 0xD9, 0xD9, 0xD9, 0xD9, 0xD9, 0xD9, 0xD9, 0x5D, 0x9C, 
	0x59, 0x31, 0x1D, 0x5D, 0x9E, 0x51, 0x31, 0x1D, 0x1A, 0x37, 0xD5, 0xEE, 0xD6, 0xD9, 0xD9, 0xD9, 0xD9, 0xD9, 0xD9, 0xD9, 0x73, 0x73, 0x1A, 0x0A, 0x91, 0x15, 0x15, 0x15, 0x15, 0x15, 
	0x5D, 0x2E, 0x18, 0xFC, 0x59, 0x15, 0x15, 0x60, 0x05, 0x5D, 0xD4, 0xD4, 0x05, 0x73, 0xE2, 0xD4, 0xEA, 0xEA, 0x60, 0x14, 0xD6, 0x5D, 0xD4, 0xDC, 0x05, 0xFC, 0x07, 0x15, 0x15, 0x15, 
	0xD9, 0xD9, 0xD7, 0x15, 0x15, 0xD9, 0xD9, 0xD9, 0xD9, 0xD9, 0xD9, 0xD9, 0xD9, 0xD9, 0xD9, 0xD9, 0xD9, 0xD9, 0xAC, 0x17, 0x15, 0x15, 0x15, 0xD8, 0x3C, 0xD9, 0xD9, 0xD9, 0xD9, 0xD9, 
	0xD9, 0xD9, 0xD9, 0xD9, 0x5D, 0x96, 0xF9, 0x3D, 0x58, 0x9E, 0x54, 0x2D, 0x5D, 0x9E, 0xDF, 0x5C, 0x9E, 0xC4, 0xFD, 0x18, 0x15, 0x15, 0x15, 0xAD, 0x14, 0x15, 0x15, 0x15, 0x5D, 0x96, 
	0xD1, 0x3D, 0xD6, 0xD9, 0xD9, 0xD9, 0x5D, 0x96, 0xF9, 0x3D, 0x54, 0x9E, 0x15, 0x59, 0x9E, 0xDC, 0x51, 0x9E, 0xCD, 0x59, 0x9E, 0xC4, 0x54, 0x96, 0xF6, 0xED, 0xBD, 0x11, 0x61, 0x06, 
	0x54, 0x9E, 0x55, 0x1D, 0x58, 0x76, 0x45, 0x11, 0xE2, 0xCD, 0x59, 0x16, 0xC4, 0x5D, 0x76, 0xDD, 0x59, 0x36, 0xC4, 0x5C, 0x76, 0xD6, 0x5B, 0x9E, 0x11, 0x05, 0x5D, 0x9E, 0x57, 0x05, 
	0x9E, 0x5D, 0x1D, 0x5D, 0x9E, 0x57, 0x1D, 0x9F, 0x41, 0x14, 0x16, 0xE3, 0xD7, 0x1A, 0x61, 0x1C, 0x1A, 0xA3, 0xD7, 0x96, 0xF5, 0xE5, 0x59, 0x16, 0xDD, 0x58, 0x26, 0xDD, 0x5C, 0x9E, 
	0xDC, 0xFD, 0x53, 0xEA, 0xEA, 0xEA, 0x5D, 0x96, 0xD1, 0x3D, 0xD6, 0xEA, 0x30, 0xA6, 0x06, 0x15, 0x15, 0xEA, 0x30, 0x08, 0x01, 0x15, 0x15, 0xEA, 0x30, 0x0A, 0x01, 0x15, 0x15, 0xEA, 
	0x30, 0x54, 0x01, 0x15, 0x15, 0xEA, 0x30, 0x56, 0x01, 0x15, 0x15, 0xEA, 0x30, 0x78, 0x01, 0x15, 0x15, 0xEA, 0x30, 0xD2, 0x01, 0x15, 0x15, 0xEA, 0x30, 0xDC, 0x01, 0x15, 0x15, 0xEA, 
	0x30, 0xDE, 0x01, 0x15, 0x15, 0xEA, 0x30, 0xD8, 0x01, 0x15, 0x15, 0xD9, 0xD9, 0xD9, 0xD9, 0xD9, 0xD9, 0xD9, 0xD9, 0xD9, 0xD9, 0xD9, 0x73, 0x73, 0x1A, 0x0A, 0x91, 0x15, 0x15, 0x15, 
	0x15, 0x15, 0xEA, 0xF5, 0xD9, 0xD9, 0xD9, 0xD9, 0xD9, 0xD9, 0xD9, 0xD9, 0xD9, 0xD9, 0xD9, 0xD9, 0xD9, 0xD9, 0x5B, 0x70, 0x62, 0x5E, 0x71, 0x50, 0x7B, 0x60, 0x78, 0x70, 0x67, 0x74, 
	0x61, 0x70, 0x51, 0x70, 0x77, 0x60, 0x72, 0x72, 0x7C, 0x7B, 0x72, 0x51, 0x70, 0x63, 0x7C, 0x76, 0x70, 0x66, 0x18, 0x1F, 0x15, 0xD9, 0xD9, 0xD9, 0xD9, 0xD9, 0xD9, 0xD9, 0xD9, 0xD9, 
	0xD9, 0xD9, 0xD9, 0xD9, 0xD9, 0xD9, 0x21, 0x2D, 0x2D, 0x57, 0x25, 0x20, 0x3F, 0x3F, 0x3F, 0x3F, 0x22, 0x20, 0x3F, 0x21, 0x2D, 0x2D, 0x57, 0x25, 0x20, 0x3F, 0x3F, 0x3F, 0x3F, 0x50, 
	0x2D, 0x15, 0xD9, 0xD9, 0xD9, 0xD9, 0xD9, 0xD9, 0x45, 0x54, 0x52, 0x50, 0x15, 0xD9, 0xD9, 0xD9, 0xD9, 0xD9, 0xD9, 0xD9, 0xD9, 0xD9, 0xD9, 0xD9, 0x7B, 0x61, 0x7A, 0x66, 0x7E, 0x67, 
	0x7B, 0x79, 0x3B, 0x70, 0x6D, 0x70, 0x15, 0xD9, 0xD9, 0xD9, 0x50, 0x15, 0x6D, 0x15, 0x47, 0x15, 0x70, 0x15, 0x72, 0x15, 0x7C, 0x15, 0x66, 0x15, 0x61, 0x15, 0x70, 0x15, 0x67, 0x15, 
	0x54, 0x15, 0x61, 0x15, 0x61, 0x15, 0x67, 0x15, 0x7C, 0x15, 0x77, 0x15, 0x60, 0x15, 0x61, 0x15, 0x70, 0x15, 0x5C, 0x15, 0x7B, 0x15, 0x73, 0x15, 0x7A, 0x15, 0x67, 0x15, 0x78, 0x15, 
	0x74, 0x15, 0x61, 0x15, 0x7C, 0x15, 0x7A, 0x15, 0x7B, 0x15, 0x56, 0x15, 0x74, 0x15, 0x79, 0x15, 0x79, 0x15, 0x77, 0x15, 0x74, 0x15, 0x76, 0x15, 0x7E, 0x15, 0x15, 0x15, 0xD9, 0xD9, 
	0x51, 0x67, 0x7C, 0x63, 0x70, 0x67, 0x40, 0x7B, 0x79, 0x7A, 0x74, 0x71, 0x15, 0xD9, 0xD9, 0xD9, 0x55, 0x2D, 0x23, 0x35, 0x51, 0x67, 0x7C, 0x63, 0x70, 0x67, 0x40, 0x7B, 0x79, 0x7A, 
	0x74, 0x71, 0x35, 0x38, 0x38, 0x38, 0x2B, 0x35, 0x30, 0x66, 0x1F, 0x15, 0xD9, 0xD9, 0xD9, 0xD9, 0xD9, 0xD9, 0x46, 0x41, 0x54, 0x47, 0x41, 0x15, 0xD9, 0xD9, 0xD9, 0xD9, 0xD9, 0xD9, 
	0xD9, 0xD9, 0xD9, 0xD9, 0x55, 0x2D, 0x23, 0x35, 0x35, 0x51, 0x67, 0x7C, 0x63, 0x70, 0x67, 0x50, 0x7B, 0x61, 0x67, 0x6C, 0x35, 0x38, 0x38, 0x38, 0x2B, 0x35, 0x30, 0x66, 0x1F, 0x15, 
	0xD9, 0xD9, 0xD9, 0xD9, 0xD9, 0xD9, 0x4F, 0x15, 0x62, 0x15, 0x52, 0x15, 0x70, 0x15, 0x61, 0x15, 0x5B, 0x15, 0x70, 0x15, 0x6D, 0x15, 0x61, 0x15, 0x41, 0x15, 0x7D, 0x15, 0x67, 0x15, 
	0x70, 0x15, 0x74, 0x15, 0x71, 0x15, 0x15, 0x15, 0x4F, 0x15, 0x62, 0x15, 0x52, 0x15, 0x70, 0x15, 0x61, 0x15, 0x5B, 0x15, 0x7A, 0x15, 0x61, 0x15, 0x7C, 0x15, 0x73, 0x15, 0x7C, 0x15, 
	0x76, 0x15, 0x74, 0x15, 0x61, 0x15, 0x7C, 0x15, 0x7A, 0x15, 0x7B, 0x15, 0x47, 0x15, 0x70, 0x15, 0x66, 0x15, 0x7A, 0x15, 0x60, 0x15, 0x67, 0x15, 0x76, 0x15, 0x70, 0x15, 0x58, 0x15, 
	0x74, 0x15, 0x7B, 0x15, 0x74, 0x15, 0x72, 0x15, 0x70, 0x15, 0x67, 0x15, 0x15, 0x15, 0xD9, 0xD9, 0xD9, 0xD9, 0xD9, 0xD9, 0xD9, 0xD9, 0xD9, 0xD9, 0xD9, 0xD9, 0xD9, 0xD9, 0x21, 0x56, 
	0x2D, 0x57, 0x50, 0x54, 0x21, 0x2D, 0x2D, 0x57, 0x53, 0x24, 0x26, 0x26, 0x53, 0x53, 0x2D, 0x2C, 0x22, 0x56, 0x3F, 0x3F, 0x23, 0x20, 0x3F, 0x3F, 0x3F, 0x3F, 0x3F, 0x3F, 0x3F, 0x3F, 
	0x21, 0x56, 0x2D, 0x2C, 0x3F, 0x3F, 0x3F, 0x3F, 0x3F, 0x3F, 0x23, 0x23, 0x21, 0x24, 0x3F, 0x3F, 0x3F, 0x3F, 0x3F, 0x3F, 0x3F, 0x21, 0x2D, 0x3F, 0x3F, 0x3F, 0x3F, 0x3F, 0x3F, 0x25, 
	0x53, 0x3F, 0x3F, 0x21, 0x2D, 0x2D, 0x57, 0x25, 0x24, 0x15, 0xD9, 0xD9, 0xD9, 0xD9, 0xD9, 0xD9, 0xD9, 0xD9, 0x21, 0x25, 0x20, 0x26, 0x21, 0x2D, 0x3F, 0x3F, 0x3F, 0x21, 0x2D, 0x2D, 
	0x57, 0x51, 0x54, 0x50, 0x2D, 0x3F, 0x3F, 0x3F, 0x3F, 0x21, 0x2D, 0x2D, 0x20, 0x51, 0x57, 0x22, 0x21, 0x3F, 0x2D, 0x2C, 0x25, 0x26, 0x26, 0x26, 0x56, 0x25, 0x21, 0x2D, 0x3F, 0x3F, 
	0x3F, 0x20, 0x57, 0x56, 0x26, 0x15, 0x45, 0x15, 0x66, 0x15, 0x52, 0x15, 0x70, 0x15, 0x61, 0x15, 0x41, 0x15, 0x7D, 0x15, 0x67, 0x15, 0x70, 0x15, 0x74, 0x15, 0x71, 0x15, 0x5C, 0x15, 
	0x71, 0x15, 0x15, 0x15, 0xD9, 0xD9, 0xD9, 0xD9, 0x45, 0x15, 0x66, 0x15, 0x46, 0x15, 0x70, 0x15, 0x61, 0x15, 0x59, 0x15, 0x7A, 0x15, 0x74, 0x15, 0x71, 0x15, 0x5C, 0x15, 0x78, 0x15, 
	0x74, 0x15, 0x72, 0x15, 0x70, 0x15, 0x5B, 0x15, 0x7A, 0x15, 0x61, 0x15, 0x7C, 0x15, 0x73, 0x15, 0x6C, 0x15, 0x47, 0x15, 0x7A, 0x15, 0x60, 0x15, 0x61, 0x15, 0x7C, 0x15, 0x7B, 0x15, 
	0x70, 0x15, 0x50, 0x15, 0x6D, 0x15, 0x15, 0x15, 0xD9, 0xD9, 0xD9, 0xD9, 0x45, 0x15, 0x66, 0x15, 0x46, 0x15, 0x70, 0x15, 0x61, 0x15, 0x59, 0x15, 0x7A, 0x15, 0x74, 0x15, 0x71, 0x15, 
	0x5C, 0x15, 0x78, 0x15, 0x74, 0x15, 0x72, 0x15, 0x70, 0x15, 0x5B, 0x15, 0x7A, 0x15, 0x61, 0x15, 0x7C, 0x15, 0x73, 0x15, 0x6C, 0x15, 0x47, 0x15, 0x7A, 0x15, 0x60, 0x15, 0x61, 0x15, 
	0x7C, 0x15, 0x7B, 0x15, 0x70, 0x15, 0x15, 0x15, 0xD9, 0xD9, 0xD9, 0xD9, 0xD9, 0xD9, 0xD9, 0xD9, 0x4F, 0x15, 0x62, 0x15, 0x56, 0x15, 0x67, 0x15, 0x70, 0x15, 0x74, 0x15, 0x61, 0x15, 
	0x70, 0x15, 0x46, 0x15, 0x6C, 0x15, 0x78, 0x15, 0x77, 0x15, 0x7A, 0x15, 0x79, 0x15, 0x7C, 0x15, 0x76, 0x15, 0x59, 0x15, 0x7C, 0x15, 0x7B, 0x15, 0x7E, 0x15, 0x5A, 0x15, 0x77, 0x15, 
	0x7F, 0x15, 0x70, 0x15, 0x76, 0x15, 0x61, 0x15, 0x15, 0x15, 0xD9, 0xD9, 0xD9, 0xD9, 0xD9, 0xD9, 0xD9, 0xD9, 0xD9, 0xD9, 0xD6, 0xAE, 0xC6, 0xC5, 0xAE, 0xE4, 0xDD, 0xB4, 0xA0, 0xA8, 
	0xDA, 0xCA, 0xA6, 0xD9, 0xAF, 0xBA, 0xDF, 0xE8, 0x4F, 0x62, 0x56, 0x67, 0x70, 0x74, 0x61, 0x70, 0x41, 0x7D, 0x67, 0x70, 0x74, 0x71, 0x50, 0x6D, 0x35, 0x30, 0x4D, 0x18, 0x1F, 0x15, 
	0xD9, 0xD9, 0xD9, 0xD9, 0xD9, 0xD9, 0xD9, 0xD9, 0xA1, 0xA1, 0xA8, 0xBD, 0xDA, 0xCA, 0xA6, 0xD9, 0xDF, 0xB2, 0xA5, 0xC9, 0x35, 0x30, 0x4D, 0x18, 0x1F, 0x15, 0xD9, 0xD9, 0xD9, 0xD9, 
	0xD9, 0xD9, 0xD9, 0xD9, 0xD9, 0xD9, 0xD9, 0xD9, 0xD9, 0xD9, 0x58, 0x15, 0x78, 0x15, 0x52, 0x15, 0x70, 0x15, 0x61, 0x15, 0x43, 0x15, 0x7C, 0x15, 0x67, 0x15, 0x61, 0x15, 0x60, 0x15, 
	0x74, 0x15, 0x79, 0x15, 0x53, 0x15, 0x7A, 0x15, 0x67, 0x15, 0x45, 0x15, 0x7D, 0x15, 0x6C, 0x15, 0x66, 0x15, 0x7C, 0x15, 0x76, 0x15, 0x74, 0x15, 0x79, 0x15, 0x15, 0x15, 0x4E, 0x7D, 
	0x7A, 0x61, 0x72, 0x70, 0x48, 0x2F, 0x7C, 0x78, 0x74, 0x72, 0x70, 0x57, 0x74, 0x66, 0x70, 0x35, 0x28, 0x35, 0x30, 0x79, 0x79, 0x6D, 0x39, 0x66, 0x7C, 0x6F, 0x70, 0x7A, 0x73, 0x7C, 
	0x78, 0x74, 0x72, 0x70, 0x35, 0x28, 0x35, 0x30, 0x79, 0x79, 0x6D, 0x39, 0x30, 0x62, 0x4F, 0x18, 0x1F, 0x15, 0xD9, 0xD9, 0xD9, 0xD9, 0xD9, 0xD9, 0xD9, 0xD9, 0xD9, 0xD9, 0xD9, 0xD9, 
	0xD9, 0xD9, 0x49, 0x15, 0x51, 0x15, 0x67, 0x15, 0x7C, 0x15, 0x63, 0x15, 0x70, 0x15, 0x67, 0x15, 0x49, 0x15, 0x42, 0x15, 0x58, 0x15, 0x5C, 0x15, 0x6D, 0x15, 0x42, 0x15, 0x51, 0x15, 
	0x58, 0x15, 0x15, 0x15, 0x53, 0x53, 0x50, 0x24, 0x15, 0xD9, 0xD9, 0xD9, 0xD9, 0xD9, 0xD9, 0xD9, 0xD9, 0xD9, 0xD9, 0xD9, 0x3B, 0x61, 0x70, 0x6D, 0x61, 0x15, 0xD9, 0xD9, 0xD9, 0xD9, 
	0xD9, 0xD9, 0xD9, 0xD9, 0xD9, 0xD9, 0x21, 0x15, 0x20, 0x15, 0x23, 0x15, 0x26, 0x15, 0x21, 0x15, 0x25, 0x15, 0x15, 0x15, 0xD9, 0xD9, 0x7B, 0x61, 0x7E, 0x67, 0x7B, 0x79, 0x65, 0x74, 
	0x3B, 0x70, 0x6D, 0x70, 0x15, 0xD9, 0xD9, 0xD9, 0x4F, 0x15, 0x62, 0x15, 0x5C, 0x15, 0x66, 0x15, 0x45, 0x15, 0x67, 0x15, 0x7A, 0x15, 0x76, 0x15, 0x70, 0x15, 0x66, 0x15, 0x66, 0x15, 
	0x5C, 0x15, 0x7B, 0x15, 0x5F, 0x15, 0x7A, 0x15, 0x77, 0x15, 0x15, 0x15, 0x15, 0x15, 0x15, 0x15, 0x15, 0x15, 0x15, 0x15, 0x15, 0x15, 0x15, 0x15, 0x15, 0x15, 0x15, 0x15, 0x15, 0x15, 
	0x15, 0x15, 0x15, 0x15, 0x15, 0x15, 0x15, 0x15, 0x15, 0x15, 0x15, 0x15, 0x15, 0x15, 0x15, 0x15, 0x15, 0x15, 0x15, 0x15, 0x15, 0x15, 0x15, 0x15, 0x15, 0x15, 0x15, 0x15, 0x15, 0x15, 
	0x15, 0x15, 0x15, 0x15, 0x15, 0x15, 0x15, 0x15, 0x15, 0x15, 0x15, 0x15, 0x15, 0x15, 0x15, 0x15, 0x15, 0x15, 0x15, 0x15, 0x15, 0x15, 0x15, 0x15, 0x15, 0x15, 0x15, 0x15, 0x15, 0x15, 
	0x15, 0x15, 0x15, 0x15, 0x15, 0x15, 0x15, 0x15, 0x15, 0x15, 0x15, 0x15, 0x15, 0x15, 0x15, 0x15, 0x15, 0x15, 0x15, 0x15, 0x15, 0x15, 0x15, 0x15, 0x15, 0x15, 0x15, 0x15, 0x15, 0x15, 
	0x15, 0x15, 0x15, 0x15, 0x15, 0x15, 0x15, 0x15, 0x15, 0x15, 0x15, 0x15, 0x15, 0x15, 0x15, 0x15, 0x15, 0x15, 0x15, 0x15, 0x15, 0x15, 0x15, 0x15, 0x15, 0x15, 0x15, 0x15, 0x15, 0x15, 
	0x15, 0x15, 0x15, 0x15, 0x15, 0x15, 0x15, 0x15, 0x15, 0x15, 0x15, 0x15, 0x15, 0x15, 0x15, 0x15, 0x15, 0x15, 0x15, 0x15, 0x15, 0x15, 0x15, 0x15, 0x15, 0x15, 0x15, 0x15, 0x15, 0x15, 
	0x15, 0x15, 0x15, 0x15, 0x15, 0x15, 0x15, 0x15, 0x15, 0x15, 0x15, 0x15, 0x15, 0x15, 0x15, 0x15, 0x15, 0x15, 0x15, 0x15, 0x15, 0x15, 0x15, 0x15, 0x15, 0x15, 0x15, 0x15, 0x15, 0x15, 
	0x15, 0x15, 0x15, 0x15, 0x15, 0x15, 0x15, 0x15, 0x15, 0x15, 0x15, 0x15, 0x15, 0x15, 0x15, 0x15, 0x15, 0x15, 0x15, 0x15, 0x15, 0x15, 0x15, 0x15, 0x15, 0x15, 0x15, 0x15, 0x15, 0x15, 
	0x15, 0x15, 0x15, 0x15, 0x15, 0x15, 0x15, 0x15, 0x15, 0x15, 0x15, 0x15, 0x15, 0x15, 0x15, 0x15, 0x15, 0x15, 0x15, 0x15, 0x15, 0x15, 0x15, 0x15, 0x15, 0x15, 0x0D, 0xD7, 0x15, 0x15, 
	0x15, 0x15, 0x15, 0x15, 0x3D, 0xD7, 0x15, 0x15, 0x15, 0x15, 0x15, 0x15, 0x23, 0xD7, 0x15, 0x15, 0x15, 0x15, 0x15, 0x15, 0x5F, 0xD7, 0x15, 0x15, 0x15, 0x15, 0x15, 0x15, 0x77, 0xD7, 
	0x15, 0x15, 0x15, 0x15, 0x15, 0x15, 0x6B, 0xD7, 0x15, 0x15, 0x15, 0x15, 0x15, 0x15, 0x9F, 0xD7, 0x15, 0x15, 0x15, 0x15, 0x15, 0x15, 0x89, 0xD7, 0x15, 0x15, 0x15, 0x15, 0x15, 0x15, 
	0xA5, 0xD7, 0x15, 0x15, 0x15, 0x15, 0x15, 0x15, 0xD7, 0xD7, 0x15, 0x15, 0x15, 0x15, 0x15, 0x15, 0xCD, 0xD7, 0x15, 0x15, 0x15, 0x15, 0x15, 0x15, 0xE1, 0xD7, 0x15, 0x15, 0x15, 0x15, 
	0x15, 0x15, 0x19, 0xD6, 0x15, 0x15, 0x15, 0x15, 0x15, 0x15, 0x33, 0xD6, 0x15, 0x15, 0x15, 0x15, 0x15, 0x15, 0x25, 0xD6, 0x15, 0x15, 0x15, 0x15, 0x15, 0x15, 0x5D, 0xD6, 0x15, 0x15, 
	0x15, 0x15, 0x15, 0x15, 0x77, 0xD6, 0x15, 0x15, 0x15, 0x15, 0x15, 0x15, 0x95, 0xD6, 0x15, 0x15, 0x15, 0x15, 0x15, 0x15, 0x8F, 0xD6, 0x15, 0x15, 0x15, 0x15, 0x15, 0x15, 0xA5, 0xD6, 
	0x15, 0x15, 0x15, 0x15, 0x15, 0x15, 0xD9, 0xD6, 0x15, 0x15, 0x15, 0x15, 0x15, 0x15, 0xCB, 0xD6, 0x15, 0x15, 0x15, 0x15, 0x15, 0x15, 0xE1, 0xD6, 0x15, 0x15, 0x15, 0x15, 0x15, 0x15, 
	0x11, 0xD1, 0x15, 0x15, 0x15, 0x15, 0x15, 0x15, 0x09, 0xD1, 0x15, 0x15, 0x15, 0x15, 0x15, 0x15, 0x33, 0xD1, 0x15, 0x15, 0x15, 0x15, 0x15, 0x15, 0x5D, 0xD1, 0x15, 0x15, 0x15, 0x15, 
	0x15, 0x15, 0x47, 0xD1, 0x15, 0x15, 0x15, 0x15, 0x15, 0x15, 0x73, 0xD1, 0x15, 0x15, 0x15, 0x15, 0x15, 0x15, 0x93, 0xD1, 0x15, 0x15, 0x15, 0x15, 0x15, 0x15, 0xB5, 0xD1, 0x15, 0x15, 
	0x15, 0x15, 0x15, 0x15, 0xAD, 0xD1, 0x15, 0x15, 0x15, 0x15, 0x15, 0x15, 0xC5, 0xD1, 0x15, 0x15, 0x15, 0x15, 0x15, 0x15, 0xF7, 0xD1, 0x15, 0x15, 0x15, 0x15, 0x15, 0x15, 0xE7, 0xD1, 
	0x15, 0x15, 0x15, 0x15, 0x15, 0x15, 0x1D, 0xD0, 0x15, 0x15, 0x15, 0x15, 0x15, 0x15, 0x35, 0xD0, 0x15, 0x15, 0x15, 0x15, 0x15, 0x15, 0x23, 0xD0, 0x15, 0x15, 0x15, 0x15, 0x15, 0x15, 
	0x5B, 0xD0, 0x15, 0x15, 0x15, 0x15, 0x15, 0x15, 0x73, 0xD0, 0x15, 0x15, 0x15, 0x15, 0x15, 0x15, 0x6D, 0xD0, 0x15, 0x15, 0x15, 0x15, 0x15, 0x15, 0x87, 0xD0, 0x15, 0x15, 0x15, 0x15, 
	0x15, 0x15, 0xB7, 0xD0, 0x15, 0x15, 0x15, 0x15, 0x15, 0x15, 0xAD, 0xD0, 0x15, 0x15, 0x15, 0x15, 0x15, 0x15, 0xC5, 0xD0, 0x15, 0x15, 0x15, 0x15, 0x15, 0x15, 0xC9, 0xD0, 0x15, 0x15, 
	0x15, 0x15, 0x15, 0x15, 0xF3, 0xD0, 0x15, 0x15, 0x15, 0x15, 0x15, 0x15, 0xE5, 0xD0, 0x15, 0x15, 0x15, 0x15, 0x15, 0x15, 0x19, 0xD3, 0x15, 0x15, 0x15, 0x15, 0x15, 0x15, 0x15, 0x15, 
	0x15, 0x15, 0x15, 0x15, 0x15, 0x15, 0xC5, 0x4E, 0x15, 0x55, 0x14, 0x15, 0x15, 0x15, 0xD5, 0x49, 0x15, 0x55, 0x14, 0x15, 0x15, 0x15, 0x15, 0x04, 0x15, 0x15, 0xA5, 0x07, 0x15, 0x15, 
	0xB5, 0x01, 0x15, 0x15, 0xB5, 0x00, 0x15, 0x15, 0xB5, 0x0D, 0x15, 0x15, 0xC5, 0x0D, 0x15, 0x15, 0xD5, 0x5F, 0x15, 0x15, 0xC5, 0x4E, 0x15, 0x15, 0xF5, 0x4E, 0x15, 0x15, 0x15, 0xD5, 
	0x15, 0x15, 0x05, 0x64, 0x15, 0x15, 0x15, 0x15, 0x15, 0x15, 0x15, 0x15, 0x15, 0x15, 0xDF, 0xF4, 0x0D, 0x7D, 0x15, 0x15, 0x15, 0x15, 0x17, 0x15, 0x15, 0x15, 0x23, 0x15, 0x15, 0x15, 
	0x0D, 0x66, 0x15, 0x15, 0x0D, 0x4C, 0x15, 0x15, 0x15, 0x15, 0x15, 0x15, 0xDF, 0xF4, 0x0D, 0x7D, 0x15, 0x15, 0x15, 0x15, 0x18, 0x15, 0x15, 0x15, 0x5D, 0x14, 0x15, 0x15, 0x45, 0x66, 
	0x15, 0x15, 0x45, 0x4C, 0x15, 0x15, 0x15, 0x15, 0x15, 0x15, 0x15, 0x15, 0x15, 0x15, 0x1D, 0x14, 0x15, 0x15, 0x15, 0x15, 0x15, 0x15, 0x15, 0x15, 0x15, 0x15, 0x15, 0x15, 0x15, 0x15, 
	0x15, 0x15, 0x15, 0x15, 0x15, 0x15, 0x15, 0x15, 0x15, 0x15, 0x15, 0x15, 0x15, 0x15, 0x15, 0x15, 0x15, 0x15, 0x15, 0x15, 0x15, 0x15, 0x15, 0x15, 0x15, 0x15, 0x15, 0x15, 0x15, 0x15, 
	0x15, 0x15, 0x15, 0x15, 0x15, 0x15, 0x15, 0x15, 0x15, 0x15, 0x15, 0x15, 0x15, 0x15, 0x15, 0x15, 0x15, 0x15, 0x15, 0x15, 0x15, 0x15, 0x15, 0x15, 0x15, 0x15, 0x15, 0x15, 0x15, 0x15, 
	0x15, 0x15, 0x15, 0x15, 0x15, 0x15, 0x15, 0x15, 0x15, 0x15, 0x15, 0x15, 0xB5, 0xBD, 0x15, 0x55, 0x14, 0x15, 0x15, 0x15, 0x15, 0x15, 0x15, 0x15, 0x15, 0x15, 0x15, 0x15, 0x15, 0x15, 
	0x15, 0x15, 0x15, 0x15, 0x15, 0x15, 0x85, 0x64, 0x15, 0x55, 0x14, 0x15, 0x15, 0x15, 0x8D, 0x64, 0x15, 0x55, 0x14, 0x15, 0x15, 0x15, 0xB5, 0x64, 0x15, 0x55, 0x14, 0x15, 0x15, 0x15, 
	0x1F, 0x15, 0x15, 0x15, 0x15, 0x15, 0x15, 0x15, 0x15, 0x50, 0x14, 0x15, 0x15, 0x15, 0x15, 0x15, 0x15, 0x15, 0x15, 0x15, 0x15, 0x15, 0x15, 0x15, 0xDD, 0x64, 0x15, 0x55, 0x14, 0x15, 
	0x15, 0x15, 0x14, 0x15, 0x15, 0x15, 0x15, 0x15, 0x15, 0x15, 0x15, 0x15, 0x15, 0x15, 0x15, 0x15, 0x15, 0x15, 0x15, 0x15, 0x15, 0x15, 0x15, 0x15, 0x15, 0x15, 0x15, 0x15, 0x15, 0x15, 
	0x15, 0x15, 0x15, 0x15, 0x15, 0x15, 0x15, 0x15, 0x15, 0x15, 0x15, 0x15, 0x15, 0x15, 0x15, 0x15, 0x15, 0x15, 0x15, 0x15, 0x15, 0x15, 0x15, 0x15, 0x15, 0x15, 0x15, 0x15, 0x15, 0x15, 
	0x15, 0x15, 0x15, 0x15, 0x15, 0x15, 0x15, 0x15, 0x15, 0x15, 0x15, 0x15, 0x15, 0x15, 0x15, 0x15, 0x15, 0x15, 0x15, 0x15, 0x15, 0x15, 0x15, 0x15, 0x15, 0x15, 0x15, 0x15, 0x15, 0x15, 
	0x15, 0x15, 0x15, 0x15, 0x15, 0x15, 0x15, 0x15, 0x47, 0x46, 0x51, 0x46, 0x04, 0x0F, 0x11, 0xE4, 0x61, 0x79, 0xF6, 0x58, 0xA9, 0x62, 0xDF, 0xFA, 0x8E, 0x9A, 0x4F, 0x47, 0x11, 0x15, 
	0x15, 0x15, 0x51, 0x2F, 0x49, 0x56, 0x7A, 0x71, 0x70, 0x49, 0x67, 0x62, 0x24, 0x27, 0x49, 0x6D, 0x23, 0x21, 0x49, 0x51, 0x70, 0x77, 0x60, 0x72, 0x49, 0x67, 0x62, 0x3B, 0x65, 0x71, 
	0x77, 0x15, 0x15, 0x15, 0x15, 0x15, 0x15, 0x15, 0x15, 0x05, 0x15, 0x15, 0xA5, 0x59, 0x15, 0x15, 0x3B, 0x61, 0x70, 0x6D, 0x61, 0x31, 0x78, 0x7B, 0x15, 0x15, 0x15, 0x15, 0xA5, 0x49, 
	0x15, 0x15, 0x35, 0x15, 0x15, 0x15, 0x3B, 0x61, 0x70, 0x6D, 0x61, 0x31, 0x78, 0x7B, 0x31, 0x25, 0x25, 0x15, 0xC5, 0x49, 0x15, 0x15, 0x55, 0x11, 0x15, 0x15, 0x3B, 0x61, 0x70, 0x6D, 
	0x61, 0x31, 0x66, 0x15, 0x15, 0x65, 0x15, 0x15, 0x85, 0x14, 0x15, 0x15, 0x3B, 0x7C, 0x71, 0x74, 0x61, 0x74, 0x31, 0x20, 0x15, 0x15, 0x15, 0x15, 0x85, 0x64, 0x15, 0x15, 0x05, 0x15, 
	0x15, 0x15, 0x3B, 0x25, 0x25, 0x76, 0x73, 0x72, 0x15, 0x15, 0xB5, 0x64, 0x15, 0x15, 0x3D, 0x15, 0x15, 0x15, 0x3B, 0x72, 0x73, 0x7C, 0x71, 0x66, 0x15, 0x15, 0xDD, 0x64, 0x15, 0x15, 
	0x1D, 0x15, 0x15, 0x15, 0x3B, 0x72, 0x7C, 0x74, 0x61, 0x66, 0x15, 0x15, 0xC5, 0x64, 0x15, 0x15, 0x5D, 0x14, 0x15, 0x15, 0x3B, 0x67, 0x71, 0x74, 0x61, 0x74, 0x15, 0x15, 0x0D, 0x66, 
	0x15, 0x15, 0x95, 0x14, 0x15, 0x15, 0x3B, 0x67, 0x71, 0x74, 0x61, 0x74, 0x31, 0x6F, 0x6F, 0x6F, 0x71, 0x77, 0x72, 0x15, 0x15, 0x15, 0x8D, 0x61, 0x15, 0x15, 0xE9, 0x17, 0x15, 0x15, 
	0x3B, 0x6D, 0x71, 0x74, 0x61, 0x74, 0x15, 0x15, 0x15, 0x95, 0x15, 0x15, 0xA5, 0x3D, 0x15, 0x15, 0x3B, 0x71, 0x74, 0x61, 0x74, 0x15, 0x15, 0x15, 0xA5, 0xBD, 0x15, 0x15, 0x85, 0x15, 
	0x15, 0x15, 0x3B, 0x77, 0x66, 0x66, 0x15, 0x15, 0x15, 0x15, 0x15, 0xA5, 0x15, 0x15, 0xD1, 0x17, 0x15, 0x15, 0x3B, 0x65, 0x71, 0x74, 0x61, 0x74, 0x15, 0x15, 0x15, 0xD5, 0x15, 0x15, 
	0x49, 0x15, 0x15, 0x15, 0x5C, 0x5B, 0x5C, 0x41, 0x15, 0x15, 0x15, 0x15, 0x49, 0xD5, 0x15, 0x15, 0x01, 0x15, 0x15, 0x15, 0x3B, 0x7C, 0x71, 0x74, 0x61, 0x74, 0x31, 0x27, 0x15, 0x15, 
	0x15, 0x15, 0x65, 0xD5, 0x15, 0x15, 0x0D, 0x15, 0x15, 0x15, 0x3B, 0x7C, 0x71, 0x74, 0x61, 0x74, 0x31, 0x26, 0x15, 0x15, 0x15, 0x15, 0x9D, 0xD5, 0x15, 0x15, 0x85, 0x14, 0x15, 0x15, 
	0x3B, 0x7C, 0x71, 0x74, 0x61, 0x74, 0x31, 0x21, 0x15, 0x15, 0x15, 0x15, 0x0D, 0xD7, 0x15, 0x15, 0x09, 0x11, 0x15, 0x15, 0x3B, 0x7C, 0x71, 0x74, 0x61, 0x74, 0x31, 0x23, 0x15, 0x15, 
	0x15, 0x15, 0x0F, 0x0A, 0x10, 0x15, 0x17, 0x03, 0x15, 0x13, 0x18, 0x14, 0x3F, 0x15, 0x13, 0x65, 0x15, 0x15, 0xE5, 0x4E, 0x15, 0x15, 0x55, 0x14, 0x15, 0x15, 0x0F, 0x0E, 0x10, 0x15, 
	0x17, 0x03, 0x15, 0x13, 0x1C, 0x14, 0x3F, 0x15, 0x17, 0x65, 0x15, 0x15, 0xE5, 0x4E, 0x15, 0x15, 0x55, 0x14, 0x15, 0x15, 0x17, 0x1C, 0x16, 0x15, 0x14, 0x03, 0x15, 0x13, 0x1C, 0x97, 
	0x15, 0x15, 0x17, 0x06, 0x16, 0x15, 0x14, 0x03, 0x15, 0x13, 0x06, 0x97, 0x15, 0x15, 0x17, 0x1F, 0x11, 0x15, 0x17, 0x03, 0x15, 0x13, 0x1F, 0xC7, 0x13, 0x65, 0x17, 0x0D, 0x16, 0x15, 
	0x14, 0x03, 0x15, 0x13, 0x0D, 0xB7, 0x15, 0x15, 0x17, 0x19, 0x11, 0x15, 0x14, 0x13, 0x3D, 0x13, 0x19, 0x14, 0x04, 0x15, 0x17, 0x1C, 0x16, 0x15, 0x14, 0x03, 0x15, 0x13, 0x1C, 0x57, 
	0x15, 0x15, 0x17, 0x1B, 0x16, 0x15, 0x14, 0x03, 0x15, 0x13, 0x1B, 0x77, 0x15, 0x15, 0x0F, 0x3F, 0x13, 0x15, 0x16, 0x03, 0x15, 0x13, 0x0D, 0x14, 0x26, 0x15, 0x04, 0x65, 0x05, 0x75, 
	0xE5, 0x4E, 0x15, 0x15, 0x95, 0x14, 0x15, 0x15, 0x17, 0x09, 0x11, 0x15, 0x17, 0x03, 0x15, 0x13, 0x09, 0xE7, 0x00, 0x65, 0x0F, 0x09, 0x11, 0x15, 0x17, 0x03, 0x15, 0x13, 0x18, 0xE7, 
	0x13, 0x65, 0xE5, 0x4E, 0x15, 0x15, 0x6D, 0x15, 0x15, 0x15, 0x0F, 0x0A, 0x10, 0x15, 0x17, 0x03, 0x15, 0x13, 0x18, 0x14, 0x03, 0x15, 0x13, 0x65, 0x15, 0x15, 0xE5, 0x4E, 0x15, 0x15, 
	0xBD, 0x15, 0x15, 0x15, 0x17, 0x06, 0x16, 0x15, 0x14, 0x03, 0x15, 0x13, 0x06, 0x57, 0x15, 0x15, 0x0F, 0x3F, 0x13, 0x15, 0x16, 0x03, 0x15, 0x13, 0x0D, 0x14, 0x0A, 0x15, 0x04, 0x65, 
	0x05, 0x75, 0xE5, 0x4E, 0x15, 0x15, 0xFD, 0x15, 0x15, 0x15, 0x0F, 0x3F, 0x13, 0x15, 0x16, 0x03, 0x15, 0x13, 0x0D, 0x14, 0x34, 0x15, 0x04, 0x65, 0x05, 0x75, 0xE5, 0x4E, 0x15, 0x15, 
	0xE5, 0x15, 0x15, 0x15, 0x17, 0x13, 0x11, 0x15, 0x17, 0x03, 0x15, 0x13, 0x13, 0x67, 0x17, 0x65, 0x0F, 0x0E, 0x10, 0x15, 0x17, 0x03, 0x15, 0x13, 0x1C, 0x14, 0x3B, 0x15, 0x17, 0x65, 
	0x15, 0x15, 0xE5, 0x4E, 0x15, 0x15, 0x75, 0x14, 0x15, 0x15, 0x17, 0x13, 0x11, 0x15, 0x17, 0x03, 0x15, 0x13, 0x13, 0x87, 0x17, 0x65, 0x17, 0x1C, 0x16, 0x15, 0x14, 0x03, 0x15, 0x13, 
	0x1C, 0x77, 0x15, 0x15, 0x17, 0x18, 0x16, 0x15, 0x14, 0x03, 0x15, 0x13, 0x18, 0x57, 0x15, 0x15, 0x0F, 0x3B, 0x10, 0x15, 0x17, 0x03, 0x15, 0x13, 0x09, 0x14, 0x0F, 0x15, 0x00, 0x65, 
	0x15, 0x15, 0xE5, 0x4E, 0x15, 0x15, 0xD5, 0x15, 0x15, 0x15, 0x17, 0x18, 0x16, 0x15, 0x14, 0x03, 0x15, 0x13, 0x18, 0xB7, 0x15, 0x15, 0x0F, 0x34, 0x11, 0x15, 0x17, 0x03, 0x15, 0x13, 
	0x07, 0xE7, 0x1E, 0x65, 0xE5, 0x4E, 0x15, 0x15, 0x6D, 0x15, 0x15, 0x15, 0x0F, 0x36, 0x11, 0x15, 0x17, 0x03, 0x15, 0x13, 0x01, 0xC7, 0x05, 0x65, 0xE5, 0x4E, 0x15, 0x15, 0x75, 0x15, 
	0x15, 0x15, 0x0F, 0x3C, 0x10, 0x15, 0x17, 0x03, 0x15, 0x13, 0x02, 0x14, 0x01, 0x15, 0x05, 0x65, 0x15, 0x15, 0xE5, 0x4E, 0x15, 0x15, 0x8D, 0x15, 0x15, 0x15, 0x0F, 0x3C, 0x10, 0x15, 
	0x17, 0x03, 0x15, 0x13, 0x02, 0x14, 0x07, 0x15, 0x05, 0x65, 0x15, 0x15, 0xE5, 0x4E, 0x15, 0x15, 0x95, 0x15, 0x15, 0x15, 0x17, 0x0D, 0x16, 0x15, 0x14, 0x03, 0x15, 0x13, 0x0D, 0xF7, 
	0x15, 0x15, 0x0F, 0x09, 0x13, 0x15, 0x16, 0x03, 0x15, 0x13, 0x1F, 0x14, 0x56, 0x15, 0x16, 0x65, 0x17, 0x75, 0xE5, 0x4E, 0x15, 0x15, 0x15, 0x17, 0x15, 0x15, 0x17, 0x11, 0x16, 0x15, 
	0x14, 0x03, 0x15, 0x13, 0x11, 0x57, 0x15, 0x15, 0x17, 0x1B, 0x16, 0x15, 0x14, 0x03, 0x15, 0x13, 0x1B, 0x97, 0x15, 0x15, 0x17, 0x1F, 0x11, 0x15, 0x17, 0x03, 0x15, 0x13, 0x1F, 0xA7, 
	0x13, 0x65, 0x0F, 0x3B, 0x10, 0x15, 0x17, 0x03, 0x15, 0x13, 0x09, 0x14, 0x07, 0x15, 0x00, 0x65, 0x15, 0x15, 0xE5, 0x4E, 0x15, 0x15, 0x9D, 0x15, 0x15, 0x15, 0x0F, 0x3B, 0x10, 0x15, 
	0x17, 0x03, 0x15, 0x13, 0x09, 0x14, 0x0D, 0x15, 0x00, 0x65, 0x15, 0x15, 0xE5, 0x4E, 0x15, 0x15, 0xA5, 0x15, 0x15, 0x15, 0x17, 0x0C, 0x11, 0x15, 0x17, 0x03, 0x15, 0x13, 0x0C, 0x47, 
	0x00, 0x65, 0x0F, 0x3A, 0x13, 0x15, 0x16, 0x03, 0x15, 0x13, 0x08, 0x14, 0x44, 0x15, 0x03, 0x65, 0x00, 0x75, 0xE5, 0x4E, 0x15, 0x15, 0x65, 0x17, 0x15, 0x15, 0x0F, 0x31, 0x10, 0x15, 
	0x17, 0x03, 0x15, 0x13, 0x07, 0x14, 0x21, 0x15, 0x1E, 0x65, 0x15, 0x15, 0xE5, 0x4E, 0x15, 0x15, 0x85, 0x14, 0x15, 0x15, 0x0F, 0x3B, 0x10, 0x15, 0x17, 0x03, 0x15, 0x13, 0x09, 0x14, 
	0x4F, 0x15, 0x00, 0x65, 0x15, 0x15, 0xE5, 0x4E, 0x15, 0x15, 0xD5, 0x17, 0x15, 0x15, 0x17, 0x1F, 0x11, 0x15, 0x17, 0x03, 0x15, 0x13, 0x1F, 0x07, 0x13, 0x65, 0x17, 0x1A, 0x10, 0x15, 
	0x16, 0x03, 0x15, 0x13, 0x1A, 0xB7, 0x1E, 0x65, 0x1F, 0x75, 0x15, 0x15, 0x17, 0x0C, 0x11, 0x15, 0x17, 0x03, 0x15, 0x13, 0x0C, 0xA7, 0x00, 0x65, 0x17, 0x11, 0x16, 0x15, 0x14, 0x03, 
	0x15, 0x13, 0x11, 0x37, 0x15, 0x15, 0x17, 0x18, 0x16, 0x15, 0x14, 0x03, 0x15, 0x13, 0x18, 0x77, 0x15, 0x15, 0x17, 0x1F, 0x13, 0x15, 0x17, 0x03, 0x15, 0x13, 0x1F, 0x21, 0x13, 0x15, 
	0x1F, 0x27, 0x13, 0x65, 0x14, 0x15, 0x15, 0x15, 0x15, 0x15, 0x15, 0x15, 0x14, 0x15, 0x15, 0x15, 0x15, 0x15, 0x15, 0x15, 0x15, 0x15, 0x15, 0x15, 0x15, 0x15, 0x15, 0x15, 0x15, 0x15, 
	0x15, 0x15, 0x15, 0x15, 0x15, 0x15, 0x15, 0x15, 0x15, 0x15, 0x15, 0x15, 0x15, 0x15, 0x15, 0x15, 0x15, 0x15, 0x15, 0x15, 0x15, 0x15, 0x15, 0x15, 0x15, 0x15, 0x15, 0x15, 0x15, 0x15, 
	0x15, 0x15, 0x15, 0x15, 0x15, 0x15, 0x15, 0x15, 0x15, 0x15, 0x15, 0x15, 0x15, 0x15, 0x15, 0x15, 0x15, 0x15, 0x15, 0x15, 0x15, 0x15, 0x15, 0x15, 0x15, 0x15, 0x15, 0x15, 0x15, 0x15, 
	0x15, 0x15, 0x15, 0x15, 0x15, 0x15, 0x15, 0x15, 0x15, 0x15, 0x15, 0x15, 0x15, 0x15, 0x15, 0x15, 0x15, 0x15, 0x15, 0x15, 0x15, 0x15, 0x15, 0x15, 0x15, 0x15, 0x15, 0x15, 0x15, 0x15, 
	0x15, 0x15, 0x15, 0x15, 0x40, 0x9E, 0xF9, 0x96, 0xF9, 0x41, 0xD2, 0x50, 0xD1, 0x15, 0x15, 0x15, 0x15, 0xD2, 0x50, 0xD5, 0x15, 0x15, 0x15, 0x15, 0xD2, 0x50, 0xD9, 0x15, 0x15, 0x15, 
	0x15, 0xD2, 0x50, 0xA9, 0x15, 0x15, 0x15, 0x15, 0x9E, 0x50, 0x1D, 0x1A, 0xA2, 0x1D, 0x94, 0xEC, 0x58, 0x4F, 0x15, 0x15, 0x61, 0x12, 0x26, 0xD5, 0xFC, 0xFB, 0x13, 0x15, 0x15, 0x9E, 
	0x40, 0x1D, 0x9E, 0x50, 0x1D, 0x16, 0x57, 0x29, 0x9C, 0x50, 0xCD, 0x9E, 0x58, 0xCD, 0x94, 0x2C, 0x45, 0x50, 0x15, 0x15, 0x61, 0x12, 0x26, 0xD5, 0xFC, 0xC5, 0x13, 0x15, 0x15, 0x71, 
	0x9E, 0x00, 0x25, 0x15, 0x15, 0x15, 0x9C, 0x40, 0xED, 0x9E, 0x50, 0xED, 0x9E, 0x5D, 0x19, 0x9C, 0x58, 0xED, 0x9E, 0x40, 0xED, 0x9E, 0x57, 0x01, 0x9C, 0x50, 0xE1, 0x96, 0x68, 0xE1, 
	0x15, 0x1A, 0x91, 0x9C, 0x17, 0x15, 0x15, 0x9E, 0x58, 0xE1, 0x9E, 0x44, 0x3D, 0x9C, 0x40, 0xFD, 0x9E, 0x50, 0xE1, 0x73, 0x9E, 0x5D, 0x31, 0x73, 0x9C, 0x58, 0xE9, 0xD2, 0x50, 0xE5, 
	0x15, 0x15, 0x15, 0x15, 0x9E, 0x40, 0xE5, 0x47, 0xFD, 0xC4, 0x13, 0x15, 0x15, 0x96, 0xD1, 0x11, 0x9C, 0x50, 0xE5, 0x9E, 0x50, 0xFD, 0x1A, 0xA3, 0x1D, 0x96, 0xEC, 0x74, 0x69, 0x07, 
	0x9E, 0x40, 0xFD, 0x1A, 0xA3, 0x17, 0x9E, 0x58, 0xE5, 0x98, 0x41, 0x14, 0xF5, 0x9C, 0x40, 0xE5, 0xFE, 0x19, 0x9E, 0x50, 0xFD, 0x1A, 0xA3, 0x1D, 0x16, 0x58, 0xE5, 0x9C, 0x58, 0xE5, 
	0x9E, 0x40, 0xFD, 0x96, 0xD7, 0x14, 0x9C, 0x40, 0xFD, 0x73, 0x9E, 0x50, 0xE9, 0x73, 0x96, 0xFD, 0x14, 0x73, 0x9C, 0x50, 0xE9, 0x1A, 0xA2, 0x58, 0xE9, 0x90, 0xDC, 0x60, 0xBE, 0x94, 
	0x68, 0xE5, 0x4E, 0xA9, 0x5F, 0x7F, 0x1A, 0x90, 0x04, 0x14, 0x15, 0x15, 0x9E, 0x40, 0xE1, 0x9E, 0x57, 0x05, 0x9C, 0x50, 0xED, 0x9E, 0x58, 0xED, 0x9E, 0x40, 0xED, 0x16, 0x44, 0x29, 
	0x9C, 0x40, 0xF1, 0xAD, 0x1D, 0x15, 0x15, 0x15, 0x7E, 0xDD, 0x15, 0x9E, 0x40, 0xF1, 0x98, 0x51, 0x1F, 0x6D, 0x9C, 0x50, 0xF5, 0x9E, 0x58, 0xF5, 0x9E, 0x40, 0xED, 0x16, 0x04, 0x9C, 
	0x40, 0xF1, 0x9E, 0x50, 0xF1, 0x9E, 0x58, 0xED, 0x16, 0x5D, 0x35, 0x9C, 0x58, 0xF5, 0x9E, 0x40, 0xF1, 0x9E, 0x50, 0xED, 0x16, 0x57, 0x31, 0x9C, 0x50, 0xC5, 0xAC, 0x16, 0x15, 0x15, 
	0x15, 0x73, 0x9C, 0x58, 0xE9, 0x1A, 0xA2, 0x40, 0xE9, 0x90, 0xC7, 0x1A, 0x9B, 0xB8, 0x15, 0x15, 0x15, 0x9E, 0x50, 0xF5, 0x9E, 0x58, 0xED, 0x16, 0x1D, 0x44, 0xFD, 0xDE, 0x10, 0x15, 
	0x15, 0x96, 0xD1, 0x11, 0x9C, 0x50, 0xC1, 0x94, 0x68, 0xC1, 0x9B, 0x5B, 0x1B, 0xF9, 0x61, 0x07, 0x94, 0x68, 0xC1, 0xBF, 0xE9, 0x18, 0x69, 0x61, 0x1C, 0x94, 0x68, 0xC1, 0x41, 0xDF, 
	0xBA, 0x84, 0x60, 0x72, 0x9E, 0x40, 0xF1, 0x9E, 0x50, 0xED, 0x16, 0x57, 0x09, 0x9C, 0x50, 0xC9, 0x9E, 0x58, 0xC5, 0x1A, 0xA2, 0x04, 0x9E, 0x50, 0xC9, 0x98, 0x19, 0x85, 0x9C, 0x58, 
	0xC9, 0x94, 0x68, 0xC1, 0x9B, 0x5B, 0x1B, 0xF9, 0x60, 0x18, 0x9E, 0x40, 0xC9, 0x9E, 0x50, 0xED, 0x16, 0x17, 0x9C, 0x50, 0xD1, 0xFE, 0x3F, 0x94, 0x68, 0xC1, 0xBF, 0xE9, 0x18, 0x69, 
	0x60, 0x18, 0x9E, 0x58, 0xC9, 0x9E, 0x40, 0xED, 0x16, 0x04, 0x9C, 0x40, 0xD5, 0xFE, 0x01, 0x94, 0x68, 0xC1, 0x41, 0xDF, 0xBA, 0x84, 0x60, 0x1E, 0x9E, 0x50, 0xC9, 0x9E, 0x58, 0xED, 
	0x16, 0x1D, 0x9C, 0x58, 0xD9, 0x73, 0x9E, 0x40, 0xE9, 0x73, 0x96, 0xFF, 0x14, 0x73, 0x9C, 0x40, 0xE9, 0x9E, 0x50, 0xF5, 0x96, 0xD5, 0x11, 0x9C, 0x50, 0xF5, 0x9E, 0x58, 0xC5, 0x96, 
	0xD4, 0x17, 0x9C, 0x58, 0xC5, 0xFC, 0x52, 0xEA, 0xEA, 0xEA, 0xFC, 0xC1, 0x15, 0x15, 0x15, 0x94, 0x68, 0xE5, 0x48, 0x7D, 0xEF, 0x29, 0x1A, 0x90, 0xD2, 0x15, 0x15, 0x15, 0x9E, 0x40, 
	0xE1, 0x9E, 0x57, 0x05, 0x9C, 0x50, 0xED, 0x9E, 0x58, 0xED, 0x9E, 0x40, 0xED, 0x16, 0x44, 0x29, 0x9C, 0x40, 0xF1, 0xAD, 0x1D, 0x15, 0x15, 0x15, 0x7E, 0xDD, 0x15, 0x9E, 0x40, 0xF1, 
	0x98, 0x51, 0x1F, 0x6D, 0x9C, 0x50, 0xF5, 0x9E, 0x58, 0xF5, 0x9E, 0x40, 0xED, 0x16, 0x04, 0x9C, 0x40, 0xF1, 0x9E, 0x50, 0xF1, 0x9E, 0x58, 0xED, 0x16, 0x5D, 0x35, 0x9C, 0x58, 0xF5, 
	0x9E, 0x40, 0xF1, 0x9E, 0x50, 0xED, 0x16, 0x57, 0x31, 0x9C, 0x50, 0xC5, 0xAC, 0x14, 0x15, 0x15, 0x15, 0x73, 0x9C, 0x58, 0xE9, 0x1A, 0xA2, 0x40, 0xE9, 0x90, 0xC7, 0x6B, 0x79, 0x9E, 
	0x50, 0xF5, 0x9E, 0x58, 0xED, 0x16, 0x1D, 0x44, 0xFD, 0xA4, 0x11, 0x15, 0x15, 0x96, 0xD1, 0x11, 0x9C, 0x50, 0xC1, 0x94, 0x68, 0xC1, 0xAD, 0x1F, 0x59, 0x46, 0x60, 0x2E, 0x9E, 0x40, 
	0xF1, 0x9E, 0x50, 0xED, 0x16, 0x57, 0x09, 0x9C, 0x50, 0xC9, 0x9E, 0x58, 0xC5, 0x1A, 0xA2, 0x04, 0x9E, 0x50, 0xC9, 0x98, 0x19, 0x85, 0x9C, 0x58, 0xC9, 0x94, 0x68, 0xC1, 0xAD, 0x1F, 
	0x59, 0x46, 0x60, 0x1E, 0x9E, 0x40, 0xC9, 0x9E, 0x50, 0xED, 0x16, 0x17, 0x9C, 0x50, 0xA9, 0x73, 0x9E, 0x58, 0xE9, 0x73, 0x96, 0xFC, 0x14, 0x73, 0x9C, 0x58, 0xE9, 0x9E, 0x40, 0xF5, 
	0x96, 0xD7, 0x11, 0x9C, 0x40, 0xF5, 0x9E, 0x50, 0xC5, 0x96, 0xD5, 0x17, 0x9C, 0x50, 0xC5, 0xFE, 0x99, 0x96, 0x68, 0xD1, 0x15, 0x61, 0x01, 0x96, 0x68, 0xD5, 0x15, 0x61, 0x1B, 0x96, 
	0x68, 0xD9, 0x15, 0x61, 0x1D, 0x96, 0x68, 0xA9, 0x15, 0x61, 0x17, 0xFE, 0x18, 0x9E, 0x58, 0xE1, 0x9E, 0x04, 0x9C, 0x40, 0xE1, 0xFC, 0x78, 0xE8, 0xEA, 0xEA, 0x9E, 0x50, 0x1D, 0x1A, 
	0xA2, 0x1D, 0x94, 0xEC, 0x58, 0x4F, 0x15, 0x15, 0x61, 0x12, 0x26, 0xD5, 0xFC, 0x19, 0x11, 0x15, 0x15, 0x9E, 0x40, 0x1D, 0x9E, 0x50, 0x1D, 0x16, 0x57, 0x29, 0x9C, 0x50, 0xCD, 0x9E, 
	0x58, 0xCD, 0x94, 0x2C, 0x45, 0x50, 0x15, 0x15, 0x61, 0x12, 0x26, 0xD5, 0xFC, 0xFB, 0x16, 0x15, 0x15, 0x7F, 0x55, 0x7D, 0x15, 0x25, 0x15, 0x15, 0x9E, 0x40, 0xCD, 0x9E, 0x57, 0x45, 
	0x45, 0x7F, 0x15, 0xEA, 0x40, 0xD9, 0x9C, 0x50, 0xED, 0x9E, 0x58, 0xCD, 0x9E, 0x44, 0x41, 0x9C, 0x40, 0xE1, 0x9E, 0x50, 0x1D, 0x9C, 0x50, 0xFD, 0x9E, 0x58, 0xED, 0x9C, 0x58, 0xE5, 
	0x9E, 0x40, 0xE1, 0x9C, 0x40, 0xAD, 0x9E, 0x50, 0xE1, 0x96, 0xFD, 0x14, 0x9C, 0x50, 0xE1, 0x96, 0x68, 0xAD, 0x15, 0x61, 0x0B, 0x9E, 0x58, 0xE5, 0x9E, 0x40, 0xFD, 0x9F, 0x17, 0x9D, 
	0x14, 0x9E, 0x58, 0xE5, 0x96, 0xD4, 0x14, 0x9C, 0x58, 0xE5, 0x9E, 0x40, 0xFD, 0x96, 0xD7, 0x14, 0x9C, 0x40, 0xFD, 0xFE, 0xD8, 0x9E, 0x50, 0xCD, 0x1A, 0xA2, 0x5D, 0x01, 0x9E, 0x40, 
	0xCD, 0x98, 0x51, 0x1F, 0x0D, 0x9C, 0x50, 0xE1, 0x9E, 0x58, 0xCD, 0x1A, 0xA2, 0x44, 0x13, 0x9C, 0x40, 0xDD, 0x9E, 0x50, 0xDD, 0x9C, 0x50, 0xA1, 0x9E, 0x58, 0xDD, 0x96, 0xFC, 0x14, 
	0x9C, 0x58, 0xDD, 0x96, 0x68, 0xA1, 0x15, 0x61, 0x4A, 0x9E, 0x40, 0xE1, 0x9E, 0x50, 0xED, 0x16, 0x57, 0x19, 0x9C, 0x50, 0xFD, 0x9E, 0x58, 0xE1, 0x9E, 0x40, 0x1D, 0x16, 0x44, 0x01, 
	0x9C, 0x40, 0xE5, 0x9E, 0x50, 0xE1, 0x9E, 0x5D, 0x05, 0x9C, 0x58, 0xF9, 0x9E, 0x40, 0xF9, 0x9C, 0x40, 0xA5, 0x9E, 0x50, 0xF9, 0x96, 0xFD, 0x14, 0x9C, 0x50, 0xF9, 0x96, 0x68, 0xA5, 
	0x15, 0x61, 0x0B, 0x9E, 0x58, 0xFD, 0x9E, 0x40, 0xE5, 0x9F, 0x17, 0x9D, 0x14, 0x9E, 0x58, 0xFD, 0x96, 0xD4, 0x14, 0x9C, 0x58, 0xFD, 0x9E, 0x40, 0xE5, 0x96, 0xD7, 0x14, 0x9C, 0x40, 
	0xE5, 0xFE, 0xD8, 0x9E, 0x50, 0xE1, 0x96, 0xD5, 0x3D, 0x9C, 0x50, 0xE1, 0xFE, 0x99, 0xAC, 0x1D, 0x15, 0x15, 0x15, 0xD4, 0xF4, 0x15, 0x9E, 0x40, 0xCD, 0x98, 0x51, 0x1F, 0x6D, 0x9C, 
	0x50, 0xFD, 0x9E, 0x58, 0xFD, 0x9E, 0x40, 0xED, 0x16, 0x04, 0x9C, 0x40, 0xE5, 0x9E, 0x50, 0xE5, 0x96, 0x6D, 0x19, 0x15, 0x1A, 0x91, 0xFE, 0x15, 0x15, 0x15, 0x9E, 0x58, 0xE5, 0x9E, 
	0x40, 0xED, 0x16, 0x44, 0x19, 0x47, 0xEA, 0x40, 0xD1, 0x9C, 0x50, 0x1D, 0x9E, 0x50, 0xE5, 0x9E, 0x58, 0xED, 0x16, 0x1D, 0x9C, 0x58, 0xF9, 0x9E, 0x40, 0xE5, 0x9E, 0x50, 0xED, 0x16, 
	0x57, 0x05, 0x9C, 0x50, 0xE1, 0x9E, 0x58, 0xE1, 0x96, 0x2C, 0x15, 0x1A, 0x91, 0xBF, 0x15, 0x15, 0x15, 0x96, 0x68, 0xF9, 0x15, 0x61, 0x7C, 0x9E, 0x40, 0xF9, 0x9E, 0x17, 0x30, 0x15, 
	0x15, 0x15, 0x95, 0x61, 0x48, 0x9E, 0x58, 0x1D, 0x9E, 0x40, 0x1D, 0x16, 0x44, 0x29, 0x9C, 0x40, 0xF1, 0xAD, 0x1D, 0x15, 0x15, 0x15, 0x7E, 0xDD, 0x15, 0x9E, 0x40, 0xF1, 0x98, 0x51, 
	0x1F, 0x6D, 0x9C, 0x50, 0xF5, 0x9E, 0x58, 0xF5, 0x9E, 0x40, 0x1D, 0x16, 0x04, 0x9C, 0x40, 0xF1, 0x9E, 0x50, 0xF1, 0x9E, 0x58, 0x1D, 0x16, 0x5D, 0x09, 0x9C, 0x58, 0xC9, 0x9E, 0x40, 
	0xF9, 0x9E, 0x17, 0x30, 0xEA, 0xEA, 0x15, 0x15, 0x9E, 0x58, 0xF1, 0x3E, 0x54, 0x05, 0x9E, 0x40, 0xC9, 0x98, 0x11, 0x97, 0x9C, 0x50, 0xC9, 0x9E, 0x58, 0xC9, 0x9E, 0x40, 0x1D, 0x16, 
	0x04, 0x9E, 0x50, 0xE1, 0x9C, 0x05, 0xFE, 0x0B, 0x9E, 0x58, 0xE1, 0x9E, 0x40, 0xED, 0x16, 0x04, 0x9C, 0x40, 0xFD, 0x9E, 0x50, 0xFD, 0x96, 0xD5, 0x17, 0x45, 0x9E, 0x58, 0x1D, 0x44, 
	0xEA, 0x40, 0xD5, 0x9E, 0x40, 0xE1, 0x9C, 0x17, 0x9E, 0x50, 0xE1, 0x96, 0xD5, 0x11, 0x9C, 0x50, 0xE1, 0x96, 0x68, 0xF9, 0x15, 0x61, 0x1C, 0x9E, 0x58, 0xF9, 0x96, 0xD4, 0x11, 0x9C, 
	0x58, 0xF9, 0xFC, 0x5F, 0xEA, 0xEA, 0xEA, 0x9E, 0x40, 0xE5, 0x96, 0xD7, 0x01, 0x9C, 0x40, 0xE5, 0xFC, 0x1D, 0xEA, 0xEA, 0xEA, 0x9E, 0x50, 0xCD, 0x9E, 0x58, 0xED, 0x3E, 0x5D, 0x21, 
	0x9C, 0x58, 0x1D, 0xAF, 0x1D, 0x15, 0x15, 0x15, 0x7E, 0xD7, 0x10, 0x9E, 0x58, 0xCD, 0x98, 0x41, 0x14, 0x6D, 0x9C, 0x40, 0xFD, 0x9E, 0x50, 0xFD, 0x96, 0x6D, 0x11, 0x15, 0x1A, 0x91, 
	0x8B, 0x14, 0x15, 0x15, 0x9E, 0x58, 0xFD, 0x9E, 0x40, 0xED, 0x16, 0x04, 0x9C, 0x40, 0xE5, 0x9E, 0x50, 0xE5, 0x96, 0x6D, 0x11, 0x15, 0x1A, 0x91, 0x93, 0x14, 0x15, 0x15, 0x9E, 0x58, 
	0xE5, 0x9E, 0x40, 0xED, 0x16, 0x04, 0x9C, 0x40, 0xE1, 0x9E, 0x50, 0xE5, 0x9E, 0x5D, 0x11, 0x96, 0xFC, 0x1D, 0xC4, 0xFC, 0x9C, 0x58, 0xFD, 0x9E, 0x40, 0xE5, 0x96, 0xD7, 0x1D, 0x9C, 
	0x40, 0xF9, 0x9E, 0x50, 0xFD, 0x9C, 0x50, 0xB9, 0x9E, 0x58, 0xFD, 0x96, 0xFC, 0x14, 0x9C, 0x58, 0xFD, 0x96, 0x68, 0xB9, 0x15, 0x1A, 0x91, 0x2F, 0x14, 0x15, 0x15, 0x9E, 0x40, 0xF9, 
	0x73, 0x9E, 0x17, 0x73, 0xD4, 0xFD, 0x19, 0x73, 0x96, 0xF5, 0x1A, 0x1A, 0xA2, 0xDD, 0x96, 0xEC, 0x1F, 0x60, 0x25, 0xAF, 0xEA, 0x1A, 0x15, 0x15, 0x9E, 0x50, 0xF9, 0x73, 0x36, 0x05, 
	0x1A, 0xA2, 0xDF, 0x9E, 0x40, 0xE1, 0x9E, 0x11, 0x1F, 0x16, 0x50, 0x1D, 0xAC, 0xEA, 0x1A, 0x15, 0x15, 0x9E, 0x40, 0xF9, 0x73, 0x36, 0x1F, 0x1A, 0xA2, 0xDC, 0x9E, 0x40, 0xE1, 0x9C, 
	0x11, 0x1F, 0xFC, 0xF3, 0x15, 0x15, 0x15, 0x9E, 0x50, 0xF9, 0x73, 0x9E, 0x1D, 0x73, 0xD4, 0xFC, 0x19, 0x73, 0x96, 0xF4, 0x1A, 0x1A, 0xA2, 0xC4, 0x96, 0xEF, 0x16, 0x60, 0x25, 0xAD, 
	0xEA, 0x1A, 0x15, 0x15, 0x9E, 0x58, 0xF9, 0x73, 0x36, 0x14, 0x1A, 0xA2, 0xC5, 0x9E, 0x50, 0xE1, 0x9E, 0x19, 0x05, 0x16, 0x58, 0x1D, 0xAF, 0xEA, 0x1A, 0x15, 0x15, 0x9E, 0x50, 0xF9, 
	0x73, 0x36, 0x05, 0x1A, 0xA2, 0xC7, 0x9E, 0x50, 0xE1, 0x9C, 0x19, 0x05, 0xFC, 0xB5, 0x15, 0x15, 0x15, 0x9E, 0x58, 0xF9, 0x73, 0x9E, 0x04, 0x73, 0xD4, 0xFF, 0x19, 0x73, 0x96, 0xF7, 
	0x1A, 0x1A, 0xA2, 0xD7, 0x96, 0xED, 0x14, 0x60, 0x28, 0xAC, 0xEA, 0x1A, 0x15, 0x15, 0x9E, 0x40, 0xF9, 0x73, 0x36, 0x1F, 0x1A, 0xA2, 0xD4, 0x9E, 0x58, 0x1D, 0xD4, 0xFC, 0x05, 0x94, 
	0xF4, 0xEA, 0xEA, 0x15, 0x15, 0x1A, 0xA2, 0xC4, 0x9E, 0x58, 0xE1, 0x1A, 0xA2, 0x11, 0x14, 0x16, 0xD7, 0xAC, 0xEA, 0x1A, 0x15, 0x15, 0x9E, 0x40, 0xF9, 0x73, 0x36, 0x1F, 0x1A, 0xA2, 
	0xDC, 0x9E, 0x40, 0xE1, 0x73, 0x9C, 0x11, 0x1F, 0xFE, 0x58, 0x9E, 0x50, 0xF9, 0x73, 0x9E, 0x1D, 0x73, 0xD4, 0xFC, 0x19, 0x73, 0x96, 0xF4, 0x1A, 0x1A, 0xA2, 0xC4, 0x96, 0xEF, 0x17, 
	0x60, 0x22, 0xAD, 0xEA, 0x1A, 0x15, 0x15, 0x9E, 0x58, 0xF9, 0x73, 0x36, 0x14, 0x1A, 0xA2, 0xC5, 0x9E, 0x50, 0x1D, 0x30, 0xEA, 0xEA, 0x15, 0x15, 0x1A, 0xA2, 0xDD, 0x9E, 0x50, 0xE1, 
	0x1A, 0xA2, 0x01, 0x05, 0x16, 0xC4, 0xAD, 0xEA, 0x1A, 0x15, 0x15, 0x9E, 0x58, 0xF9, 0x73, 0x36, 0x14, 0x1A, 0xA2, 0xD5, 0x9E, 0x58, 0xE1, 0x73, 0x9C, 0x01, 0x14, 0x9E, 0x40, 0xF9, 
	0x96, 0xD7, 0x17, 0x9C, 0x40, 0xF9, 0xFC, 0xB8, 0xEB, 0xEA, 0xEA, 0x9E, 0x50, 0xE5, 0x9E, 0x58, 0xE5, 0x16, 0x5D, 0x11, 0x9C, 0x58, 0xE5, 0xFC, 0x78, 0xEB, 0xEA, 0xEA, 0x9E, 0x40, 
	0xCD, 0x9E, 0x50, 0xED, 0x16, 0x57, 0x3D, 0x9C, 0x50, 0xE1, 0x7F, 0x15, 0x7F, 0x15, 0x7F, 0xEA, 0xEA, 0x40, 0xA9, 0x7F, 0x15, 0x7F, 0x14, 0x9E, 0x58, 0xED, 0x44, 0xEA, 0x40, 0xE1, 
	0x9E, 0x50, 0xED, 0x9E, 0xF0, 0x48, 0xD7, 0x11, 0x15, 0xD9, 0xD9, 0xD9, 0xD9, 0xD9, 0x40, 0x9E, 0xF9, 0x44, 0xD2, 0x50, 0xE9, 0x15, 0x15, 0x15, 0x15, 0x9E, 0x50, 0xE9, 0x45, 0xFD, 
	0x39, 0x15, 0x15, 0x15, 0x96, 0xD1, 0x11, 0x9C, 0x50, 0xE9, 0x9E, 0x58, 0x1D, 0x1A, 0xAB, 0x04, 0x16, 0x40, 0xE9, 0x9C, 0x40, 0xE9, 0x9E, 0x50, 0x1D, 0x96, 0xD5, 0x14, 0x9C, 0x50, 
	0x1D, 0x9E, 0x58, 0x1D, 0x1A, 0xAB, 0x04, 0x90, 0xC7, 0x60, 0xC7, 0x9E, 0x50, 0xE9, 0x9E, 0xF0, 0x48, 0xD6, 0x40, 0x9E, 0xF9, 0x9E, 0x50, 0x1D, 0xD4, 0xDD, 0x18, 0x48, 0xD6, 0x15, 
	0x15, 0x15, 0x15, 0x15, 0x15, 0x15, 0x15, 0x15, 0x15, 0x15, 0x15, 0x15, 0x15, 0x15, 0x15, 0x15, 0x15, 0x15, 0x15, 0x15, 0x15, 0x15, 0x15, 0x15, 0x15, 0x15, 0x15, 0x15, 0x15, 0x15, 
	0x15, 0x15, 0x15, 0x15, 0x15, 0x15, 0x15, 0x15, 0x15, 0x15, 0x15, 0x15, 0x15, 0x15, 0x15, 0x15, 0x15, 0x15, 0x15, 0x15, 0x15, 0x15, 0x15, 0x15, 0x15, 0x15, 0x15, 0x15, 0x15, 0x15, 
	0x15, 0x15, 0x15, 0x15, 0x15, 0x15, 0x15, 0x15, 0x15, 0x15, 0x15, 0x15, 0x15, 0x15, 0x15, 0x15, 0x15, 0x15, 0x15, 0x15, 0x15, 0x15, 0x15, 0x15, 0x15, 0x15, 0x15, 0x15, 0x15, 0x15, 
	0x15, 0x15, 0x15, 0x15, 0x15, 0x15, 0x15, 0x15, 0x15, 0x15, 0x15, 0x15, 0x15, 0x15, 0x15, 0x15, 0x15, 0x15, 0x15, 0x15, 0x15, 0x15, 0x15, 0x15, 0x15, 0x15, 0x15, 0x15, 0x15, 0x15, 
	0x15, 0x15, 0x15, 0x15, 0x15, 0x15, 0x15, 0x15, 0x15, 0x15, 0x15, 0x15, 0x5D, 0x9C, 0x59, 0x31, 0x1D, 0x5D, 0x94, 0xF9, 0xCD, 0x15, 0x15, 0x15, 0x5D, 0xD2, 0x91, 0x31, 0x8D, 0x15, 
	0x15, 0x15, 0x15, 0x15, 0x15, 0x15, 0x5D, 0xD2, 0x91, 0x31, 0x95, 0x15, 0x15, 0x15, 0x15, 0x15, 0x15, 0x15, 0x5D, 0xD2, 0x91, 0x31, 0x85, 0x15, 0x15, 0x15, 0x15, 0x15, 0x15, 0x15, 
	0x5D, 0xD2, 0x91, 0x31, 0x9D, 0x15, 0x15, 0x15, 0x15, 0x15, 0x15, 0x15, 0x5D, 0x9E, 0x91, 0x31, 0xF5, 0x15, 0x15, 0x15, 0x1A, 0xA2, 0x15, 0x28, 0x58, 0x4F, 0x15, 0x15, 0x61, 0x12, 
	0x26, 0xD5, 0xFC, 0x0C, 0x1E, 0x15, 0x15, 0x5D, 0x9E, 0x91, 0x31, 0xF5, 0x15, 0x15, 0x15, 0x5D, 0x76, 0x55, 0x29, 0x5D, 0x9E, 0x99, 0x31, 0xF5, 0x15, 0x15, 0x15, 0x5D, 0x16, 0xDD, 
	0x5D, 0x9E, 0xD4, 0x5D, 0x9C, 0x51, 0x31, 0x65, 0x5D, 0x9E, 0x51, 0x31, 0x65, 0x94, 0x2D, 0x45, 0x50, 0x15, 0x15, 0x61, 0x12, 0x26, 0xD5, 0xFC, 0xF3, 0x1F, 0x15, 0x15, 0x70, 0x5D, 
	0x9E, 0x11, 0x30, 0x75, 0x15, 0x15, 0x15, 0x5D, 0x9C, 0x51, 0x31, 0x3D, 0x5D, 0x9E, 0x51, 0x31, 0x3D, 0x5D, 0x9E, 0x55, 0x0D, 0x5D, 0x9C, 0x51, 0x31, 0x3D, 0x5D, 0x9E, 0x51, 0x31, 
	0x3D, 0x5D, 0x9E, 0x55, 0x35, 0x5D, 0x9C, 0x51, 0x31, 0x25, 0x5D, 0x96, 0x69, 0x31, 0x25, 0x15, 0x1A, 0x91, 0xE4, 0x16, 0x15, 0x15, 0x5D, 0x9E, 0x51, 0x31, 0x25, 0x5D, 0x9E, 0x55, 
	0x45, 0x5D, 0x9C, 0x51, 0x31, 0x5D, 0x5D, 0x9E, 0x51, 0x31, 0x25, 0x1A, 0xA2, 0x55, 0x5D, 0x73, 0x9C, 0x51, 0x31, 0x35, 0x5D, 0xD2, 0x51, 0x31, 0x2D, 0x15, 0x15, 0x15, 0x15, 0x9E, 
	0x59, 0x31, 0x2D, 0xFD, 0xE1, 0x1F, 0x15, 0x15, 0x9E, 0xD5, 0x5D, 0x9C, 0x51, 0x31, 0x2D, 0x5D, 0x9E, 0x51, 0x31, 0x5D, 0x1A, 0xA3, 0x15, 0x96, 0xED, 0x74, 0x69, 0x0A, 0x5D, 0x9E, 
	0x51, 0x31, 0x5D, 0x1A, 0xA3, 0x15, 0x96, 0xFD, 0x35, 0x5D, 0x8D, 0x5D, 0x9E, 0x59, 0x31, 0x2D, 0x5D, 0x16, 0xDD, 0x5D, 0x9E, 0xD4, 0x5D, 0x9C, 0x51, 0x31, 0x2D, 0xFE, 0x0D, 0x5D, 
	0x9E, 0x51, 0x31, 0x5D, 0x1A, 0xA3, 0x15, 0x5D, 0x9E, 0x59, 0x31, 0x2D, 0x5D, 0x16, 0xDD, 0x5D, 0x9E, 0xD4, 0x5D, 0x9C, 0x51, 0x31, 0x2D, 0x5D, 0x9E, 0x51, 0x31, 0x5D, 0x5D, 0xEA, 
	0xD5, 0x5D, 0x9C, 0x51, 0x31, 0x5D, 0x1A, 0xA2, 0x51, 0x31, 0x35, 0x73, 0xEA, 0xDD, 0x73, 0x9C, 0x51, 0x31, 0x35, 0x1A, 0xA2, 0x51, 0x31, 0x35, 0x90, 0xD5, 0x60, 0x9C, 0x94, 0x69, 
	0x31, 0x2D, 0x4E, 0xA9, 0x5F, 0x7F, 0x1A, 0x90, 0xA4, 0x14, 0x15, 0x15, 0x5D, 0x9E, 0x51, 0x31, 0x25, 0x5D, 0x9E, 0x55, 0x35, 0x5D, 0x9C, 0x51, 0x31, 0x3D, 0x5D, 0x9E, 0x51, 0x31, 
	0x3D, 0x5D, 0x76, 0x55, 0x29, 0x5D, 0x9E, 0x59, 0x31, 0x3D, 0x5D, 0x16, 0xDD, 0x5D, 0x9E, 0xD4, 0x5D, 0x9C, 0x51, 0x31, 0x4D, 0xAD, 0x1D, 0x15, 0x15, 0x15, 0x5D, 0x7E, 0xD5, 0x15, 
	0x5D, 0x9E, 0x59, 0x31, 0x4D, 0x5D, 0x98, 0x91, 0x14, 0x9D, 0x15, 0x15, 0x15, 0x5D, 0x9C, 0x51, 0x31, 0x75, 0x5D, 0x9E, 0x51, 0x31, 0x75, 0x9E, 0x15, 0x5D, 0x9E, 0x59, 0x31, 0x3D, 
	0x5D, 0x16, 0xDD, 0x5D, 0x9E, 0xD4, 0x5D, 0x9C, 0x51, 0x31, 0x4D, 0x5D, 0x9E, 0x51, 0x31, 0x4D, 0x9E, 0x55, 0x35, 0x5D, 0x9E, 0x59, 0x31, 0x3D, 0x5D, 0x16, 0xDD, 0x5D, 0x9E, 0xD4, 
	0x5D, 0x9C, 0x51, 0x31, 0x75, 0x5D, 0x9E, 0x51, 0x31, 0x4D, 0x9E, 0x55, 0x31, 0x5D, 0x9E, 0x59, 0x31, 0x3D, 0x5D, 0x16, 0xDD, 0x5D, 0x9E, 0xD4, 0x5D, 0x9C, 0x51, 0x31, 0x6D, 0xAD, 
	0x16, 0x15, 0x15, 0x15, 0x73, 0x9C, 0x51, 0x31, 0x35, 0x1A, 0xA2, 0x51, 0x31, 0x35, 0x90, 0xD5, 0x1A, 0x9B, 0x19, 0x14, 0x15, 0x15, 0x5D, 0x9E, 0x51, 0x31, 0x75, 0x9E, 0x15, 0x5D, 
	0x9E, 0x59, 0x31, 0x3D, 0x5D, 0x16, 0xDD, 0x5D, 0x9E, 0xD4, 0x5D, 0x9E, 0xDD, 0xFD, 0x4B, 0x1C, 0x15, 0x15, 0x9C, 0x51, 0x31, 0x45, 0x94, 0x69, 0x31, 0x45, 0x9B, 0x5B, 0x1B, 0xF9, 
	0x61, 0x0D, 0x94, 0x69, 0x31, 0x45, 0xBF, 0xE9, 0x18, 0x69, 0x61, 0x1B, 0x94, 0x69, 0x31, 0x45, 0x41, 0xDF, 0xBA, 0x84, 0x1A, 0x90, 0xBE, 0x15, 0x15, 0x15, 0x5D, 0x9E, 0x51, 0x31, 
	0x4D, 0x9E, 0x55, 0x09, 0x5D, 0x9E, 0x59, 0x31, 0x3D, 0x5D, 0x16, 0xDD, 0x5D, 0x9E, 0xD4, 0x5D, 0x9C, 0x51, 0x31, 0x7D, 0x5D, 0x9E, 0x51, 0x31, 0x6D, 0x1A, 0xA2, 0x15, 0x5D, 0x9E, 
	0x59, 0x31, 0x7D, 0x5D, 0x98, 0x11, 0x94, 0x5D, 0x9C, 0x51, 0x31, 0x7D, 0x94, 0x69, 0x31, 0x45, 0x9B, 0x5B, 0x1B, 0xF9, 0x60, 0x09, 0x5D, 0x9E, 0x51, 0x31, 0x7D, 0x9E, 0x15, 0x5D, 
	0x9E, 0x59, 0x31, 0x3D, 0x5D, 0x16, 0xDD, 0x5D, 0x9E, 0xD4, 0x5D, 0x9C, 0x91, 0x31, 0x8D, 0x15, 0x15, 0x15, 0xFE, 0x5F, 0x94, 0x69, 0x31, 0x45, 0xBF, 0xE9, 0x18, 0x69, 0x60, 0x09, 
	0x5D, 0x9E, 0x51, 0x31, 0x7D, 0x9E, 0x15, 0x5D, 0x9E, 0x59, 0x31, 0x3D, 0x5D, 0x16, 0xDD, 0x5D, 0x9E, 0xD4, 0x5D, 0x9C, 0x91, 0x31, 0x95, 0x15, 0x15, 0x15, 0xFE, 0x31, 0x94, 0x69, 
	0x31, 0x45, 0x41, 0xDF, 0xBA, 0x84, 0x60, 0x0F, 0x5D, 0x9E, 0x51, 0x31, 0x7D, 0x9E, 0x15, 0x5D, 0x9E, 0x59, 0x31, 0x3D, 0x5D, 0x16, 0xDD, 0x5D, 0x9E, 0xD4, 0x5D, 0x9C, 0x91, 0x31, 
	0x85, 0x15, 0x15, 0x15, 0x1A, 0xA2, 0x51, 0x31, 0x35, 0x73, 0xEA, 0xDD, 0x73, 0x9C, 0x51, 0x31, 0x35, 0x5D, 0x9E, 0x51, 0x31, 0x75, 0x5D, 0x96, 0xD5, 0x11, 0x5D, 0x9C, 0x51, 0x31, 
	0x75, 0x5D, 0x9E, 0x51, 0x31, 0x6D, 0x5D, 0x96, 0xD5, 0x17, 0x5D, 0x9C, 0x51, 0x31, 0x6D, 0xFC, 0xF2, 0xEB, 0xEA, 0xEA, 0xFC, 0x43, 0x14, 0x15, 0x15, 0x94, 0x69, 0x31, 0x2D, 0x48, 
	0x7D, 0xEF, 0x29, 0x1A, 0x90, 0x5D, 0x14, 0x15, 0x15, 0x5D, 0x9E, 0x51, 0x31, 0x25, 0x5D, 0x9E, 0x55, 0x35, 0x5D, 0x9C, 0x51, 0x31, 0x3D, 0x5D, 0x9E, 0x51, 0x31, 0x3D, 0x5D, 0x76, 
	0x55, 0x29, 0x5D, 0x9E, 0x59, 0x31, 0x3D, 0x5D, 0x16, 0xDD, 0x5D, 0x9E, 0xD4, 0x5D, 0x9C, 0x51, 0x31, 0x4D, 0xAD, 0x1D, 0x15, 0x15, 0x15, 0x5D, 0x7E, 0xD5, 0x15, 0x5D, 0x9E, 0x59, 
	0x31, 0x4D, 0x5D, 0x98, 0x91, 0x14, 0x9D, 0x15, 0x15, 0x15, 0x5D, 0x9C, 0x51, 0x31, 0x75, 0x5D, 0x9E, 0x51, 0x31, 0x75, 0x9E, 0x15, 0x5D, 0x9E, 0x59, 0x31, 0x3D, 0x5D, 0x16, 0xDD, 
	0x5D, 0x9E, 0xD4, 0x5D, 0x9C, 0x51, 0x31, 0x4D, 0x5D, 0x9E, 0x51, 0x31, 0x4D, 0x9E, 0x55, 0x35, 0x5D, 0x9E, 0x59, 0x31, 0x3D, 0x5D, 0x16, 0xDD, 0x5D, 0x9E, 0xD4, 0x5D, 0x9C, 0x51, 
	0x31, 0x75, 0x5D, 0x9E, 0x51, 0x31, 0x4D, 0x9E, 0x55, 0x31, 0x5D, 0x9E, 0x59, 0x31, 0x3D, 0x5D, 0x16, 0xDD, 0x5D, 0x9E, 0xD4, 0x5D, 0x9C, 0x51, 0x31, 0x6D, 0xAD, 0x14, 0x15, 0x15, 
	0x15, 0x73, 0x9C, 0x51, 0x31, 0x35, 0x1A, 0xA2, 0x51, 0x31, 0x35, 0x90, 0xD5, 0x1A, 0x9B, 0xBD, 0x15, 0x15, 0x15, 0x5D, 0x9E, 0x51, 0x31, 0x75, 0x9E, 0x15, 0x5D, 0x9E, 0x59, 0x31, 
	0x3D, 0x5D, 0x16, 0xDD, 0x5D, 0x9E, 0xD4, 0x5D, 0x9E, 0xDD, 0xFD, 0x8A, 0x12, 0x15, 0x15, 0x9C, 0x51, 0x31, 0x45, 0x94, 0x69, 0x31, 0x45, 0xAD, 0x1F, 0x59, 0x46, 0x60, 0x4A, 0x5D, 
	0x9E, 0x51, 0x31, 0x4D, 0x9E, 0x55, 0x09, 0x5D, 0x9E, 0x59, 0x31, 0x3D, 0x5D, 0x16, 0xDD, 0x5D, 0x9E, 0xD4, 0x5D, 0x9C, 0x51, 0x31, 0x7D, 0x5D, 0x9E, 0x51, 0x31, 0x6D, 0x1A, 0xA2, 
	0x15, 0x5D, 0x9E, 0x59, 0x31, 0x7D, 0x5D, 0x98, 0x11, 0x94, 0x5D, 0x9C, 0x51, 0x31, 0x7D, 0x94, 0x69, 0x31, 0x45, 0xAD, 0x1F, 0x59, 0x46, 0x60, 0x0F, 0x5D, 0x9E, 0x51, 0x31, 0x7D, 
	0x9E, 0x15, 0x5D, 0x9E, 0x59, 0x31, 0x3D, 0x5D, 0x16, 0xDD, 0x5D, 0x9E, 0xD4, 0x5D, 0x9C, 0x91, 0x31, 0x9D, 0x15, 0x15, 0x15, 0x1A, 0xA2, 0x51, 0x31, 0x35, 0x73, 0xEA, 0xDD, 0x73, 
	0x9C, 0x51, 0x31, 0x35, 0x5D, 0x9E, 0x51, 0x31, 0x75, 0x5D, 0x96, 0xD5, 0x11, 0x5D, 0x9C, 0x51, 0x31, 0x75, 0x5D, 0x9E, 0x51, 0x31, 0x6D, 0x5D, 0x96, 0xD5, 0x17, 0x5D, 0x9C, 0x51, 
	0x31, 0x6D, 0xFC, 0x5E, 0xEA, 0xEA, 0xEA, 0x5D, 0x96, 0xA9, 0x31, 0x8D, 0x15, 0x15, 0x15, 0x15, 0x61, 0x36, 0x5D, 0x96, 0xA9, 0x31, 0x95, 0x15, 0x15, 0x15, 0x15, 0x61, 0x0D, 0x5D, 
	0x96, 0xA9, 0x31, 0x85, 0x15, 0x15, 0x15, 0x15, 0x61, 0x18, 0x5D, 0x96, 0xA9, 0x31, 0x9D, 0x15, 0x15, 0x15, 0x15, 0x61, 0x17, 0xFE, 0x07, 0x5D, 0x9E, 0x51, 0x31, 0x25, 0x5D, 0x9E, 
	0x15, 0x5D, 0x9C, 0x51, 0x31, 0x25, 0xFC, 0x16, 0xE9, 0xEA, 0xEA, 0x5D, 0x9E, 0x91, 0x31, 0xF5, 0x15, 0x15, 0x15, 0x1A, 0xA2, 0x15, 0x28, 0x58, 0x4F, 0x15, 0x15, 0x61, 0x12, 0x26, 
	0xD5, 0xFC, 0xB3, 0x13, 0x15, 0x15, 0x5D, 0x9E, 0x91, 0x31, 0xF5, 0x15, 0x15, 0x15, 0x5D, 0x76, 0x55, 0x29, 0x5D, 0x9E, 0x99, 0x31, 0xF5, 0x15, 0x15, 0x15, 0x5D, 0x16, 0xDD, 0x5D, 
	0x9E, 0xD4, 0x5D, 0x9C, 0x51, 0x31, 0x65, 0x5D, 0x9E, 0x51, 0x31, 0x65, 0x94, 0x2D, 0x45, 0x50, 0x15, 0x15, 0x61, 0x12, 0x26, 0xD5, 0xFC, 0x66, 0x13, 0x15, 0x15, 0x5D, 0x9E, 0x51, 
	0x31, 0x65, 0x9E, 0x55, 0x45, 0x54, 0xAC, 0x55, 0x15, 0x15, 0x15, 0x54, 0xAD, 0x15, 0x25, 0x15, 0x15, 0x9E, 0xC5, 0x26, 0xDC, 0xEA, 0x81, 0x31, 0x85, 0x15, 0x15, 0x15, 0x5D, 0x9C, 
	0x51, 0x31, 0x3D, 0x5D, 0x9E, 0x51, 0x31, 0x65, 0x9E, 0x55, 0x41, 0x5D, 0x9C, 0x51, 0x31, 0x25, 0x5D, 0x9E, 0x91, 0x31, 0xF5, 0x15, 0x15, 0x15, 0x5D, 0x9C, 0x51, 0x31, 0x5D, 0x5D, 
	0x9E, 0x51, 0x31, 0x3D, 0x5D, 0x9C, 0x51, 0x31, 0x2D, 0x5D, 0x9E, 0x51, 0x31, 0x25, 0x5D, 0x9C, 0x91, 0x31, 0xBD, 0x15, 0x15, 0x15, 0x5D, 0x9E, 0x51, 0x31, 0x25, 0x5D, 0xEA, 0xDD, 
	0x5D, 0x9C, 0x51, 0x31, 0x25, 0x5D, 0x96, 0xA9, 0x31, 0xBD, 0x15, 0x15, 0x15, 0x15, 0x61, 0x3E, 0x5D, 0x9E, 0x51, 0x31, 0x2D, 0x5D, 0x9E, 0x59, 0x31, 0x5D, 0x1A, 0xA3, 0x1C, 0x9D, 
	0x1D, 0x5D, 0x9E, 0x51, 0x31, 0x2D, 0x5D, 0xEA, 0xD5, 0x5D, 0x9C, 0x51, 0x31, 0x2D, 0x5D, 0x9E, 0x51, 0x31, 0x5D, 0x5D, 0xEA, 0xD5, 0x5D, 0x9C, 0x51, 0x31, 0x5D, 0xFE, 0xA5, 0x5D, 
	0x9E, 0x51, 0x31, 0x65, 0x1A, 0xA2, 0x55, 0x01, 0x5D, 0x9E, 0x59, 0x31, 0x65, 0x5D, 0x98, 0x51, 0x14, 0x0D, 0x5D, 0x9C, 0x51, 0x31, 0x25, 0x5D, 0x9E, 0x51, 0x31, 0x65, 0x1A, 0xA2, 
	0x55, 0x13, 0x5D, 0x9C, 0x91, 0x31, 0xB5, 0x15, 0x15, 0x15, 0x5D, 0x9E, 0x91, 0x31, 0xB5, 0x15, 0x15, 0x15, 0x5D, 0x9C, 0x91, 0x31, 0xAD, 0x15, 0x15, 0x15, 0x5D, 0x9E, 0x91, 0x31, 
	0xB5, 0x15, 0x15, 0x15, 0x5D, 0xEA, 0xDD, 0x5D, 0x9C, 0x91, 0x31, 0xB5, 0x15, 0x15, 0x15, 0x5D, 0x96, 0xA9, 0x31, 0xAD, 0x15, 0x15, 0x15, 0x15, 0x1A, 0x91, 0xB6, 0x15, 0x15, 0x15, 
	0x5D, 0x9E, 0x51, 0x31, 0x25, 0x9E, 0x55, 0x19, 0x5D, 0x9E, 0x59, 0x31, 0x3D, 0x5D, 0x16, 0xDD, 0x5D, 0x9E, 0xD4, 0x5D, 0x9C, 0x51, 0x31, 0x5D, 0x5D, 0x9E, 0x51, 0x31, 0x25, 0x9E, 
	0x55, 0x01, 0x5D, 0x9E, 0x99, 0x31, 0xF5, 0x15, 0x15, 0x15, 0x5D, 0x16, 0xDD, 0x5D, 0x9E, 0xD4, 0x5D, 0x9C, 0x51, 0x31, 0x2D, 0x5D, 0x9E, 0x51, 0x31, 0x25, 0x9E, 0x55, 0x05, 0x5D, 
	0x9C, 0x51, 0x31, 0x55, 0x5D, 0x9E, 0x51, 0x31, 0x55, 0x5D, 0x9C, 0x91, 0x31, 0xA5, 0x15, 0x15, 0x15, 0x5D, 0x9E, 0x51, 0x31, 0x55, 0x5D, 0xEA, 0xDD, 0x5D, 0x9C, 0x51, 0x31, 0x55, 
	0x5D, 0x96, 0xA9, 0x31, 0xA5, 0x15, 0x15, 0x15, 0x15, 0x61, 0x3E, 0x5D, 0x9E, 0x51, 0x31, 0x5D, 0x5D, 0x9E, 0x59, 0x31, 0x2D, 0x1A, 0xA3, 0x1C, 0x9D, 0x1D, 0x5D, 0x9E, 0x51, 0x31, 
	0x5D, 0x5D, 0xEA, 0xD5, 0x5D, 0x9C, 0x51, 0x31, 0x5D, 0x5D, 0x9E, 0x51, 0x31, 0x2D, 0x5D, 0xEA, 0xD5, 0x5D, 0x9C, 0x51, 0x31, 0x2D, 0xFE, 0xA5, 0x5D, 0x9E, 0x51, 0x31, 0x25, 0x5D, 
	0x96, 0xD5, 0x3D, 0x5D, 0x9C, 0x51, 0x31, 0x25, 0xFC, 0x3E, 0xEA, 0xEA, 0xEA, 0xAD, 0x1D, 0x15, 0x15, 0x15, 0x5D, 0x7E, 0xD5, 0x14, 0x5D, 0x9E, 0x59, 0x31, 0x65, 0x5D, 0x98, 0x91, 
	0x14, 0x9D, 0x15, 0x15, 0x15, 0x5D, 0x9C, 0x51, 0x31, 0x5D, 0x5D, 0x9E, 0x51, 0x31, 0x5D, 0x9E, 0x15, 0x5D, 0x9E, 0x59, 0x31, 0x3D, 0x5D, 0x16, 0xDD, 0x5D, 0x9E, 0xD4, 0x5D, 0x9C, 
	0x51, 0x31, 0x2D, 0x5D, 0x9E, 0x51, 0x31, 0x2D, 0x96, 0x6D, 0x19, 0x15, 0x1A, 0x91, 0xAC, 0x14, 0x15, 0x15, 0x5D, 0x9E, 0x51, 0x31, 0x2D, 0x9E, 0x55, 0x19, 0x5D, 0x9E, 0x59, 0x31, 
	0x3D, 0x5D, 0x16, 0xDD, 0x5D, 0x9E, 0xD4, 0x5D, 0x9E, 0xDD, 0xEA, 0x81, 0x31, 0x8D, 0x15, 0x15, 0x15, 0x5D, 0x9C, 0x91, 0x31, 0xF5, 0x15, 0x15, 0x15, 0x5D, 0x9E, 0x51, 0x31, 0x2D, 
	0x9E, 0x15, 0x5D, 0x9E, 0x59, 0x31, 0x3D, 0x5D, 0x16, 0xDD, 0x5D, 0x9E, 0xD4, 0x5D, 0x9C, 0x51, 0x31, 0x55, 0x5D, 0x9E, 0x51, 0x31, 0x2D, 0x9E, 0x55, 0x05, 0x5D, 0x9E, 0x59, 0x31, 
	0x3D, 0x5D, 0x16, 0xDD, 0x5D, 0x9E, 0xD4, 0x5D, 0x9C, 0x51, 0x31, 0x25, 0x5D, 0x9E, 0x51, 0x31, 0x25, 0x5D, 0x96, 0x2D, 0x15, 0x1A, 0x91, 0x56, 0x14, 0x15, 0x15, 0x5D, 0x96, 0x69, 
	0x31, 0x55, 0x15, 0x1A, 0x91, 0xC6, 0x15, 0x15, 0x15, 0x5D, 0x9E, 0x51, 0x31, 0x55, 0x5D, 0xAC, 0x15, 0x15, 0x15, 0x15, 0x15, 0x15, 0x15, 0x95, 0x5D, 0x9E, 0x15, 0x5D, 0x36, 0xD4, 
	0x5D, 0x90, 0xD5, 0x1A, 0x91, 0xA0, 0x15, 0x15, 0x15, 0x5D, 0x9E, 0x91, 0x31, 0xF5, 0x15, 0x15, 0x15, 0x5D, 0x76, 0x55, 0x29, 0x5D, 0x9E, 0x99, 0x31, 0xF5, 0x15, 0x15, 0x15, 0x5D, 
	0x16, 0xDD, 0x5D, 0x9E, 0xD4, 0x5D, 0x9C, 0x51, 0x31, 0x4D, 0xAD, 0x1D, 0x15, 0x15, 0x15, 0x5D, 0x7E, 0xD5, 0x15, 0x5D, 0x9E, 0x59, 0x31, 0x4D, 0x5D, 0x98, 0x91, 0x14, 0x9D, 0x15, 
	0x15, 0x15, 0x5D, 0x9C, 0x51, 0x31, 0x75, 0x5D, 0x9E, 0x51, 0x31, 0x75, 0x9E, 0x15, 0x5D, 0x9E, 0x99, 0x31, 0xF5, 0x15, 0x15, 0x15, 0x5D, 0x16, 0xDD, 0x5D, 0x9E, 0xD4, 0x5D, 0x9C, 
	0x51, 0x31, 0x4D, 0x5D, 0x9E, 0x51, 0x31, 0x4D, 0x9E, 0x55, 0x09, 0x5D, 0x9E, 0x99, 0x31, 0xF5, 0x15, 0x15, 0x15, 0x5D, 0x16, 0xDD, 0x5D, 0x9E, 0xD4, 0x5D, 0x9C, 0x51, 0x31, 0x7D, 
	0x5D, 0x9E, 0x51, 0x31, 0x55, 0x5D, 0x9E, 0x15, 0x5D, 0x30, 0xEA, 0xEA, 0x15, 0x15, 0x5D, 0x9E, 0x59, 0x31, 0x4D, 0x9E, 0x5C, 0x05, 0x5D, 0x3E, 0xD4, 0x5D, 0x9E, 0x59, 0x31, 0x7D, 
	0x5D, 0x98, 0x11, 0x94, 0x5D, 0x9C, 0x51, 0x31, 0x7D, 0x5D, 0x9E, 0x51, 0x31, 0x7D, 0x9E, 0x15, 0x5D, 0x9E, 0x99, 0x31, 0xF5, 0x15, 0x15, 0x15, 0x5D, 0x16, 0xDD, 0x5D, 0x9E, 0xD4, 
	0x5D, 0x9E, 0x59, 0x31, 0x25, 0x5D, 0x9C, 0x14, 0xFE, 0x2E, 0x5D, 0x9E, 0x51, 0x31, 0x25, 0x5D, 0x9E, 0x15, 0x5D, 0x9E, 0x59, 0x31, 0x3D, 0x5D, 0x16, 0xDD, 0x5D, 0x9E, 0xD4, 0x5D, 
	0x9C, 0x51, 0x31, 0x5D, 0x5D, 0x9E, 0x51, 0x31, 0x5D, 0x5D, 0x96, 0xD5, 0x17, 0x5D, 0x9E, 0xC5, 0x5D, 0x9E, 0x99, 0x31, 0xF5, 0x15, 0x15, 0x15, 0xEA, 0x81, 0x31, 0x95, 0x15, 0x15, 
	0x15, 0x5D, 0x9E, 0x59, 0x31, 0x25, 0x5D, 0x9C, 0x14, 0x5D, 0x9E, 0x51, 0x31, 0x25, 0x5D, 0x96, 0xD5, 0x1D, 0x5D, 0x9C, 0x51, 0x31, 0x25, 0x5D, 0x96, 0x69, 0x31, 0x55, 0x15, 0x61, 
	0x1B, 0x5D, 0x9E, 0x51, 0x31, 0x55, 0x5D, 0x96, 0xD5, 0x1D, 0x5D, 0x9C, 0x51, 0x31, 0x55, 0xFC, 0xBB, 0xEB, 0xEA, 0xEA, 0x5D, 0x9E, 0x51, 0x31, 0x2D, 0x5D, 0x96, 0xD5, 0x01, 0x5D, 
	0x9C, 0x51, 0x31, 0x2D, 0xFC, 0x2D, 0xEB, 0xEA, 0xEA, 0x5D, 0x9E, 0x51, 0x31, 0x65, 0x5D, 0x9E, 0x55, 0x25, 0x5D, 0x9E, 0x59, 0x31, 0x3D, 0x5D, 0x3E, 0xDD, 0x5D, 0x9E, 0xD4, 0x5D, 
	0x9C, 0x91, 0x31, 0xF5, 0x15, 0x15, 0x15, 0xAD, 0x1D, 0x15, 0x15, 0x15, 0x5D, 0x7E, 0xD5, 0x10, 0x5D, 0x9E, 0x59, 0x31, 0x65, 0x5D, 0x98, 0x91, 0x14, 0x9D, 0x15, 0x15, 0x15, 0x5D, 
	0x9C, 0x51, 0x31, 0x5D, 0x5D, 0x9E, 0x51, 0x31, 0x5D, 0x96, 0x6D, 0x11, 0x15, 0x1A, 0x91, 0x49, 0x17, 0x15, 0x15, 0x5D, 0x9E, 0x51, 0x31, 0x5D, 0x9E, 0x15, 0x5D, 0x9E, 0x59, 0x31, 
	0x3D, 0x5D, 0x16, 0xDD, 0x5D, 0x9E, 0xD4, 0x5D, 0x9C, 0x51, 0x31, 0x2D, 0x5D, 0x9E, 0x51, 0x31, 0x2D, 0x96, 0x6D, 0x11, 0x15, 0x1A, 0x91, 0x23, 0x17, 0x15, 0x15, 0x5D, 0x9E, 0x51, 
	0x31, 0x2D, 0x9E, 0x15, 0x5D, 0x9E, 0x59, 0x31, 0x3D, 0x5D, 0x16, 0xDD, 0x5D, 0x9E, 0xD4, 0x5D, 0x9C, 0x51, 0x31, 0x25, 0x5D, 0x9E, 0x51, 0x31, 0x2D, 0x9E, 0x55, 0x11, 0x5D, 0x96, 
	0xFD, 0x1D, 0x26, 0xC7, 0xAC, 0x17, 0x15, 0x15, 0x15, 0x5D, 0xE2, 0xE4, 0x5D, 0x9C, 0x51, 0x31, 0x5D, 0x5D, 0x9E, 0x51, 0x31, 0x2D, 0x5D, 0x96, 0xD5, 0x1D, 0x5D, 0x9C, 0x51, 0x31, 
	0x55, 0x5D, 0x9E, 0x51, 0x31, 0x5D, 0x5D, 0x9C, 0x91, 0x31, 0xD5, 0x15, 0x15, 0x15, 0x5D, 0x9E, 0x51, 0x31, 0x5D, 0x5D, 0xEA, 0xDD, 0x5D, 0x9C, 0x51, 0x31, 0x5D, 0x5D, 0x96, 0xA9, 
	0x31, 0xD5, 0x15, 0x15, 0x15, 0x15, 0x1A, 0x91, 0xA5, 0x14, 0x15, 0x15, 0x5D, 0x9E, 0x51, 0x31, 0x55, 0x1A, 0xA2, 0x15, 0x73, 0xD4, 0xFD, 0x19, 0x73, 0x96, 0xF5, 0x1A, 0x1A, 0xA2, 
	0xD5, 0x96, 0xED, 0x1F, 0x60, 0x5E, 0xAD, 0xEA, 0x1A, 0x15, 0x15, 0x5D, 0x9E, 0x59, 0x31, 0x55, 0x1A, 0xA2, 0x1C, 0x73, 0x36, 0xDD, 0x1A, 0xA2, 0xD4, 0x1A, 0xA2, 0xD5, 0x5D, 0x9E, 
	0x59, 0x31, 0x25, 0x5D, 0x9E, 0x11, 0x14, 0x5D, 0x16, 0x91, 0x31, 0xF5, 0x15, 0x15, 0x15, 0xAC, 0xEA, 0x1A, 0x15, 0x15, 0x5D, 0x9E, 0x41, 0x31, 0x55, 0x1A, 0xA2, 0x07, 0x73, 0x36, 
	0xC4, 0x1A, 0xA2, 0xDF, 0x1A, 0xA2, 0xDC, 0x5D, 0x9E, 0x41, 0x31, 0x25, 0x5D, 0x9C, 0x11, 0x1F, 0xFC, 0x2F, 0x14, 0x15, 0x15, 0x5D, 0x9E, 0x51, 0x31, 0x55, 0x1A, 0xA2, 0x15, 0x73, 
	0xD4, 0xFD, 0x19, 0x73, 0x96, 0xF5, 0x1A, 0x1A, 0xA2, 0xD5, 0x96, 0xED, 0x16, 0x60, 0x5D, 0xAD, 0xEA, 0x1A, 0x15, 0x15, 0x5D, 0x9E, 0x59, 0x31, 0x55, 0x1A, 0xA2, 0x1C, 0x73, 0x36, 
	0xDD, 0x1A, 0xA2, 0xD4, 0x1A, 0xA2, 0xD5, 0x5D, 0x9E, 0x59, 0x31, 0x25, 0x9E, 0x11, 0x14, 0x16, 0x91, 0x31, 0xF5, 0x15, 0x15, 0x15, 0xAC, 0xEA, 0x1A, 0x15, 0x15, 0x5D, 0x9E, 0x41, 
	0x31, 0x55, 0x1A, 0xA2, 0x07, 0x73, 0x36, 0xC4, 0x1A, 0xA2, 0xDF, 0x1A, 0xA2, 0xDC, 0x5D, 0x9E, 0x41, 0x31, 0x25, 0x9C, 0x11, 0x1F, 0xFC, 0xCF, 0x15, 0x15, 0x15, 0x5D, 0x9E, 0x51, 
	0x31, 0x55, 0x1A, 0xA2, 0x15, 0x73, 0xD4, 0xFD, 0x19, 0x73, 0x96, 0xF5, 0x1A, 0x1A, 0xA2, 0xD5, 0x96, 0xED, 0x14, 0x60, 0x4D, 0xAD, 0xEA, 0x1A, 0x15, 0x15, 0x5D, 0x9E, 0x59, 0x31, 
	0x55, 0x1A, 0xA2, 0x1C, 0x73, 0x36, 0xDD, 0x1A, 0xA2, 0xD4, 0x1A, 0xA2, 0xD5, 0x5D, 0x9E, 0x99, 0x31, 0xF5, 0x15, 0x15, 0x15, 0x5D, 0xD4, 0xFC, 0x05, 0x5D, 0x94, 0xF4, 0xEA, 0xEA, 
	0x15, 0x15, 0x1A, 0xA2, 0xDC, 0x5D, 0x9E, 0x41, 0x31, 0x25, 0x1A, 0xA2, 0x11, 0x17, 0x16, 0xD4, 0xAC, 0xEA, 0x1A, 0x15, 0x15, 0x5D, 0x9E, 0x41, 0x31, 0x55, 0x1A, 0xA2, 0x07, 0x73, 
	0x36, 0xC4, 0x1A, 0xA2, 0xDF, 0x1A, 0xA2, 0xDC, 0x5D, 0x9E, 0x41, 0x31, 0x25, 0x73, 0x9C, 0x11, 0x1F, 0xFE, 0x7F, 0x5D, 0x9E, 0x51, 0x31, 0x55, 0x1A, 0xA2, 0x15, 0x73, 0xD4, 0xFD, 
	0x19, 0x73, 0x96, 0xF5, 0x1A, 0x1A, 0xA2, 0xD5, 0x96, 0xED, 0x17, 0x60, 0x47, 0xAD, 0xEA, 0x1A, 0x15, 0x15, 0x5D, 0x9E, 0x59, 0x31, 0x55, 0x1A, 0xA2, 0x1C, 0x73, 0x36, 0xDD, 0x1A, 
	0xA2, 0xD4, 0x1A, 0xA2, 0xD5, 0x5D, 0x9E, 0x99, 0x31, 0xF5, 0x15, 0x15, 0x15, 0x5D, 0x94, 0xF4, 0xEA, 0xEA, 0x15, 0x15, 0x1A, 0xA2, 0xDC, 0x5D, 0x9E, 0x41, 0x31, 0x25, 0x1A, 0xA2, 
	0x11, 0x17, 0x16, 0xD4, 0xAC, 0xEA, 0x1A, 0x15, 0x15, 0x5D, 0x9E, 0x41, 0x31, 0x55, 0x1A, 0xA2, 0x07, 0x73, 0x36, 0xC4, 0x1A, 0xA2, 0xDF, 0x1A, 0xA2, 0xDC, 0x5D, 0x9E, 0x41, 0x31, 
	0x25, 0x73, 0x9C, 0x11, 0x1F, 0x5D, 0x9E, 0x51, 0x31, 0x55, 0x5D, 0x96, 0xD5, 0x17, 0x5D, 0x9C, 0x51, 0x31, 0x55, 0xFC, 0x32, 0xEB, 0xEA, 0xEA, 0x5D, 0x9E, 0x51, 0x31, 0x2D, 0x9E, 
	0x55, 0x11, 0x5D, 0x9E, 0x59, 0x31, 0x2D, 0x5D, 0x16, 0xDD, 0x5D, 0x9E, 0xD4, 0x5D, 0x9C, 0x51, 0x31, 0x2D, 0xFC, 0xAE, 0xE8, 0xEA, 0xEA, 0x5D, 0x9E, 0x51, 0x31, 0x65, 0x9E, 0x55, 
	0x3D, 0x5D, 0x9E, 0x59, 0x31, 0x3D, 0x5D, 0x16, 0xDD, 0x5D, 0x9E, 0xD4, 0x5D, 0x9C, 0x51, 0x31, 0x25, 0x50, 0x26, 0xD5, 0x26, 0xC7, 0x5D, 0xD2, 0xD4, 0xEA, 0xEA, 0xEA, 0xEA, 0xEA, 
	0x81, 0x31, 0x9D, 0x15, 0x15, 0x15, 0x50, 0x26, 0xD5, 0xAF, 0x14, 0x15, 0x15, 0x15, 0x5D, 0x9E, 0x59, 0x31, 0x3D, 0xEA, 0x41, 0x31, 0x25, 0x5D, 0x9E, 0x51, 0x31, 0x3D, 0x5D, 0x94, 
	0xD1, 0xCD, 0x15, 0x15, 0x15, 0xD6, 0xD9, 0xD9, 0xD9, 0xD9, 0xD9, 0xD9, 0xD9, 0xD9, 0xD9, 0xD9, 0x5D, 0x9C, 0x59, 0x31, 0x1D, 0x5D, 0x96, 0xF9, 0x2D, 0xD2, 0x51, 0x31, 0x35, 0x15, 
	0x15, 0x15, 0x15, 0x9E, 0x59, 0x31, 0x35, 0xFD, 0x53, 0x15, 0x15, 0x15, 0x9C, 0x51, 0x31, 0x35, 0x5D, 0x9E, 0x51, 0x31, 0x55, 0x1A, 0xAB, 0x15, 0x9E, 0x59, 0x31, 0x35, 0x16, 0xDD, 
	0x9E, 0xD4, 0x9C, 0x51, 0x31, 0x35, 0x5D, 0x9E, 0x51, 0x31, 0x55, 0x5D, 0xEA, 0xD5, 0x5D, 0x9C, 0x51, 0x31, 0x55, 0x5D, 0x9E, 0x51, 0x31, 0x55, 0x1A, 0xAB, 0x15, 0x90, 0xD5, 0x60, 
	0xD3, 0x9E, 0x51, 0x31, 0x35, 0x5D, 0x96, 0xD1, 0x2D, 0xD6, 0xD9, 0xD9, 0xD9, 0xD9, 0xD9, 0xD9, 0xD9, 0xD9, 0xD9, 0xD9, 0xD9, 0xD9, 0x9C, 0x59, 0x31, 0x1D, 0x9E, 0x51, 0x31, 0x1D, 
	0xD4, 0xDD, 0x18, 0xD6, 0x15, 0x15, 0x15, 0x15, 0x15, 0x15, 0x15, 0x15, 0x15, 0x15, 0x15, 0x15, 0x15, 0x15, 0x15, 0x15, 0x15, 0x15, 0x15, 0x15, 0x15, 0x15, 0x15, 0x15, 0x31, 0xCC, 
	0x3C, 0x4E, 0x15, 0x15, 0x15, 0x15, 0x17, 0x15, 0x15, 0x15, 0x41, 0x15, 0x15, 0x15, 0x2D, 0x35, 0x15, 0x15, 0x2D, 0x05, 0x15, 0x15, 0x15, 0x15, 0x15, 0x15, 0x31, 0xCC, 0x3C, 0x4E, 
	0x15, 0x15, 0x15, 0x15, 0x19, 0x15, 0x15, 0x15, 0x01, 0x15, 0x15, 0x15, 0x99, 0x35, 0x15, 0x15, 0x99, 0x05, 0x15, 0x15, 0x47, 0x46, 0x51, 0x46, 0x50, 0x03, 0xA2, 0x43, 0x4F, 0x4C, 
	0xDA, 0x5F, 0xB4, 0xD8, 0xA4, 0xB2, 0xA3, 0x4B, 0x00, 0xDB, 0x17, 0x15, 0x15, 0x15, 0x40, 0x9E, 0xF9, 0x96, 0xF9, 0x41, 0xD2, 0x50, 0xD1, 0x15, 0x15, 0x15, 0x15, 0xD2, 0x50, 0xD5, 
	0x15, 0x15, 0x15, 0x15, 0xD2, 0x50, 0xD9, 0x15, 0x15, 0x15, 0x15, 0xD2, 0x50, 0xA9, 0x15, 0x15, 0x15, 0x15, 0x9E, 0x50, 0x1D, 0x1A, 0xA2, 0x1D, 0x94, 0xEC, 0x58, 0x4F, 0x15, 0x15, 
	0x61, 0x12, 0x26, 0xD5, 0xFC, 0xFB, 0x13, 0x15, 0x15, 0x9E, 0x40, 0x1D, 0x9E, 0x50, 0x1D, 0x16, 0x57, 0x29, 0x9C, 0x50, 0xCD, 0x9E, 0x58, 0xCD, 0x94, 0x2C, 0x45, 0x50, 0x15, 0x15, 
	0x61, 0x12, 0x26, 0xD5, 0xFC, 0xC5, 0x13, 0x15, 0x15, 0x71, 0x9E, 0x00, 0x25, 0x15, 0x15, 0x15, 0x9C, 0x40, 0xED, 0x9E, 0x50, 0xED, 0x9E, 0x5D, 0x19, 0x9C, 0x58, 0xED, 0x9E, 0x40, 
	0xED, 0x9E, 0x57, 0x01, 0x9C, 0x50, 0xE1, 0x96, 0x68, 0xE1, 0x15, 0x1A, 0x91, 0x9C, 0x17, 0x15, 0x15, 0x9E, 0x58, 0xE1, 0x9E, 0x44, 0x3D, 0x9C, 0x40, 0xFD, 0x9E, 0x50, 0xE1, 0x73, 
	0x9E, 0x5D, 0x31, 0x73, 0x9C, 0x58, 0xE9, 0xD2, 0x50, 0xE5, 0x15, 0x15, 0x15, 0x15, 0x9E, 0x40, 0xE5, 0x47, 0xFD, 0xC4, 0x13, 0x15, 0x15, 0x96, 0xD1, 0x11, 0x9C, 0x50, 0xE5, 0x9E, 
	0x50, 0xFD, 0x1A, 0xA3, 0x1D, 0x96, 0xEC, 0x74, 0x69, 0x07, 0x9E, 0x40, 0xFD, 0x1A, 0xA3, 0x17, 0x9E, 0x58, 0xE5, 0x98, 0x41, 0x14, 0xF5, 0x9C, 0x40, 0xE5, 0xFE, 0x19, 0x9E, 0x50, 
	0xFD, 0x1A, 0xA3, 0x1D, 0x16, 0x58, 0xE5, 0x9C, 0x58, 0xE5, 0x9E, 0x40, 0xFD, 0x96, 0xD7, 0x14, 0x9C, 0x40, 0xFD, 0x73, 0x9E, 0x50, 0xE9, 0x73, 0x96, 0xFD, 0x14, 0x73, 0x9C, 0x50, 
	0xE9, 0x1A, 0xA2, 0x58, 0xE9, 0x90, 0xDC, 0x60, 0xBE, 0x94, 0x68, 0xE5, 0x4E, 0xA9, 0x5F, 0x7F, 0x1A, 0x90, 0x04, 0x14, 0x15, 0x15, 0x9E, 0x40, 0xE1, 0x9E, 0x57, 0x05, 0x9C, 0x50, 
	0xED, 0x9E, 0x58, 0xED, 0x9E, 0x40, 0xED, 0x16, 0x44, 0x29, 0x9C, 0x40, 0xF1, 0xAD, 0x1D, 0x15, 0x15, 0x15, 0x7E, 0xDD, 0x15, 0x9E, 0x40, 0xF1, 0x98, 0x51, 0x1F, 0x6D, 0x9C, 0x50, 
	0xF5, 0x9E, 0x58, 0xF5, 0x9E, 0x40, 0xED, 0x16, 0x04, 0x9C, 0x40, 0xF1, 0x9E, 0x50, 0xF1, 0x9E, 0x58, 0xED, 0x16, 0x5D, 0x35, 0x9C, 0x58, 0xF5, 0x9E, 0x40, 0xF1, 0x9E, 0x50, 0xED, 
	0x16, 0x57, 0x31, 0x9C, 0x50, 0xC5, 0xAC, 0x16, 0x15, 0x15, 0x15, 0x73, 0x9C, 0x58, 0xE9, 0x1A, 0xA2, 0x40, 0xE9, 0x90, 0xC7, 0x1A, 0x9B, 0xB8, 0x15, 0x15, 0x15, 0x9E, 0x50, 0xF5, 
	0x9E, 0x58, 0xED, 0x16, 0x1D, 0x44, 0xFD, 0xDE, 0x10, 0x15, 0x15, 0x96, 0xD1, 0x11, 0x9C, 0x50, 0xC1, 0x94, 0x68, 0xC1, 0x9B, 0x5B, 0x1B, 0xF9, 0x61, 0x07, 0x94, 0x68, 0xC1, 0xBF, 
	0xE9, 0x18, 0x69, 0x61, 0x1C, 0x94, 0x68, 0xC1, 0x41, 0xDF, 0xBA, 0x84, 0x60, 0x72, 0x9E, 0x40, 0xF1, 0x9E, 0x50, 0xED, 0x16, 0x57, 0x09, 0x9C, 0x50, 0xC9, 0x9E, 0x58, 0xC5, 0x1A, 
	0xA2, 0x04, 0x9E, 0x50, 0xC9, 0x98, 0x19, 0x85, 0x9C, 0x58, 0xC9, 0x94, 0x68, 0xC1, 0x9B, 0x5B, 0x1B, 0xF9, 0x60, 0x18, 0x9E, 0x40, 0xC9, 0x9E, 0x50, 0xED, 0x16, 0x17, 0x9C, 0x50, 
	0xD1, 0xFE, 0x3F, 0x94, 0x68, 0xC1, 0xBF, 0xE9, 0x18, 0x69, 0x60, 0x18, 0x9E, 0x58, 0xC9, 0x9E, 0x40, 0xED, 0x16, 0x04, 0x9C, 0x40, 0xD5, 0xFE, 0x01, 0x94, 0x68, 0xC1, 0x41, 0xDF, 
	0xBA, 0x84, 0x60, 0x1E, 0x9E, 0x50, 0xC9, 0x9E, 0x58, 0xED, 0x16, 0x1D, 0x9C, 0x58, 0xD9, 0x73, 0x9E, 0x40, 0xE9, 0x73, 0x96, 0xFF, 0x14, 0x73, 0x9C, 0x40, 0xE9, 0x9E, 0x50, 0xF5, 
	0x96, 0xD5, 0x11, 0x9C, 0x50, 0xF5, 0x9E, 0x58, 0xC5, 0x96, 0xD4, 0x17, 0x9C, 0x58, 0xC5, 0xFC, 0x52, 0xEA, 0xEA, 0xEA, 0xFC, 0xC1, 0x15, 0x15, 0x15, 0x94, 0x68, 0xE5, 0x48, 0x7D, 
	0xEF, 0x29, 0x1A, 0x90, 0xD2, 0x15, 0x15, 0x15, 0x9E, 0x40, 0xE1, 0x9E, 0x57, 0x05, 0x9C, 0x50, 0xED, 0x9E, 0x58, 0xED, 0x9E, 0x40, 0xED, 0x16, 0x44, 0x29, 0x9C, 0x40, 0xF1, 0xAD, 
	0x1D, 0x15, 0x15, 0x15, 0x7E, 0xDD, 0x15, 0x9E, 0x40, 0xF1, 0x98, 0x51, 0x1F, 0x6D, 0x9C, 0x50, 0xF5, 0x9E, 0x58, 0xF5, 0x9E, 0x40, 0xED, 0x16, 0x04, 0x9C, 0x40, 0xF1, 0x9E, 0x50, 
	0xF1, 0x9E, 0x58, 0xED, 0x16, 0x5D, 0x35, 0x9C, 0x58, 0xF5, 0x9E, 0x40, 0xF1, 0x9E, 0x50, 0xED, 0x16, 0x57, 0x31, 0x9C, 0x50, 0xC5, 0xAC, 0x14, 0x15, 0x15, 0x15, 0x73, 0x9C, 0x58, 
	0xE9, 0x1A, 0xA2, 0x40, 0xE9, 0x90, 0xC7, 0x6B, 0x79, 0x9E, 0x50, 0xF5, 0x9E, 0x58, 0xED, 0x16, 0x1D, 0x44, 0xFD, 0xA4, 0x11, 0x15, 0x15, 0x96, 0xD1, 0x11, 0x9C, 0x50, 0xC1, 0x94, 
	0x68, 0xC1, 0xAD, 0x1F, 0x59, 0x46, 0x60, 0x2E, 0x9E, 0x40, 0xF1, 0x9E, 0x50, 0xED, 0x16, 0x57, 0x09, 0x9C, 0x50, 0xC9, 0x9E, 0x58, 0xC5, 0x1A, 0xA2, 0x04, 0x9E, 0x50, 0xC9, 0x98, 
	0x19, 0x85, 0x9C, 0x58, 0xC9, 0x94, 0x68, 0xC1, 0xAD, 0x1F, 0x59, 0x46, 0x60, 0x1E, 0x9E, 0x40, 0xC9, 0x9E, 0x50, 0xED, 0x16, 0x17, 0x9C, 0x50, 0xA9, 0x73, 0x9E, 0x58, 0xE9, 0x73, 
	0x96, 0xFC, 0x14, 0x73, 0x9C, 0x58, 0xE9, 0x9E, 0x40, 0xF5, 0x96, 0xD7, 0x11, 0x9C, 0x40, 0xF5, 0x9E, 0x50, 0xC5, 0x96, 0xD5, 0x17, 0x9C, 0x50, 0xC5, 0xFE, 0x99, 0x96, 0x68, 0xD1, 
	0x15, 0x61, 0x01, 0x96, 0x68, 0xD5, 0x15, 0x61, 0x1B, 0x96, 0x68, 0xD9, 0x15, 0x61, 0x1D, 0x96, 0x68, 0xA9, 0x15, 0x61, 0x17, 0xFE, 0x18, 0x9E, 0x58, 0xE1, 0x9E, 0x04, 0x9C, 0x40, 
	0xE1, 0xFC, 0x78, 0xE8, 0xEA, 0xEA, 0x9E, 0x50, 0x1D, 0x1A, 0xA2, 0x1D, 0x94, 0xEC, 0x58, 0x4F, 0x15, 0x15, 0x61, 0x12, 0x26, 0xD5, 0xFC, 0x19, 0x11, 0x15, 0x15, 0x9E, 0x40, 0x1D, 
	0x9E, 0x50, 0x1D, 0x16, 0x57, 0x29, 0x9C, 0x50, 0xCD, 0x9E, 0x58, 0xCD, 0x94, 0x2C, 0x45, 0x50, 0x15, 0x15, 0x61, 0x12, 0x26, 0xD5, 0xFC, 0xFB, 0x16, 0x15, 0x15, 0x7F, 0x55, 0x7D, 
	0x15, 0x25, 0x15, 0x15, 0x9E, 0x40, 0xCD, 0x9E, 0x57, 0x45, 0x45, 0x7F, 0x15, 0xEA, 0x40, 0xD9, 0x9C, 0x50, 0xED, 0x9E, 0x58, 0xCD, 0x9E, 0x44, 0x41, 0x9C, 0x40, 0xE1, 0x9E, 0x50, 
	0x1D, 0x9C, 0x50, 0xFD, 0x9E, 0x58, 0xED, 0x9C, 0x58, 0xE5, 0x9E, 0x40, 0xE1, 0x9C, 0x40, 0xAD, 0x9E, 0x50, 0xE1, 0x96, 0xFD, 0x14, 0x9C, 0x50, 0xE1, 0x96, 0x68, 0xAD, 0x15, 0x61, 
	0x0B, 0x9E, 0x58, 0xE5, 0x9E, 0x40, 0xFD, 0x9F, 0x17, 0x9D, 0x14, 0x9E, 0x58, 0xE5, 0x96, 0xD4, 0x14, 0x9C, 0x58, 0xE5, 0x9E, 0x40, 0xFD, 0x96, 0xD7, 0x14, 0x9C, 0x40, 0xFD, 0xFE, 
	0xD8, 0x9E, 0x50, 0xCD, 0x1A, 0xA2, 0x5D, 0x01, 0x9E, 0x40, 0xCD, 0x98, 0x51, 0x1F, 0x0D, 0x9C, 0x50, 0xE1, 0x9E, 0x58, 0xCD, 0x1A, 0xA2, 0x44, 0x13, 0x9C, 0x40, 0xDD, 0x9E, 0x50, 
	0xDD, 0x9C, 0x50, 0xA1, 0x9E, 0x58, 0xDD, 0x96, 0xFC, 0x14, 0x9C, 0x58, 0xDD, 0x96, 0x68, 0xA1, 0x15, 0x61, 0x4A, 0x9E, 0x40, 0xE1, 0x9E, 0x50, 0xED, 0x16, 0x57, 0x19, 0x9C, 0x50, 
	0xFD, 0x9E, 0x58, 0xE1, 0x9E, 0x40, 0x1D, 0x16, 0x44, 0x01, 0x9C, 0x40, 0xE5, 0x9E, 0x50, 0xE1, 0x9E, 0x5D, 0x05, 0x9C, 0x58, 0xF9, 0x9E, 0x40, 0xF9, 0x9C, 0x40, 0xA5, 0x9E, 0x50, 
	0xF9, 0x96, 0xFD, 0x14, 0x9C, 0x50, 0xF9, 0x96, 0x68, 0xA5, 0x15, 0x61, 0x0B, 0x9E, 0x58, 0xFD, 0x9E, 0x40, 0xE5, 0x9F, 0x17, 0x9D, 0x14, 0x9E, 0x58, 0xFD, 0x96, 0xD4, 0x14, 0x9C, 
	0x58, 0xFD, 0x9E, 0x40, 0xE5, 0x96, 0xD7, 0x14, 0x9C, 0x40, 0xE5, 0xFE, 0xD8, 0x9E, 0x50, 0xE1, 0x96, 0xD5, 0x3D, 0x9C, 0x50, 0xE1, 0xFE, 0x99, 0xAC, 0x1D, 0x15, 0x15, 0x15, 0xD4, 
	0xF4, 0x15, 0x9E, 0x40, 0xCD, 0x98, 0x51, 0x1F, 0x6D, 0x9C, 0x50, 0xFD, 0x9E, 0x58, 0xFD, 0x9E, 0x40, 0xED, 0x16, 0x04, 0x9C, 0x40, 0xE5, 0x9E, 0x50, 0xE5, 0x96, 0x6D, 0x19, 0x15, 
	0x1A, 0x91, 0xFE, 0x15, 0x15, 0x15, 0x9E, 0x58, 0xE5, 0x9E, 0x40, 0xED, 0x16, 0x44, 0x19, 0x47, 0xEA, 0x40, 0xD1, 0x9C, 0x50, 0x1D, 0x9E, 0x50, 0xE5, 0x9E, 0x58, 0xED, 0x16, 0x1D, 
	0x9C, 0x58, 0xF9, 0x9E, 0x40, 0xE5, 0x9E, 0x50, 0xED, 0x16, 0x57, 0x05, 0x9C, 0x50, 0xE1, 0x9E, 0x58, 0xE1, 0x96, 0x2C, 0x15, 0x1A, 0x91, 0xBF, 0x15, 0x15, 0x15, 0x96, 0x68, 0xF9, 
	0x15, 0x61, 0x7C, 0x9E, 0x40, 0xF9, 0x9E, 0x17, 0x30, 0x15, 0x15, 0x15, 0x95, 0x61, 0x48, 0x9E, 0x58, 0x1D, 0x9E, 0x40, 0x1D, 0x16, 0x44, 0x29, 0x9C, 0x40, 0xF1, 0xAD, 0x1D, 0x15, 
	0x15, 0x15, 0x7E, 0xDD, 0x15, 0x9E, 0x40, 0xF1, 0x98, 0x51, 0x1F, 0x6D, 0x9C, 0x50, 0xF5, 0x9E, 0x58, 0xF5, 0x9E, 0x40, 0x1D, 0x16, 0x04, 0x9C, 0x40, 0xF1, 0x9E, 0x50, 0xF1, 0x9E, 
	0x58, 0x1D, 0x16, 0x5D, 0x09, 0x9C, 0x58, 0xC9, 0x9E, 0x40, 0xF9, 0x9E, 0x17, 0x30, 0xEA, 0xEA, 0x15, 0x15, 0x9E, 0x58, 0xF1, 0x3E, 0x54, 0x05, 0x9E, 0x40, 0xC9, 0x98, 0x11, 0x97, 
	0x9C, 0x50, 0xC9, 0x9E, 0x58, 0xC9, 0x9E, 0x40, 0x1D, 0x16, 0x04, 0x9E, 0x50, 0xE1, 0x9C, 0x05, 0xFE, 0x0B, 0x9E, 0x58, 0xE1, 0x9E, 0x40, 0xED, 0x16, 0x04, 0x9C, 0x40, 0xFD, 0x9E, 
	0x50, 0xFD, 0x96, 0xD5, 0x17, 0x45, 0x9E, 0x58, 0x1D, 0x44, 0xEA, 0x40, 0xD5, 0x9E, 0x40, 0xE1, 0x9C, 0x17, 0x9E, 0x50, 0xE1, 0x96, 0xD5, 0x11, 0x9C, 0x50, 0xE1, 0x96, 0x68, 0xF9, 
	0x15, 0x61, 0x1C, 0x9E, 0x58, 0xF9, 0x96, 0xD4, 0x11, 0x9C, 0x58, 0xF9, 0xFC, 0x5F, 0xEA, 0xEA, 0xEA, 0x9E, 0x40, 0xE5, 0x96, 0xD7, 0x01, 0x9C, 0x40, 0xE5, 0xFC, 0x1D, 0xEA, 0xEA, 
	0xEA, 0x9E, 0x50, 0xCD, 0x9E, 0x58, 0xED, 0x3E, 0x5D, 0x21, 0x9C, 0x58, 0x1D, 0xAF, 0x1D, 0x15, 0x15, 0x15, 0x7E, 0xD7, 0x10, 0x9E, 0x58, 0xCD, 0x98, 0x41, 0x14, 0x6D, 0x9C, 0x40, 
	0xFD, 0x9E, 0x50, 0xFD, 0x96, 0x6D, 0x11, 0x15, 0x1A, 0x91, 0x8B, 0x14, 0x15, 0x15, 0x9E, 0x58, 0xFD, 0x9E, 0x40, 0xED, 0x16, 0x04, 0x9C, 0x40, 0xE5, 0x9E, 0x50, 0xE5, 0x96, 0x6D, 
	0x11, 0x15, 0x1A, 0x91, 0x93, 0x14, 0x15, 0x15, 0x9E, 0x58, 0xE5, 0x9E, 0x40, 0xED, 0x16, 0x04, 0x9C, 0x40, 0xE1, 0x9E, 0x50, 0xE5, 0x9E, 0x5D, 0x11, 0x96, 0xFC, 0x1D, 0xC4, 0xFC, 
	0x9C, 0x58, 0xFD, 0x9E, 0x40, 0xE5, 0x96, 0xD7, 0x1D, 0x9C, 0x40, 0xF9, 0x9E, 0x50, 0xFD, 0x9C, 0x50, 0xB9, 0x9E, 0x58, 0xFD, 0x96, 0xFC, 0x14, 0x9C, 0x58, 0xFD, 0x96, 0x68, 0xB9, 
	0x15, 0x1A, 0x91, 0x2F, 0x14, 0x15, 0x15, 0x9E, 0x40, 0xF9, 0x73, 0x9E, 0x17, 0x73, 0xD4, 0xFD, 0x19, 0x73, 0x96, 0xF5, 0x1A, 0x1A, 0xA2, 0xDD, 0x96, 0xEC, 0x1F, 0x60, 0x25, 0xAF, 
	0xEA, 0x1A, 0x15, 0x15, 0x9E, 0x50, 0xF9, 0x73, 0x36, 0x05, 0x1A, 0xA2, 0xDF, 0x9E, 0x40, 0xE1, 0x9E, 0x11, 0x1F, 0x16, 0x50, 0x1D, 0xAC, 0xEA, 0x1A, 0x15, 0x15, 0x9E, 0x40, 0xF9, 
	0x73, 0x36, 0x1F, 0x1A, 0xA2, 0xDC, 0x9E, 0x40, 0xE1, 0x9C, 0x11, 0x1F, 0xFC, 0xF3, 0x15, 0x15, 0x15, 0x9E, 0x50, 0xF9, 0x73, 0x9E, 0x1D, 0x73, 0xD4, 0xFC, 0x19, 0x73, 0x96, 0xF4, 
	0x1A, 0x1A, 0xA2, 0xC4, 0x96, 0xEF, 0x16, 0x60, 0x25, 0xAD, 0xEA, 0x1A, 0x15, 0x15, 0x9E, 0x58, 0xF9, 0x73, 0x36, 0x14, 0x1A, 0xA2, 0xC5, 0x9E, 0x50, 0xE1, 0x9E, 0x19, 0x05, 0x16, 
	0x58, 0x1D, 0xAF, 0xEA, 0x1A, 0x15, 0x15, 0x9E, 0x50, 0xF9, 0x73, 0x36, 0x05, 0x1A, 0xA2, 0xC7, 0x9E, 0x50, 0xE1, 0x9C, 0x19, 0x05, 0xFC, 0xB5, 0x15, 0x15, 0x15, 0x9E, 0x58, 0xF9, 
	0x73, 0x9E, 0x04, 0x73, 0xD4, 0xFF, 0x19, 0x73, 0x96, 0xF7, 0x1A, 0x1A, 0xA2, 0xD7, 0x96, 0xED, 0x14, 0x60, 0x28, 0xAC, 0xEA, 0x1A, 0x15, 0x15, 0x9E, 0x40, 0xF9, 0x73, 0x36, 0x1F, 
	0x1A, 0xA2, 0xD4, 0x9E, 0x58, 0x1D, 0xD4, 0xFC, 0x05, 0x94, 0xF4, 0xEA, 0xEA, 0x15, 0x15, 0x1A, 0xA2, 0xC4, 0x9E, 0x58, 0xE1, 0x1A, 0xA2, 0x11, 0x14, 0x16, 0xD7, 0xAC, 0xEA, 0x1A, 
	0x15, 0x15, 0x9E, 0x40, 0xF9, 0x73, 0x36, 0x1F, 0x1A, 0xA2, 0xDC, 0x9E, 0x40, 0xE1, 0x73, 0x9C, 0x11, 0x1F, 0xFE, 0x58, 0x9E, 0x50, 0xF9, 0x73, 0x9E, 0x1D, 0x73, 0xD4, 0xFC, 0x19, 
	0x73, 0x96, 0xF4, 0x1A, 0x1A, 0xA2, 0xC4, 0x96, 0xEF, 0x17, 0x60, 0x22, 0xAD, 0xEA, 0x1A, 0x15, 0x15, 0x9E, 0x58, 0xF9, 0x73, 0x36, 0x14, 0x1A, 0xA2, 0xC5, 0x9E, 0x50, 0x1D, 0x30, 
	0xEA, 0xEA, 0x15, 0x15, 0x1A, 0xA2, 0xDD, 0x9E, 0x50, 0xE1, 0x1A, 0xA2, 0x01, 0x05, 0x16, 0xC4, 0xAD, 0xEA, 0x1A, 0x15, 0x15, 0x9E, 0x58, 0xF9, 0x73, 0x36, 0x14, 0x1A, 0xA2, 0xD5, 
	0x9E, 0x58, 0xE1, 0x73, 0x9C, 0x01, 0x14, 0x9E, 0x40, 0xF9, 0x96, 0xD7, 0x17, 0x9C, 0x40, 0xF9, 0xFC, 0xB8, 0xEB, 0xEA, 0xEA, 0x9E, 0x50, 0xE5, 0x9E, 0x58, 0xE5, 0x16, 0x5D, 0x11, 
	0x9C, 0x58, 0xE5, 0xFC, 0x78, 0xEB, 0xEA, 0xEA, 0x9E, 0x40, 0xCD, 0x9E, 0x50, 0xED, 0x16, 0x57, 0x3D, 0x9C, 0x50, 0xE1, 0x7F, 0x15, 0x7F, 0x15, 0x7F, 0xEA, 0xEA, 0x40, 0xA9, 0x7F, 
	0x15, 0x7F, 0x14, 0x9E, 0x58, 0xED, 0x44, 0xEA, 0x40, 0xE1, 0x9E, 0x50, 0xED, 0x9E, 0xF0, 0x48, 0xD7, 0x11, 0x15, 0xD9, 0xD9, 0xD9, 0xD9, 0xD9, 0x40, 0x9E, 0xF9, 0x44, 0xD2, 0x50, 
	0xE9, 0x15, 0x15, 0x15, 0x15, 0x9E, 0x50, 0xE9, 0x45, 0xFD, 0x39, 0x15, 0x15, 0x15, 0x96, 0xD1, 0x11, 0x9C, 0x50, 0xE9, 0x9E, 0x58, 0x1D, 0x1A, 0xAB, 0x04, 0x16, 0x40, 0xE9, 0x9C, 
	0x40, 0xE9, 0x9E, 0x50, 0x1D, 0x96, 0xD5, 0x14, 0x9C, 0x50, 0x1D, 0x9E, 0x58, 0x1D, 0x1A, 0xAB, 0x04, 0x90, 0xC7, 0x60, 0xC7, 0x9E, 0x50, 0xE9, 0x9E, 0xF0, 0x48, 0xD6, 0x40, 0x9E, 
	0xF9, 0x9E, 0x50, 0x1D, 0xD4, 0xDD, 0x18, 0x48, 0xD6, 0x15, 0x15, 0x15, 0x15, 0x15, 0x15, 0x15, 0x15, 0x15, 0x15, 0x15, 0x15, 0x15, 0x15, 0x15, 0x15, 0x15, 0x15, 0x15, 0x15, 0x15, 
	0x15, 0x15, 0x15, 0x15, 0x15, 0x15, 0x15, 0x15, 0x15, 0x15, 0x15, 0x15, 0x15, 0x15, 0x15, 0x15, 0x15, 0x15, 0x15, 0x15, 0x15, 0x15, 0x15, 0x15, 0x15, 0x15, 0x15, 0x15, 0x15, 0x15, 
	0x15, 0x15, 0x15, 0x15, 0x15, 0x15, 0x15, 0x15, 0x15, 0x15, 0x15, 0x15, 0x15, 0x15, 0x15, 0x15, 0x15, 0x15, 0x15, 0x15, 0x15, 0x15, 0x15, 0x15, 0x15, 0x15, 0x15, 0x15, 0x15, 0x15, 
	0x15, 0x15, 0x15, 0x15, 0x15, 0x15, 0x15, 0x15, 0x15, 0x15, 0x15, 0x15, 0x15, 0x15, 0x15, 0x15, 0x15, 0x15, 0x15, 0x15, 0x15, 0x15, 0x15, 0x15, 0x15, 0x15, 0x15, 0x15, 0x15, 0x15, 
	0x15, 0x15, 0x15, 0x15, 0x15, 0x15, 0x15, 0x15, 0x15, 0x15, 0x15, 0x15, 0x15, 0x15, 0x15, 0x15, 0x15, 0x15, 0x15, 0x15, 0x15, 0x15, 0x5D, 0x9C, 0x59, 0x31, 0x1D, 0x5D, 0x94, 0xF9, 
	0xCD, 0x15, 0x15, 0x15, 0x5D, 0xD2, 0x91, 0x31, 0x8D, 0x15, 0x15, 0x15, 0x15, 0x15, 0x15, 0x15, 0x5D, 0xD2, 0x91, 0x31, 0x95, 0x15, 0x15, 0x15, 0x15, 0x15, 0x15, 0x15, 0x5D, 0xD2, 
	0x91, 0x31, 0x85, 0x15, 0x15, 0x15, 0x15, 0x15, 0x15, 0x15, 0x5D, 0xD2, 0x91, 0x31, 0x9D, 0x15, 0x15, 0x15, 0x15, 0x15, 0x15, 0x15, 0x5D, 0x9E, 0x91, 0x31, 0xF5, 0x15, 0x15, 0x15, 
	0x1A, 0xA2, 0x15, 0x28, 0x58, 0x4F, 0x15, 0x15, 0x61, 0x12, 0x26, 0xD5, 0xFC, 0x0C, 0x1E, 0x15, 0x15, 0x5D, 0x9E, 0x91, 0x31, 0xF5, 0x15, 0x15, 0x15, 0x5D, 0x76, 0x55, 0x29, 0x5D, 
	0x9E, 0x99, 0x31, 0xF5, 0x15, 0x15, 0x15, 0x5D, 0x16, 0xDD, 0x5D, 0x9E, 0xD4, 0x5D, 0x9C, 0x51, 0x31, 0x65, 0x5D, 0x9E, 0x51, 0x31, 0x65, 0x94, 0x2D, 0x45, 0x50, 0x15, 0x15, 0x61, 
	0x12, 0x26, 0xD5, 0xFC, 0xF3, 0x1F, 0x15, 0x15, 0x70, 0x5D, 0x9E, 0x11, 0x30, 0x75, 0x15, 0x15, 0x15, 0x5D, 0x9C, 0x51, 0x31, 0x3D, 0x5D, 0x9E, 0x51, 0x31, 0x3D, 0x5D, 0x9E, 0x55, 
	0x0D, 0x5D, 0x9C, 0x51, 0x31, 0x3D, 0x5D, 0x9E, 0x51, 0x31, 0x3D, 0x5D, 0x9E, 0x55, 0x35, 0x5D, 0x9C, 0x51, 0x31, 0x25, 0x5D, 0x96, 0x69, 0x31, 0x25, 0x15, 0x1A, 0x91, 0xE4, 0x16, 
	0x15, 0x15, 0x5D, 0x9E, 0x51, 0x31, 0x25, 0x5D, 0x9E, 0x55, 0x45, 0x5D, 0x9C, 0x51, 0x31, 0x5D, 0x5D, 0x9E, 0x51, 0x31, 0x25, 0x1A, 0xA2, 0x55, 0x5D, 0x73, 0x9C, 0x51, 0x31, 0x35, 
	0x5D, 0xD2, 0x51, 0x31, 0x2D, 0x15, 0x15, 0x15, 0x15, 0x9E, 0x59, 0x31, 0x2D, 0xFD, 0xE1, 0x1F, 0x15, 0x15, 0x9E, 0xD5, 0x5D, 0x9C, 0x51, 0x31, 0x2D, 0x5D, 0x9E, 0x51, 0x31, 0x5D, 
	0x1A, 0xA3, 0x15, 0x96, 0xED, 0x74, 0x69, 0x0A, 0x5D, 0x9E, 0x51, 0x31, 0x5D, 0x1A, 0xA3, 0x15, 0x96, 0xFD, 0x35, 0x5D, 0x8D, 0x5D, 0x9E, 0x59, 0x31, 0x2D, 0x5D, 0x16, 0xDD, 0x5D, 
	0x9E, 0xD4, 0x5D, 0x9C, 0x51, 0x31, 0x2D, 0xFE, 0x0D, 0x5D, 0x9E, 0x51, 0x31, 0x5D, 0x1A, 0xA3, 0x15, 0x5D, 0x9E, 0x59, 0x31, 0x2D, 0x5D, 0x16, 0xDD, 0x5D, 0x9E, 0xD4, 0x5D, 0x9C, 
	0x51, 0x31, 0x2D, 0x5D, 0x9E, 0x51, 0x31, 0x5D, 0x5D, 0xEA, 0xD5, 0x5D, 0x9C, 0x51, 0x31, 0x5D, 0x1A, 0xA2, 0x51, 0x31, 0x35, 0x73, 0xEA, 0xDD, 0x73, 0x9C, 0x51, 0x31, 0x35, 0x1A, 
	0xA2, 0x51, 0x31, 0x35, 0x90, 0xD5, 0x60, 0x9C, 0x94, 0x69, 0x31, 0x2D, 0x4E, 0xA9, 0x5F, 0x7F, 0x1A, 0x90, 0xA4, 0x14, 0x15, 0x15, 0x5D, 0x9E, 0x51, 0x31, 0x25, 0x5D, 0x9E, 0x55, 
	0x35, 0x5D, 0x9C, 0x51, 0x31, 0x3D, 0x5D, 0x9E, 0x51, 0x31, 0x3D, 0x5D, 0x76, 0x55, 0x29, 0x5D, 0x9E, 0x59, 0x31, 0x3D, 0x5D, 0x16, 0xDD, 0x5D, 0x9E, 0xD4, 0x5D, 0x9C, 0x51, 0x31, 
	0x4D, 0xAD, 0x1D, 0x15, 0x15, 0x15, 0x5D, 0x7E, 0xD5, 0x15, 0x5D, 0x9E, 0x59, 0x31, 0x4D, 0x5D, 0x98, 0x91, 0x14, 0x9D, 0x15, 0x15, 0x15, 0x5D, 0x9C, 0x51, 0x31, 0x75, 0x5D, 0x9E, 
	0x51, 0x31, 0x75, 0x9E, 0x15, 0x5D, 0x9E, 0x59, 0x31, 0x3D, 0x5D, 0x16, 0xDD, 0x5D, 0x9E, 0xD4, 0x5D, 0x9C, 0x51, 0x31, 0x4D, 0x5D, 0x9E, 0x51, 0x31, 0x4D, 0x9E, 0x55, 0x35, 0x5D, 
	0x9E, 0x59, 0x31, 0x3D, 0x5D, 0x16, 0xDD, 0x5D, 0x9E, 0xD4, 0x5D, 0x9C, 0x51, 0x31, 0x75, 0x5D, 0x9E, 0x51, 0x31, 0x4D, 0x9E, 0x55, 0x31, 0x5D, 0x9E, 0x59, 0x31, 0x3D, 0x5D, 0x16, 
	0xDD, 0x5D, 0x9E, 0xD4, 0x5D, 0x9C, 0x51, 0x31, 0x6D, 0xAD, 0x16, 0x15, 0x15, 0x15, 0x73, 0x9C, 0x51, 0x31, 0x35, 0x1A, 0xA2, 0x51, 0x31, 0x35, 0x90, 0xD5, 0x1A, 0x9B, 0x19, 0x14, 
	0x15, 0x15, 0x5D, 0x9E, 0x51, 0x31, 0x75, 0x9E, 0x15, 0x5D, 0x9E, 0x59, 0x31, 0x3D, 0x5D, 0x16, 0xDD, 0x5D, 0x9E, 0xD4, 0x5D, 0x9E, 0xDD, 0xFD, 0x4B, 0x1C, 0x15, 0x15, 0x9C, 0x51, 
	0x31, 0x45, 0x94, 0x69, 0x31, 0x45, 0x9B, 0x5B, 0x1B, 0xF9, 0x61, 0x0D, 0x94, 0x69, 0x31, 0x45, 0xBF, 0xE9, 0x18, 0x69, 0x61, 0x1B, 0x94, 0x69, 0x31, 0x45, 0x41, 0xDF, 0xBA, 0x84, 
	0x1A, 0x90, 0xBE, 0x15, 0x15, 0x15, 0x5D, 0x9E, 0x51, 0x31, 0x4D, 0x9E, 0x55, 0x09, 0x5D, 0x9E, 0x59, 0x31, 0x3D, 0x5D, 0x16, 0xDD, 0x5D, 0x9E, 0xD4, 0x5D, 0x9C, 0x51, 0x31, 0x7D, 
	0x5D, 0x9E, 0x51, 0x31, 0x6D, 0x1A, 0xA2, 0x15, 0x5D, 0x9E, 0x59, 0x31, 0x7D, 0x5D, 0x98, 0x11, 0x94, 0x5D, 0x9C, 0x51, 0x31, 0x7D, 0x94, 0x69, 0x31, 0x45, 0x9B, 0x5B, 0x1B, 0xF9, 
	0x60, 0x09, 0x5D, 0x9E, 0x51, 0x31, 0x7D, 0x9E, 0x15, 0x5D, 0x9E, 0x59, 0x31, 0x3D, 0x5D, 0x16, 0xDD, 0x5D, 0x9E, 0xD4, 0x5D, 0x9C, 0x91, 0x31, 0x8D, 0x15, 0x15, 0x15, 0xFE, 0x5F, 
	0x94, 0x69, 0x31, 0x45, 0xBF, 0xE9, 0x18, 0x69, 0x60, 0x09, 0x5D, 0x9E, 0x51, 0x31, 0x7D, 0x9E, 0x15, 0x5D, 0x9E, 0x59, 0x31, 0x3D, 0x5D, 0x16, 0xDD, 0x5D, 0x9E, 0xD4, 0x5D, 0x9C, 
	0x91, 0x31, 0x95, 0x15, 0x15, 0x15, 0xFE, 0x31, 0x94, 0x69, 0x31, 0x45, 0x41, 0xDF, 0xBA, 0x84, 0x60, 0x0F, 0x5D, 0x9E, 0x51, 0x31, 0x7D, 0x9E, 0x15, 0x5D, 0x9E, 0x59, 0x31, 0x3D, 
	0x5D, 0x16, 0xDD, 0x5D, 0x9E, 0xD4, 0x5D, 0x9C, 0x91, 0x31, 0x85, 0x15, 0x15, 0x15, 0x1A, 0xA2, 0x51, 0x31, 0x35, 0x73, 0xEA, 0xDD, 0x73, 0x9C, 0x51, 0x31, 0x35, 0x5D, 0x9E, 0x51, 
	0x31, 0x75, 0x5D, 0x96, 0xD5, 0x11, 0x5D, 0x9C, 0x51, 0x31, 0x75, 0x5D, 0x9E, 0x51, 0x31, 0x6D, 0x5D, 0x96, 0xD5, 0x17, 0x5D, 0x9C, 0x51, 0x31, 0x6D, 0xFC, 0xF2, 0xEB, 0xEA, 0xEA, 
	0xFC, 0x43, 0x14, 0x15, 0x15, 0x94, 0x69, 0x31, 0x2D, 0x48, 0x7D, 0xEF, 0x29, 0x1A, 0x90, 0x5D, 0x14, 0x15, 0x15, 0x5D, 0x9E, 0x51, 0x31, 0x25, 0x5D, 0x9E, 0x55, 0x35, 0x5D, 0x9C, 
	0x51, 0x31, 0x3D, 0x5D, 0x9E, 0x51, 0x31, 0x3D, 0x5D, 0x76, 0x55, 0x29, 0x5D, 0x9E, 0x59, 0x31, 0x3D, 0x5D, 0x16, 0xDD, 0x5D, 0x9E, 0xD4, 0x5D, 0x9C, 0x51, 0x31, 0x4D, 0xAD, 0x1D, 
	0x15, 0x15, 0x15, 0x5D, 0x7E, 0xD5, 0x15, 0x5D, 0x9E, 0x59, 0x31, 0x4D, 0x5D, 0x98, 0x91, 0x14, 0x9D, 0x15, 0x15, 0x15, 0x5D, 0x9C, 0x51, 0x31, 0x75, 0x5D, 0x9E, 0x51, 0x31, 0x75, 
	0x9E, 0x15, 0x5D, 0x9E, 0x59, 0x31, 0x3D, 0x5D, 0x16, 0xDD, 0x5D, 0x9E, 0xD4, 0x5D, 0x9C, 0x51, 0x31, 0x4D, 0x5D, 0x9E, 0x51, 0x31, 0x4D, 0x9E, 0x55, 0x35, 0x5D, 0x9E, 0x59, 0x31, 
	0x3D, 0x5D, 0x16, 0xDD, 0x5D, 0x9E, 0xD4, 0x5D, 0x9C, 0x51, 0x31, 0x75, 0x5D, 0x9E, 0x51, 0x31, 0x4D, 0x9E, 0x55, 0x31, 0x5D, 0x9E, 0x59, 0x31, 0x3D, 0x5D, 0x16, 0xDD, 0x5D, 0x9E, 
	0xD4, 0x5D, 0x9C, 0x51, 0x31, 0x6D, 0xAD, 0x14, 0x15, 0x15, 0x15, 0x73, 0x9C, 0x51, 0x31, 0x35, 0x1A, 0xA2, 0x51, 0x31, 0x35, 0x90, 0xD5, 0x1A, 0x9B, 0xBD, 0x15, 0x15, 0x15, 0x5D, 
	0x9E, 0x51, 0x31, 0x75, 0x9E, 0x15, 0x5D, 0x9E, 0x59, 0x31, 0x3D, 0x5D, 0x16, 0xDD, 0x5D, 0x9E, 0xD4, 0x5D, 0x9E, 0xDD, 0xFD, 0x8A, 0x12, 0x15, 0x15, 0x9C, 0x51, 0x31, 0x45, 0x94, 
	0x69, 0x31, 0x45, 0xAD, 0x1F, 0x59, 0x46, 0x60, 0x4A, 0x5D, 0x9E, 0x51, 0x31, 0x4D, 0x9E, 0x55, 0x09, 0x5D, 0x9E, 0x59, 0x31, 0x3D, 0x5D, 0x16, 0xDD, 0x5D, 0x9E, 0xD4, 0x5D, 0x9C, 
	0x51, 0x31, 0x7D, 0x5D, 0x9E, 0x51, 0x31, 0x6D, 0x1A, 0xA2, 0x15, 0x5D, 0x9E, 0x59, 0x31, 0x7D, 0x5D, 0x98, 0x11, 0x94, 0x5D, 0x9C, 0x51, 0x31, 0x7D, 0x94, 0x69, 0x31, 0x45, 0xAD, 
	0x1F, 0x59, 0x46, 0x60, 0x0F, 0x5D, 0x9E, 0x51, 0x31, 0x7D, 0x9E, 0x15, 0x5D, 0x9E, 0x59, 0x31, 0x3D, 0x5D, 0x16, 0xDD, 0x5D, 0x9E, 0xD4, 0x5D, 0x9C, 0x91, 0x31, 0x9D, 0x15, 0x15, 
	0x15, 0x1A, 0xA2, 0x51, 0x31, 0x35, 0x73, 0xEA, 0xDD, 0x73, 0x9C, 0x51, 0x31, 0x35, 0x5D, 0x9E, 0x51, 0x31, 0x75, 0x5D, 0x96, 0xD5, 0x11, 0x5D, 0x9C, 0x51, 0x31, 0x75, 0x5D, 0x9E, 
	0x51, 0x31, 0x6D, 0x5D, 0x96, 0xD5, 0x17, 0x5D, 0x9C, 0x51, 0x31, 0x6D, 0xFC, 0x5E, 0xEA, 0xEA, 0xEA, 0x5D, 0x96, 0xA9, 0x31, 0x8D, 0x15, 0x15, 0x15, 0x15, 0x61, 0x36, 0x5D, 0x96, 
	0xA9, 0x31, 0x95, 0x15, 0x15, 0x15, 0x15, 0x61, 0x0D, 0x5D, 0x96, 0xA9, 0x31, 0x85, 0x15, 0x15, 0x15, 0x15, 0x61, 0x18, 0x5D, 0x96, 0xA9, 0x31, 0x9D, 0x15, 0x15, 0x15, 0x15, 0x61, 
	0x17, 0xFE, 0x07, 0x5D, 0x9E, 0x51, 0x31, 0x25, 0x5D, 0x9E, 0x15, 0x5D, 0x9C, 0x51, 0x31, 0x25, 0xFC, 0x16, 0xE9, 0xEA, 0xEA, 0x5D, 0x9E, 0x91, 0x31, 0xF5, 0x15, 0x15, 0x15, 0x1A, 
	0xA2, 0x15, 0x28, 0x58, 0x4F, 0x15, 0x15, 0x61, 0x12, 0x26, 0xD5, 0xFC, 0xB3, 0x13, 0x15, 0x15, 0x5D, 0x9E, 0x91, 0x31, 0xF5, 0x15, 0x15, 0x15, 0x5D, 0x76, 0x55, 0x29, 0x5D, 0x9E, 
	0x99, 0x31, 0xF5, 0x15, 0x15, 0x15, 0x5D, 0x16, 0xDD, 0x5D, 0x9E, 0xD4, 0x5D, 0x9C, 0x51, 0x31, 0x65, 0x5D, 0x9E, 0x51, 0x31, 0x65, 0x94, 0x2D, 0x45, 0x50, 0x15, 0x15, 0x61, 0x12, 
	0x26, 0xD5, 0xFC, 0x66, 0x13, 0x15, 0x15, 0x5D, 0x9E, 0x51, 0x31, 0x65, 0x9E, 0x55, 0x45, 0x54, 0xAC, 0x55, 0x15, 0x15, 0x15, 0x54, 0xAD, 0x15, 0x25, 0x15, 0x15, 0x9E, 0xC5, 0x26, 
	0xDC, 0xEA, 0x81, 0x31, 0x85, 0x15, 0x15, 0x15, 0x5D, 0x9C, 0x51, 0x31, 0x3D, 0x5D, 0x9E, 0x51, 0x31, 0x65, 0x9E, 0x55, 0x41, 0x5D, 0x9C, 0x51, 0x31, 0x25, 0x5D, 0x9E, 0x91, 0x31, 
	0xF5, 0x15, 0x15, 0x15, 0x5D, 0x9C, 0x51, 0x31, 0x5D, 0x5D, 0x9E, 0x51, 0x31, 0x3D, 0x5D, 0x9C, 0x51, 0x31, 0x2D, 0x5D, 0x9E, 0x51, 0x31, 0x25, 0x5D, 0x9C, 0x91, 0x31, 0xBD, 0x15, 
	0x15, 0x15, 0x5D, 0x9E, 0x51, 0x31, 0x25, 0x5D, 0xEA, 0xDD, 0x5D, 0x9C, 0x51, 0x31, 0x25, 0x5D, 0x96, 0xA9, 0x31, 0xBD, 0x15, 0x15, 0x15, 0x15, 0x61, 0x3E, 0x5D, 0x9E, 0x51, 0x31, 
	0x2D, 0x5D, 0x9E, 0x59, 0x31, 0x5D, 0x1A, 0xA3, 0x1C, 0x9D, 0x1D, 0x5D, 0x9E, 0x51, 0x31, 0x2D, 0x5D, 0xEA, 0xD5, 0x5D, 0x9C, 0x51, 0x31, 0x2D, 0x5D, 0x9E, 0x51, 0x31, 0x5D, 0x5D, 
	0xEA, 0xD5, 0x5D, 0x9C, 0x51, 0x31, 0x5D, 0xFE, 0xA5, 0x5D, 0x9E, 0x51, 0x31, 0x65, 0x1A, 0xA2, 0x55, 0x01, 0x5D, 0x9E, 0x59, 0x31, 0x65, 0x5D, 0x98, 0x51, 0x14, 0x0D, 0x5D, 0x9C, 
	0x51, 0x31, 0x25, 0x5D, 0x9E, 0x51, 0x31, 0x65, 0x1A, 0xA2, 0x55, 0x13, 0x5D, 0x9C, 0x91, 0x31, 0xB5, 0x15, 0x15, 0x15, 0x5D, 0x9E, 0x91, 0x31, 0xB5, 0x15, 0x15, 0x15, 0x5D, 0x9C, 
	0x91, 0x31, 0xAD, 0x15, 0x15, 0x15, 0x5D, 0x9E, 0x91, 0x31, 0xB5, 0x15, 0x15, 0x15, 0x5D, 0xEA, 0xDD, 0x5D, 0x9C, 0x91, 0x31, 0xB5, 0x15, 0x15, 0x15, 0x5D, 0x96, 0xA9, 0x31, 0xAD, 
	0x15, 0x15, 0x15, 0x15, 0x1A, 0x91, 0xB6, 0x15, 0x15, 0x15, 0x5D, 0x9E, 0x51, 0x31, 0x25, 0x9E, 0x55, 0x19, 0x5D, 0x9E, 0x59, 0x31, 0x3D, 0x5D, 0x16, 0xDD, 0x5D, 0x9E, 0xD4, 0x5D, 
	0x9C, 0x51, 0x31, 0x5D, 0x5D, 0x9E, 0x51, 0x31, 0x25, 0x9E, 0x55, 0x01, 0x5D, 0x9E, 0x99, 0x31, 0xF5, 0x15, 0x15, 0x15, 0x5D, 0x16, 0xDD, 0x5D, 0x9E, 0xD4, 0x5D, 0x9C, 0x51, 0x31, 
	0x2D, 0x5D, 0x9E, 0x51, 0x31, 0x25, 0x9E, 0x55, 0x05, 0x5D, 0x9C, 0x51, 0x31, 0x55, 0x5D, 0x9E, 0x51, 0x31, 0x55, 0x5D, 0x9C, 0x91, 0x31, 0xA5, 0x15, 0x15, 0x15, 0x5D, 0x9E, 0x51, 
	0x31, 0x55, 0x5D, 0xEA, 0xDD, 0x5D, 0x9C, 0x51, 0x31, 0x55, 0x5D, 0x96, 0xA9, 0x31, 0xA5, 0x15, 0x15, 0x15, 0x15, 0x61, 0x3E, 0x5D, 0x9E, 0x51, 0x31, 0x5D, 0x5D, 0x9E, 0x59, 0x31, 
	0x2D, 0x1A, 0xA3, 0x1C, 0x9D, 0x1D, 0x5D, 0x9E, 0x51, 0x31, 0x5D, 0x5D, 0xEA, 0xD5, 0x5D, 0x9C, 0x51, 0x31, 0x5D, 0x5D, 0x9E, 0x51, 0x31, 0x2D, 0x5D, 0xEA, 0xD5, 0x5D, 0x9C, 0x51, 
	0x31, 0x2D, 0xFE, 0xA5, 0x5D, 0x9E, 0x51, 0x31, 0x25, 0x5D, 0x96, 0xD5, 0x3D, 0x5D, 0x9C, 0x51, 0x31, 0x25, 0xFC, 0x3E, 0xEA, 0xEA, 0xEA, 0xAD, 0x1D, 0x15, 0x15, 0x15, 0x5D, 0x7E, 
	0xD5, 0x14, 0x5D, 0x9E, 0x59, 0x31, 0x65, 0x5D, 0x98, 0x91, 0x14, 0x9D, 0x15, 0x15, 0x15, 0x5D, 0x9C, 0x51, 0x31, 0x5D, 0x5D, 0x9E, 0x51, 0x31, 0x5D, 0x9E, 0x15, 0x5D, 0x9E, 0x59, 
	0x31, 0x3D, 0x5D, 0x16, 0xDD, 0x5D, 0x9E, 0xD4, 0x5D, 0x9C, 0x51, 0x31, 0x2D, 0x5D, 0x9E, 0x51, 0x31, 0x2D, 0x96, 0x6D, 0x19, 0x15, 0x1A, 0x91, 0xAC, 0x14, 0x15, 0x15, 0x5D, 0x9E, 
	0x51, 0x31, 0x2D, 0x9E, 0x55, 0x19, 0x5D, 0x9E, 0x59, 0x31, 0x3D, 0x5D, 0x16, 0xDD, 0x5D, 0x9E, 0xD4, 0x5D, 0x9E, 0xDD, 0xEA, 0x81, 0x31, 0x8D, 0x15, 0x15, 0x15, 0x5D, 0x9C, 0x91, 
	0x31, 0xF5, 0x15, 0x15, 0x15, 0x5D, 0x9E, 0x51, 0x31, 0x2D, 0x9E, 0x15, 0x5D, 0x9E, 0x59, 0x31, 0x3D, 0x5D, 0x16, 0xDD, 0x5D, 0x9E, 0xD4, 0x5D, 0x9C, 0x51, 0x31, 0x55, 0x5D, 0x9E, 
	0x51, 0x31, 0x2D, 0x9E, 0x55, 0x05, 0x5D, 0x9E, 0x59, 0x31, 0x3D, 0x5D, 0x16, 0xDD, 0x5D, 0x9E, 0xD4, 0x5D, 0x9C, 0x51, 0x31, 0x25, 0x5D, 0x9E, 0x51, 0x31, 0x25, 0x5D, 0x96, 0x2D, 
	0x15, 0x1A, 0x91, 0x56, 0x14, 0x15, 0x15, 0x5D, 0x96, 0x69, 0x31, 0x55, 0x15, 0x1A, 0x91, 0xC6, 0x15, 0x15, 0x15, 0x5D, 0x9E, 0x51, 0x31, 0x55, 0x5D, 0xAC, 0x15, 0x15, 0x15, 0x15, 
	0x15, 0x15, 0x15, 0x95, 0x5D, 0x9E, 0x15, 0x5D, 0x36, 0xD4, 0x5D, 0x90, 0xD5, 0x1A, 0x91, 0xA0, 0x15, 0x15, 0x15, 0x5D, 0x9E, 0x91, 0x31, 0xF5, 0x15, 0x15, 0x15, 0x5D, 0x76, 0x55, 
	0x29, 0x5D, 0x9E, 0x99, 0x31, 0xF5, 0x15, 0x15, 0x15, 0x5D, 0x16, 0xDD, 0x5D, 0x9E, 0xD4, 0x5D, 0x9C, 0x51, 0x31, 0x4D, 0xAD, 0x1D, 0x15, 0x15, 0x15, 0x5D, 0x7E, 0xD5, 0x15, 0x5D, 
	0x9E, 0x59, 0x31, 0x4D, 0x5D, 0x98, 0x91, 0x14, 0x9D, 0x15, 0x15, 0x15, 0x5D, 0x9C, 0x51, 0x31, 0x75, 0x5D, 0x9E, 0x51, 0x31, 0x75, 0x9E, 0x15, 0x5D, 0x9E, 0x99, 0x31, 0xF5, 0x15, 
	0x15, 0x15, 0x5D, 0x16, 0xDD, 0x5D, 0x9E, 0xD4, 0x5D, 0x9C, 0x51, 0x31, 0x4D, 0x5D, 0x9E, 0x51, 0x31, 0x4D, 0x9E, 0x55, 0x09, 0x5D, 0x9E, 0x99, 0x31, 0xF5, 0x15, 0x15, 0x15, 0x5D, 
	0x16, 0xDD, 0x5D, 0x9E, 0xD4, 0x5D, 0x9C, 0x51, 0x31, 0x7D, 0x5D, 0x9E, 0x51, 0x31, 0x55, 0x5D, 0x9E, 0x15, 0x5D, 0x30, 0xEA, 0xEA, 0x15, 0x15, 0x5D, 0x9E, 0x59, 0x31, 0x4D, 0x9E, 
	0x5C, 0x05, 0x5D, 0x3E, 0xD4, 0x5D, 0x9E, 0x59, 0x31, 0x7D, 0x5D, 0x98, 0x11, 0x94, 0x5D, 0x9C, 0x51, 0x31, 0x7D, 0x5D, 0x9E, 0x51, 0x31, 0x7D, 0x9E, 0x15, 0x5D, 0x9E, 0x99, 0x31, 
	0xF5, 0x15, 0x15, 0x15, 0x5D, 0x16, 0xDD, 0x5D, 0x9E, 0xD4, 0x5D, 0x9E, 0x59, 0x31, 0x25, 0x5D, 0x9C, 0x14, 0xFE, 0x2E, 0x5D, 0x9E, 0x51, 0x31, 0x25, 0x5D, 0x9E, 0x15, 0x5D, 0x9E, 
	0x59, 0x31, 0x3D, 0x5D, 0x16, 0xDD, 0x5D, 0x9E, 0xD4, 0x5D, 0x9C, 0x51, 0x31, 0x5D, 0x5D, 0x9E, 0x51, 0x31, 0x5D, 0x5D, 0x96, 0xD5, 0x17, 0x5D, 0x9E, 0xC5, 0x5D, 0x9E, 0x99, 0x31, 
	0xF5, 0x15, 0x15, 0x15, 0xEA, 0x81, 0x31, 0x95, 0x15, 0x15, 0x15, 0x5D, 0x9E, 0x59, 0x31, 0x25, 0x5D, 0x9C, 0x14, 0x5D, 0x9E, 0x51, 0x31, 0x25, 0x5D, 0x96, 0xD5, 0x1D, 0x5D, 0x9C, 
	0x51, 0x31, 0x25, 0x5D, 0x96, 0x69, 0x31, 0x55, 0x15, 0x61, 0x1B, 0x5D, 0x9E, 0x51, 0x31, 0x55, 0x5D, 0x96, 0xD5, 0x1D, 0x5D, 0x9C, 0x51, 0x31, 0x55, 0xFC, 0xBB, 0xEB, 0xEA, 0xEA, 
	0x5D, 0x9E, 0x51, 0x31, 0x2D, 0x5D, 0x96, 0xD5, 0x01, 0x5D, 0x9C, 0x51, 0x31, 0x2D, 0xFC, 0x2D, 0xEB, 0xEA, 0xEA, 0x5D, 0x9E, 0x51, 0x31, 0x65, 0x5D, 0x9E, 0x55, 0x25, 0x5D, 0x9E, 
	0x59, 0x31, 0x3D, 0x5D, 0x3E, 0xDD, 0x5D, 0x9E, 0xD4, 0x5D, 0x9C, 0x91, 0x31, 0xF5, 0x15, 0x15, 0x15, 0xAD, 0x1D, 0x15, 0x15, 0x15, 0x5D, 0x7E, 0xD5, 0x10, 0x5D, 0x9E, 0x59, 0x31, 
	0x65, 0x5D, 0x98, 0x91, 0x14, 0x9D, 0x15, 0x15, 0x15, 0x5D, 0x9C, 0x51, 0x31, 0x5D, 0x5D, 0x9E, 0x51, 0x31, 0x5D, 0x96, 0x6D, 0x11, 0x15, 0x1A, 0x91, 0x49, 0x17, 0x15, 0x15, 0x5D, 
	0x9E, 0x51, 0x31, 0x5D, 0x9E, 0x15, 0x5D, 0x9E, 0x59, 0x31, 0x3D, 0x5D, 0x16, 0xDD, 0x5D, 0x9E, 0xD4, 0x5D, 0x9C, 0x51, 0x31, 0x2D, 0x5D, 0x9E, 0x51, 0x31, 0x2D, 0x96, 0x6D, 0x11, 
	0x15, 0x1A, 0x91, 0x23, 0x17, 0x15, 0x15, 0x5D, 0x9E, 0x51, 0x31, 0x2D, 0x9E, 0x15, 0x5D, 0x9E, 0x59, 0x31, 0x3D, 0x5D, 0x16, 0xDD, 0x5D, 0x9E, 0xD4, 0x5D, 0x9C, 0x51, 0x31, 0x25, 
	0x5D, 0x9E, 0x51, 0x31, 0x2D, 0x9E, 0x55, 0x11, 0x5D, 0x96, 0xFD, 0x1D, 0x26, 0xC7, 0xAC, 0x17, 0x15, 0x15, 0x15, 0x5D, 0xE2, 0xE4, 0x5D, 0x9C, 0x51, 0x31, 0x5D, 0x5D, 0x9E, 0x51, 
	0x31, 0x2D, 0x5D, 0x96, 0xD5, 0x1D, 0x5D, 0x9C, 0x51, 0x31, 0x55, 0x5D, 0x9E, 0x51, 0x31, 0x5D, 0x5D, 0x9C, 0x91, 0x31, 0xD5, 0x15, 0x15, 0x15, 0x5D, 0x9E, 0x51, 0x31, 0x5D, 0x5D, 
	0xEA, 0xDD, 0x5D, 0x9C, 0x51, 0x31, 0x5D, 0x5D, 0x96, 0xA9, 0x31, 0xD5, 0x15, 0x15, 0x15, 0x15, 0x1A, 0x91, 0xA5, 0x14, 0x15, 0x15, 0x5D, 0x9E, 0x51, 0x31, 0x55, 0x1A, 0xA2, 0x15, 
	0x73, 0xD4, 0xFD, 0x19, 0x73, 0x96, 0xF5, 0x1A, 0x1A, 0xA2, 0xD5, 0x96, 0xED, 0x1F, 0x60, 0x5E, 0xAD, 0xEA, 0x1A, 0x15, 0x15, 0x5D, 0x9E, 0x59, 0x31, 0x55, 0x1A, 0xA2, 0x1C, 0x73, 
	0x36, 0xDD, 0x1A, 0xA2, 0xD4, 0x1A, 0xA2, 0xD5, 0x5D, 0x9E, 0x59, 0x31, 0x25, 0x5D, 0x9E, 0x11, 0x14, 0x5D, 0x16, 0x91, 0x31, 0xF5, 0x15, 0x15, 0x15, 0xAC, 0xEA, 0x1A, 0x15, 0x15, 
	0x5D, 0x9E, 0x41, 0x31, 0x55, 0x1A, 0xA2, 0x07, 0x73, 0x36, 0xC4, 0x1A, 0xA2, 0xDF, 0x1A, 0xA2, 0xDC, 0x5D, 0x9E, 0x41, 0x31, 0x25, 0x5D, 0x9C, 0x11, 0x1F, 0xFC, 0x2F, 0x14, 0x15, 
	0x15, 0x5D, 0x9E, 0x51, 0x31, 0x55, 0x1A, 0xA2, 0x15, 0x73, 0xD4, 0xFD, 0x19, 0x73, 0x96, 0xF5, 0x1A, 0x1A, 0xA2, 0xD5, 0x96, 0xED, 0x16, 0x60, 0x5D, 0xAD, 0xEA, 0x1A, 0x15, 0x15, 
	0x5D, 0x9E, 0x59, 0x31, 0x55, 0x1A, 0xA2, 0x1C, 0x73, 0x36, 0xDD, 0x1A, 0xA2, 0xD4, 0x1A, 0xA2, 0xD5, 0x5D, 0x9E, 0x59, 0x31, 0x25, 0x9E, 0x11, 0x14, 0x16, 0x91, 0x31, 0xF5, 0x15, 
	0x15, 0x15, 0xAC, 0xEA, 0x1A, 0x15, 0x15, 0x5D, 0x9E, 0x41, 0x31, 0x55, 0x1A, 0xA2, 0x07, 0x73, 0x36, 0xC4, 0x1A, 0xA2, 0xDF, 0x1A, 0xA2, 0xDC, 0x5D, 0x9E, 0x41, 0x31, 0x25, 0x9C, 
	0x11, 0x1F, 0xFC, 0xCF, 0x15, 0x15, 0x15, 0x5D, 0x9E, 0x51, 0x31, 0x55, 0x1A, 0xA2, 0x15, 0x73, 0xD4, 0xFD, 0x19, 0x73, 0x96, 0xF5, 0x1A, 0x1A, 0xA2, 0xD5, 0x96, 0xED, 0x14, 0x60, 
	0x4D, 0xAD, 0xEA, 0x1A, 0x15, 0x15, 0x5D, 0x9E, 0x59, 0x31, 0x55, 0x1A, 0xA2, 0x1C, 0x73, 0x36, 0xDD, 0x1A, 0xA2, 0xD4, 0x1A, 0xA2, 0xD5, 0x5D, 0x9E, 0x99, 0x31, 0xF5, 0x15, 0x15, 
	0x15, 0x5D, 0xD4, 0xFC, 0x05, 0x5D, 0x94, 0xF4, 0xEA, 0xEA, 0x15, 0x15, 0x1A, 0xA2, 0xDC, 0x5D, 0x9E, 0x41, 0x31, 0x25, 0x1A, 0xA2, 0x11, 0x17, 0x16, 0xD4, 0xAC, 0xEA, 0x1A, 0x15, 
	0x15, 0x5D, 0x9E, 0x41, 0x31, 0x55, 0x1A, 0xA2, 0x07, 0x73, 0x36, 0xC4, 0x1A, 0xA2, 0xDF, 0x1A, 0xA2, 0xDC, 0x5D, 0x9E, 0x41, 0x31, 0x25, 0x73, 0x9C, 0x11, 0x1F, 0xFE, 0x7F, 0x5D, 
	0x9E, 0x51, 0x31, 0x55, 0x1A, 0xA2, 0x15, 0x73, 0xD4, 0xFD, 0x19, 0x73, 0x96, 0xF5, 0x1A, 0x1A, 0xA2, 0xD5, 0x96, 0xED, 0x17, 0x60, 0x47, 0xAD, 0xEA, 0x1A, 0x15, 0x15, 0x5D, 0x9E, 
	0x59, 0x31, 0x55, 0x1A, 0xA2, 0x1C, 0x73, 0x36, 0xDD, 0x1A, 0xA2, 0xD4, 0x1A, 0xA2, 0xD5, 0x5D, 0x9E, 0x99, 0x31, 0xF5, 0x15, 0x15, 0x15, 0x5D, 0x94, 0xF4, 0xEA, 0xEA, 0x15, 0x15, 
	0x1A, 0xA2, 0xDC, 0x5D, 0x9E, 0x41, 0x31, 0x25, 0x1A, 0xA2, 0x11, 0x17, 0x16, 0xD4, 0xAC, 0xEA, 0x1A, 0x15, 0x15, 0x5D, 0x9E, 0x41, 0x31, 0x55, 0x1A, 0xA2, 0x07, 0x73, 0x36, 0xC4, 
	0x1A, 0xA2, 0xDF, 0x1A, 0xA2, 0xDC, 0x5D, 0x9E, 0x41, 0x31, 0x25, 0x73, 0x9C, 0x11, 0x1F, 0x5D, 0x9E, 0x51, 0x31, 0x55, 0x5D, 0x96, 0xD5, 0x17, 0x5D, 0x9C, 0x51, 0x31, 0x55, 0xFC, 
	0x32, 0xEB, 0xEA, 0xEA, 0x5D, 0x9E, 0x51, 0x31, 0x2D, 0x9E, 0x55, 0x11, 0x5D, 0x9E, 0x59, 0x31, 0x2D, 0x5D, 0x16, 0xDD, 0x5D, 0x9E, 0xD4, 0x5D, 0x9C, 0x51, 0x31, 0x2D, 0xFC, 0xAE, 
	0xE8, 0xEA, 0xEA, 0x5D, 0x9E, 0x51, 0x31, 0x65, 0x9E, 0x55, 0x3D, 0x5D, 0x9E, 0x59, 0x31, 0x3D, 0x5D, 0x16, 0xDD, 0x5D, 0x9E, 0xD4, 0x5D, 0x9C, 0x51, 0x31, 0x25, 0x50, 0x26, 0xD5, 
	0x26, 0xC7, 0x5D, 0xD2, 0xD4, 0xEA, 0xEA, 0xEA, 0xEA, 0xEA, 0x81, 0x31, 0x9D, 0x15, 0x15, 0x15, 0x50, 0x26, 0xD5, 0xAF, 0x14, 0x15, 0x15, 0x15, 0x5D, 0x9E, 0x59, 0x31, 0x3D, 0xEA, 
	0x41, 0x31, 0x25, 0x5D, 0x9E, 0x51, 0x31, 0x3D, 0x5D, 0x94, 0xD1, 0xCD, 0x15, 0x15, 0x15, 0xD6, 0xD9, 0xD9, 0xD9, 0xD9, 0xD9, 0xD9, 0xD9, 0xD9, 0xD9, 0xD9, 0x5D, 0x9C, 0x59, 0x31, 
	0x1D, 0x5D, 0x96, 0xF9, 0x2D, 0xD2, 0x51, 0x31, 0x35, 0x15, 0x15, 0x15, 0x15, 0x9E, 0x59, 0x31, 0x35, 0xFD, 0x53, 0x15, 0x15, 0x15, 0x9C, 0x51, 0x31, 0x35, 0x5D, 0x9E, 0x51, 0x31, 
	0x55, 0x1A, 0xAB, 0x15, 0x9E, 0x59, 0x31, 0x35, 0x16, 0xDD, 0x9E, 0xD4, 0x9C, 0x51, 0x31, 0x35, 0x5D, 0x9E, 0x51, 0x31, 0x55, 0x5D, 0xEA, 0xD5, 0x5D, 0x9C, 0x51, 0x31, 0x55, 0x5D, 
	0x9E, 0x51, 0x31, 0x55, 0x1A, 0xAB, 0x15, 0x90, 0xD5, 0x60, 0xD3, 0x9E, 0x51, 0x31, 0x35, 0x5D, 0x96, 0xD1, 0x2D, 0xD6, 0xD9, 0xD9, 0xD9, 0xD9, 0xD9, 0xD9, 0xD9, 0xD9, 0xD9, 0xD9, 
	0xD9, 0xD9, 0x9C, 0x59, 0x31, 0x1D, 0x9E, 0x51, 0x31, 0x1D, 0xD4, 0xDD, 0x18, 0xD6, 0x15, 0x15, 0x15, 0x15, 0x15, 0x15, 0x15, 0x15, 0x15, 0x15, 0x15, 0x15, 0x15, 0x15, 0x15, 0x15, 
	0x15, 0x15, 0x15, 0x15, 0x15, 0x15, 0x15, 0x15, 0x31, 0xCC, 0x3C, 0x4E, 0x15, 0x15, 0x15, 0x15, 0x17, 0x15, 0x15, 0x15, 0x41, 0x15, 0x15, 0x15, 0x2D, 0x35, 0x15, 0x15, 0x2D, 0x05, 
	0x15, 0x15, 0x15, 0x15, 0x15, 0x15, 0x31, 0xCC, 0x3C, 0x4E, 0x15, 0x15, 0x15, 0x15, 0x19, 0x15, 0x15, 0x15, 0x01, 0x15, 0x15, 0x15, 0x99, 0x35, 0x15, 0x15, 0x99, 0x05, 0x15, 0x15, 
	0x47, 0x46, 0x51, 0x46, 0x50, 0x03, 0xA2, 0x43, 0x4F, 0x4C, 0xDA, 0x5F, 0xB4, 0xD8, 0xA4, 0xB2, 0xA3, 0x4B, 0x00, 0xDB, 0x17, 0x15, 0x15, 0x15, 0x27, 0xB7, 0xCA, 0x38, 0x8C, 0x3E, 
	0x15, 0x15, 0xD8, 0x48, 0x35, 0xC7, 0x73, 0xC1, 0xEA, 0xEA, 0x15, 0x15, 0x15, 0x15, 0x15, 0x15, 0x15, 0x15, 0x15, 0x15, 0x15, 0x15, 0x15, 0x15, 0x15, 0x15, 0x15, 0x15, 0x15, 0x15, 
	0x15, 0x15, 0x15, 0x15, 0x15, 0x15, 0x15, 0x15, 0x15, 0x15, 0x15, 0x15, 0x15, 0x15, 0x15, 0x15, 0x15, 0x15, 0x15, 0x15, 0x15, 0x15, 0x15, 0x15, 0x15, 0x15, 0x15, 0x15, 0x15, 0x15, 
	0x15, 0x15, 0x15, 0x15, 0x15, 0x15, 0x15, 0x15, 0x15, 0x15, 0x15, 0x15, 0x15, 0x15, 0x15, 0x15, 0x15, 0x15, 0x15, 0x15, 0x15, 0x15, 0x15, 0x15, 0x15, 0x15, 0x15, 0x15, 0x15, 0x15, 
	0x15, 0x15, 0x15, 0x15, 0x15, 0x15, 0x15, 0x15, 0x15, 0x15, 0x15, 0x15, 0x15, 0x15, 0x15, 0x15, 0x15, 0x15, 0x15, 0x15, 0x15, 0x15, 0x15, 0x15, 0x15, 0x15, 0x15, 0x15, 0x15, 0x15, 
	0x15, 0x15, 0x15, 0x15, 0x15, 0x15, 0x15, 0x15, 0x15, 0x15, 0x15, 0x15, 0x15, 0x15, 0x15, 0x15, 0x15, 0x15, 0x15, 0x15, 0x15, 0x15, 0x15, 0x15, 0x15, 0x15, 0x15, 0x15, 0x15, 0x15, 
	0x15, 0x15, 0x15, 0x15, 0x15, 0x15, 0x15, 0x15, 0x15, 0x15, 0x15, 0x15, 0x15, 0x15, 0x15, 0x15, 0x15, 0x15, 0x15, 0x15, 0x15, 0x15, 0x15, 0x15, 0x15, 0x15, 0x15, 0x15, 0x15, 0x15, 
	0x15, 0x15, 0x15, 0x15, 0x15, 0x15, 0x15, 0x15, 0x15, 0x15, 0x15, 0x15, 0x15, 0x15, 0x15, 0x15, 0x15, 0x15, 0x15, 0x15, 0x15, 0x15, 0x15, 0x15, 0x15, 0x15, 0x15, 0x15, 0x15, 0x15, 
	0x15, 0x15, 0x15, 0x15, 0x15, 0x15, 0x15, 0x15, 0x15, 0x15, 0x15, 0x15, 0x15, 0x15, 0x15, 0x15, 0x15, 0x15, 0x15, 0x15, 0x15, 0x15, 0x15, 0x15, 0x15, 0x15, 0x15, 0x15, 0x15, 0x15, 
	0x15, 0x15, 0x15, 0x15, 0x15, 0x15, 0x15, 0x15, 0x15, 0x15, 0x15, 0x15, 0x15, 0x15, 0x15, 0x15, 0x15, 0x15, 0x15, 0x15, 0x15, 0x15, 0x15, 0x15, 0x15, 0x15, 0x15, 0x15, 0x15, 0x15, 
	0x15, 0x15, 0x15, 0x15, 0x15, 0x15, 0x15, 0x15, 0x15, 0x15, 0x15, 0x15, 0x15, 0x15, 0x15, 0x15, 0x15, 0x15, 0x15, 0x15, 0x15, 0x15, 0x15, 0x15, 0x15, 0x15, 0x15, 0x15, 0x15, 0x15, 
	0x15, 0x15, 0x15, 0x15, 0x15, 0x15, 0x15, 0x15, 0x15, 0x15, 0x15, 0x15, 0x15, 0x15, 0x15, 0x15, 0x15, 0x15, 0x15, 0x15, 0x15, 0x15, 0x15, 0x15, 0x15, 0x15, 0x15, 0x15, 0x15, 0x15, 
	0x15, 0x15, 0x15, 0x15, 0x15, 0x15, 0x15, 0x15, 0x15, 0x15, 0x15, 0x15, 0x15, 0x15, 0x15, 0x15, 0x15, 0x05, 0x15, 0x15, 0x91, 0x05, 0x15, 0x15, 0x8D, 0x61, 0x15, 0x15, 0x85, 0x05, 
	0x15, 0x15, 0x15, 0x04, 0x15, 0x15, 0xA5, 0x61, 0x15, 0x15, 0x15, 0x04, 0x15, 0x15, 0xA6, 0x04, 0x15, 0x15, 0xC1, 0x61, 0x15, 0x15, 0xD5, 0x04, 0x15, 0x15, 0x73, 0x07, 0x15, 0x15, 
	0xDD, 0x61, 0x15, 0x15, 0xA5, 0x07, 0x15, 0x15, 0x4C, 0x06, 0x15, 0x15, 0xF9, 0x61, 0x15, 0x15, 0x75, 0x06, 0x15, 0x15, 0x8F, 0x01, 0x15, 0x15, 0xF5, 0x61, 0x15, 0x15, 0xB5, 0x01, 
	0x15, 0x15, 0x5C, 0x00, 0x15, 0x15, 0xF9, 0x61, 0x15, 0x15, 0xB5, 0x00, 0x15, 0x15, 0x21, 0x0D, 0x15, 0x15, 0xED, 0x61, 0x15, 0x15, 0x55, 0x0D, 0x15, 0x15, 0x84, 0x0D, 0x15, 0x15, 
	0x05, 0x60, 0x15, 0x15, 0xB5, 0x0D, 0x15, 0x15, 0xDE, 0x0D, 0x15, 0x15, 0x11, 0x60, 0x15, 0x15, 0xC5, 0x0D, 0x15, 0x15, 0x92, 0x0F, 0x15, 0x15, 0x41, 0x60, 0x15, 0x15, 0xC5, 0x0F, 
	0x15, 0x15, 0x74, 0x09, 0x15, 0x15, 0x21, 0x60, 0x15, 0x15, 0x65, 0x09, 0x15, 0x15, 0x7B, 0x08, 0x15, 0x15, 0x55, 0x60, 0x15, 0x15, 0x65, 0x08, 0x15, 0x15, 0xF6, 0x08, 0x15, 0x15, 
	0x05, 0x60, 0x15, 0x15, 0xE5, 0x08, 0x15, 0x15, 0x73, 0x0B, 0x15, 0x15, 0x05, 0x60, 0x15, 0x15, 0x65, 0x0B, 0x15, 0x15, 0x50, 0x32, 0x15, 0x15, 0x09, 0x60, 0x15, 0x15, 0x45, 0x32, 
	0x15, 0x15, 0x54, 0x3C, 0x15, 0x15, 0xE5, 0x60, 0x15, 0x15, 0x45, 0x3C, 0x15, 0x15, 0x67, 0x3C, 0x15, 0x15, 0x79, 0x60, 0x15, 0x15, 0x95, 0x3C, 0x15, 0x15, 0x67, 0x3F, 0x15, 0x15, 
	0xBD, 0x60, 0x15, 0x15, 0x95, 0x3F, 0x15, 0x15, 0x1D, 0x39, 0x15, 0x15, 0xA1, 0x60, 0x15, 0x15, 0x05, 0x39, 0x15, 0x15, 0x75, 0x38, 0x15, 0x15, 0xD9, 0x60, 0x15, 0x15, 0x75, 0x38, 
	0x15, 0x15, 0x9D, 0x3B, 0x15, 0x15, 0xBD, 0x60, 0x15, 0x15, 0x85, 0x3B, 0x15, 0x15, 0x1B, 0x25, 0x15, 0x15, 0xA1, 0x60, 0x15, 0x15, 0x55, 0x25, 0x15, 0x15, 0x65, 0x21, 0x15, 0x15, 
	0x6D, 0x60, 0x15, 0x15, 0x65, 0x21, 0x15, 0x15, 0xAC, 0x2D, 0x15, 0x15, 0x85, 0x60, 0x15, 0x15, 0xD5, 0x2D, 0x15, 0x15, 0xEB, 0x2D, 0x15, 0x15, 0xCD, 0x60, 0x15, 0x15, 0x15, 0x2C, 
	0x15, 0x15, 0x3A, 0x2C, 0x15, 0x15, 0xF1, 0x60, 0x15, 0x15, 0x25, 0x2C, 0x15, 0x15, 0xD1, 0x2C, 0x15, 0x15, 0xDD, 0x61, 0x15, 0x15, 0xF5, 0x2C, 0x15, 0x15, 0xEF, 0x2F, 0x15, 0x15, 
	0x01, 0x63, 0x15, 0x15, 0x15, 0x2E, 0x15, 0x15, 0x1C, 0x29, 0x15, 0x15, 0x01, 0x63, 0x15, 0x15, 0x05, 0x29, 0x15, 0x15, 0xEF, 0x29, 0x15, 0x15, 0x3D, 0x63, 0x15, 0x15, 0x15, 0x28, 
	0x15, 0x15, 0xE1, 0x28, 0x15, 0x15, 0xA1, 0x60, 0x15, 0x15, 0x15, 0x2B, 0x15, 0x15, 0x57, 0x2B, 0x15, 0x15, 0xCD, 0x60, 0x15, 0x15, 0x45, 0x2B, 0x15, 0x15, 0x96, 0x2B, 0x15, 0x15, 
	0xCD, 0x60, 0x15, 0x15, 0x85, 0x2B, 0x15, 0x15, 0xD4, 0x2A, 0x15, 0x15, 0x1D, 0x63, 0x15, 0x15, 0xC5, 0x2A, 0x15, 0x15, 0x70, 0x54, 0x15, 0x15, 0x29, 0x63, 0x15, 0x15, 0x65, 0x54, 
	0x15, 0x15, 0xAC, 0x57, 0x15, 0x15, 0x79, 0x63, 0x15, 0x15, 0xD5, 0x57, 0x15, 0x15, 0x29, 0x51, 0x15, 0x15, 0x21, 0x60, 0x15, 0x15, 0x55, 0x51, 0x15, 0x15, 0x17, 0x53, 0x15, 0x15, 
	0x41, 0x63, 0x15, 0x15, 0x35, 0x53, 0x15, 0x15, 0x55, 0x53, 0x15, 0x15, 0x85, 0x63, 0x15, 0x15, 0x55, 0x53, 0x15, 0x15, 0xC7, 0x53, 0x15, 0x15, 0xBD, 0x63, 0x15, 0x15, 0xF5, 0x53, 
	0x15, 0x15, 0xA8, 0x5F, 0x15, 0x15, 0x6D, 0x63, 0x15, 0x15, 0xD5, 0x5F, 0x15, 0x15, 0x6E, 0x5E, 0x15, 0x15, 0x89, 0x63, 0x15, 0x15, 0xB5, 0x5E, 0x15, 0x15, 0x01, 0x58, 0x15, 0x15, 
	0xA1, 0x63, 0x15, 0x15, 0x35, 0x58, 0x15, 0x15, 0x1F, 0x45, 0x15, 0x15, 0xD9, 0x63, 0x15, 0x15, 0x05, 0x45, 0x15, 0x15, 0xC5, 0x45, 0x15, 0x15, 0x51, 0x62, 0x15, 0x15, 0xC5, 0x45, 
	0x15, 0x15, 0x1F, 0x46, 0x15, 0x15, 0x1D, 0x62, 0x15, 0x15, 0x05, 0x46, 0x15, 0x15, 0x2A, 0x41, 0x15, 0x15, 0x2D, 0x62, 0x15, 0x15, 0x55, 0x41, 0x15, 0x15, 0x42, 0x43, 0x15, 0x15, 
	0xE5, 0x63, 0x15, 0x15, 0x75, 0x43, 0x15, 0x15, 0x76, 0x42, 0x15, 0x15, 0xF1, 0x63, 0x15, 0x15, 0x65, 0x42, 0x15, 0x15, 0xDD, 0x4C, 0x15, 0x15, 0x35, 0x62, 0x15, 0x15, 0xC5, 0x4C, 
	0x15, 0x15, 0x17, 0x4F, 0x15, 0x15, 0x79, 0x62, 0x15, 0x15, 0x05, 0x4F, 0x15, 0x15, 0x43, 0x4E, 0x15, 0x15, 0x41, 0x62, 0x15, 0x15, 0x75, 0x4E, 0x15, 0x15, 0x94, 0x4E, 0x15, 0x15, 
	0x75, 0x62, 0x15, 0x15, 0xA5, 0x4E, 0x15, 0x15, 0xDB, 0x4E, 0x15, 0x15, 0x9D, 0x62, 0x15, 0x15, 0xE5, 0x4E, 0x15, 0x15, 0x18, 0x49, 0x15, 0x15, 0x85, 0x63, 0x15, 0x15, 0x05, 0x49, 
	0x15, 0x15, 0x7A, 0x49, 0x15, 0x15, 0x85, 0x63, 0x15, 0x15, 0xD5, 0x49, 0x15, 0x15, 0xD0, 0x49, 0x15, 0x15, 0x85, 0x62, 0x15, 0x15, 0x15, 0xD5, 0x15, 0x15, 0x3E, 0xD5, 0x15, 0x15, 
	0x6D, 0x62, 0x15, 0x15, 0x15, 0x15, 0x15, 0x15, 0x15, 0x15, 0x15, 0x15, 0x15, 0x15, 0x15, 0x15, 0x15, 0x15, 0x15, 0x15, 0x15, 0x15, 0x15, 0x15, 0x15, 0x15, 0x15, 0x15, 0x15, 0x15, 
	0x15, 0x15, 0x15, 0x15, 0x15, 0x15, 0x15, 0x15, 0x15, 0x15, 0x15, 0x15, 0x15, 0x15, 0x15, 0x15, 0x15, 0x15, 0x15, 0x15, 0x15, 0x15, 0x15, 0x15, 0x15, 0x15, 0x15, 0x15, 0x15, 0x15, 
	0x15, 0x15, 0x15, 0x15, 0x15, 0x15, 0x15, 0x15, 0x15, 0x15, 0x15, 0x15, 0x15, 0x15, 0x15, 0x15, 0x15, 0x15, 0x15, 0x15, 0x15, 0x15, 0x15, 0x15, 0x15, 0x15, 0x15, 0x15, 0x15, 0x15, 
	0x15, 0x15, 0x15, 0x15, 0x15, 0x15, 0x15, 0x15, 0x15, 0x15, 0x15, 0x15, 0x15, 0x15, 0x15, 0x15, 0x15, 0x15, 0x15, 0x15, 0x15, 0x15, 0x15, 0x15, 0x15, 0x15, 0x15, 0x15, 0x15, 0x15, 
	0x15, 0x15, 0x15, 0x15, 0x15, 0x15, 0x15, 0x15, 0x15, 0x15, 0x15, 0x15, 0x15, 0x15, 0x15, 0x15, 0x15, 0x15, 0x15, 0x15, 0x15, 0x15, 0x15, 0x15, 0x15, 0x15, 0x15, 0x15, 0x15, 0x15, 
	0x15, 0x15, 0x15, 0x15, 0x15, 0x15, 0x15, 0x15, 0x15, 0x15, 0x15, 0x15, 0x15, 0x15, 0x15, 0x15, 0x15, 0x15, 0x15, 0x15, 0x15, 0x15, 0x15, 0x15, 0x15, 0x15, 0x15, 0x15, 0x15, 0x15, 
	0x15, 0x15, 0x15, 0x15, 0x15, 0x15, 0x15, 0x15, 0x15, 0x15, 0x15, 0x15, 0x15, 0x15, 0x15, 0x15, 0x15, 0x15, 0x15, 0x15, 0x15, 0x15, 0x15, 0x15, 0x15, 0x15, 0x15, 0x15, 0x15, 0x15, 
	0x15, 0x15, 0x15, 0x15, 0x15, 0x15, 0x15, 0x15, 0x15, 0x15, 0x15, 0x15, 0x15, 0x15, 0x15, 0x15, 0x15, 0x15, 0x15, 0x15, 0x15, 0x15, 0x15, 0x15, 0x15, 0x15, 0x15, 0x15, 0x15, 0x15, 
	0x15, 0x15, 0x15, 0x15, 0x15, 0x15, 0x15, 0x15, 0x15, 0x15, 0x15, 0x15, 0x15, 0x15, 0x15, 0x15, 0x15, 0x15, 0x15, 0x15, 0x15, 0x15, 0x15, 0x15, 0x15, 0x15, 0x15, 0x15, 0x15, 0x15, 
	0x15, 0x15, 0x15, 0x15, 0x15, 0x15, 0x15, 0x15, 0x15, 0x15, 0x15, 0x15, 0x15, 0x15, 0x15, 0x15, 0x15, 0x15, 0x15, 0x15, 0x15, 0x15, 0x15, 0x15, 0x15, 0x15, 0x15, 0x15, 0x15, 0x15, 
	0x15, 0x15, 0x15, 0x15, 0x15, 0x15, 0x15, 0x15, 0x15, 0x15, 0x15, 0x15, 0x15, 0x15, 0x15, 0x15, 0x15, 0x15, 0x15, 0x15, 0x5D, 0x9C, 0x49, 0x31, 0x1D, 0x42, 0x5D, 0x96, 0xF9, 0x35, 
	0x5D, 0x9E, 0xCF, 0x5D, 0x9E, 0xEC, 0xFD, 0x02, 0x15, 0x15, 0x15, 0x5D, 0x9E, 0xC6, 0x5D, 0x9E, 0xDA, 0xFD, 0x35, 0x4D, 0xEA, 0xEA, 0x5D, 0x9E, 0x49, 0x31, 0x25, 0x5D, 0x96, 0xD1, 
	0x35, 0x4A, 0xD6, 0xD9, 0x5D, 0x9E, 0x10, 0x78, 0xFD, 0xEA, 0xEA, 0x5D, 0x90, 0xD5, 0x61, 0x0F, 0x5D, 0xAC, 0x27, 0xB7, 0xCA, 0x38, 0x8C, 0x3E, 0x15, 0x15, 0x5D, 0x2E, 0xD4, 0x61, 
	0x1E, 0x5D, 0xE2, 0xC5, 0x5D, 0x9C, 0x10, 0x42, 0xFD, 0xEA, 0xEA, 0xD6, 0xAC, 0x13, 0x15, 0x15, 0x15, 0xD8, 0x3C, 0xD9, 0xD9, 0xD9, 0x9D, 0xD5, 0x15, 0x15, 0x15, 0x15, 0x15, 0x15, 
	0x15, 0x15, 0x15, 0x15, 0x33, 0xD3, 0x15, 0x15, 0x15, 0x65, 0x15, 0x15, 0x15, 0x15, 0x15, 0x15, 0x15, 0x15, 0x15, 0x15, 0x15, 0x15, 0x15, 0x15, 0x15, 0x15, 0x15, 0x15, 0x15, 0x15, 
	0x15, 0x15, 0x15, 0x15, 0x15, 0x15, 0x0D, 0xD7, 0x15, 0x15, 0x15, 0x15, 0x15, 0x15, 0x3D, 0xD7, 0x15, 0x15, 0x15, 0x15, 0x15, 0x15, 0x23, 0xD7, 0x15, 0x15, 0x15, 0x15, 0x15, 0x15, 
	0x5F, 0xD7, 0x15, 0x15, 0x15, 0x15, 0x15, 0x15, 0x77, 0xD7, 0x15, 0x15, 0x15, 0x15, 0x15, 0x15, 0x6B, 0xD7, 0x15, 0x15, 0x15, 0x15, 0x15, 0x15, 0x9F, 0xD7, 0x15, 0x15, 0x15, 0x15, 
	0x15, 0x15, 0x89, 0xD7, 0x15, 0x15, 0x15, 0x15, 0x15, 0x15, 0xA5, 0xD7, 0x15, 0x15, 0x15, 0x15, 0x15, 0x15, 0xD7, 0xD7, 0x15, 0x15, 0x15, 0x15, 0x15, 0x15, 0xCD, 0xD7, 0x15, 0x15, 
	0x15, 0x15, 0x15, 0x15, 0xE1, 0xD7, 0x15, 0x15, 0x15, 0x15, 0x15, 0x15, 0x19, 0xD6, 0x15, 0x15, 0x15, 0x15, 0x15, 0x15, 0x33, 0xD6, 0x15, 0x15, 0x15, 0x15, 0x15, 0x15, 0x25, 0xD6, 
	0x15, 0x15, 0x15, 0x15, 0x15, 0x15, 0x5D, 0xD6, 0x15, 0x15, 0x15, 0x15, 0x15, 0x15, 0x77, 0xD6, 0x15, 0x15, 0x15, 0x15, 0x15, 0x15, 0x95, 0xD6, 0x15, 0x15, 0x15, 0x15, 0x15, 0x15, 
	0x8F, 0xD6, 0x15, 0x15, 0x15, 0x15, 0x15, 0x15, 0xA5, 0xD6, 0x15, 0x15, 0x15, 0x15, 0x15, 0x15, 0xD9, 0xD6, 0x15, 0x15, 0x15, 0x15, 0x15, 0x15, 0xCB, 0xD6, 0x15, 0x15, 0x15, 0x15, 
	0x15, 0x15, 0xE1, 0xD6, 0x15, 0x15, 0x15, 0x15, 0x15, 0x15, 0x11, 0xD1, 0x15, 0x15, 0x15, 0x15, 0x15, 0x15, 0x09, 0xD1, 0x15, 0x15, 0x15, 0x15, 0x15, 0x15, 0x33, 0xD1, 0x15, 0x15, 
	0x15, 0x15, 0x15, 0x15, 0x5D, 0xD1, 0x15, 0x15, 0x15, 0x15, 0x15, 0x15, 0x47, 0xD1, 0x15, 0x15, 0x15, 0x15, 0x15, 0x15, 0x73, 0xD1, 0x15, 0x15, 0x15, 0x15, 0x15, 0x15, 0x93, 0xD1, 
	0x15, 0x15, 0x15, 0x15, 0x15, 0x15, 0xB5, 0xD1, 0x15, 0x15, 0x15, 0x15, 0x15, 0x15, 0xAD, 0xD1, 0x15, 0x15, 0x15, 0x15, 0x15, 0x15, 0xC5, 0xD1, 0x15, 0x15, 0x15, 0x15, 0x15, 0x15, 
	0xF7, 0xD1, 0x15, 0x15, 0x15, 0x15, 0x15, 0x15, 0xE7, 0xD1, 0x15, 0x15, 0x15, 0x15, 0x15, 0x15, 0x1D, 0xD0, 0x15, 0x15, 0x15, 0x15, 0x15, 0x15, 0x35, 0xD0, 0x15, 0x15, 0x15, 0x15, 
	0x15, 0x15, 0x23, 0xD0, 0x15, 0x15, 0x15, 0x15, 0x15, 0x15, 0x5B, 0xD0, 0x15, 0x15, 0x15, 0x15, 0x15, 0x15, 0x73, 0xD0, 0x15, 0x15, 0x15, 0x15, 0x15, 0x15, 0x6D, 0xD0, 0x15, 0x15, 
	0x15, 0x15, 0x15, 0x15, 0x87, 0xD0, 0x15, 0x15, 0x15, 0x15, 0x15, 0x15, 0xB7, 0xD0, 0x15, 0x15, 0x15, 0x15, 0x15, 0x15, 0xAD, 0xD0, 0x15, 0x15, 0x15, 0x15, 0x15, 0x15, 0xC5, 0xD0, 
	0x15, 0x15, 0x15, 0x15, 0x15, 0x15, 0xC9, 0xD0, 0x15, 0x15, 0x15, 0x15, 0x15, 0x15, 0xF3, 0xD0, 0x15, 0x15, 0x15, 0x15, 0x15, 0x15, 0xE5, 0xD0, 0x15, 0x15, 0x15, 0x15, 0x15, 0x15, 
	0x19, 0xD3, 0x15, 0x15, 0x15, 0x15, 0x15, 0x15, 0x15, 0x15, 0x15, 0x15, 0x15, 0x15, 0x15, 0x15, 0xE9, 0x12, 0x47, 0x61, 0x79, 0x52, 0x70, 0x61, 0x43, 0x70, 0x67, 0x66, 0x7C, 0x7A, 
	0x7B, 0x15, 0x4F, 0x15, 0x51, 0x77, 0x72, 0x45, 0x67, 0x7C, 0x7B, 0x61, 0x50, 0x6D, 0x15, 0x15, 0x34, 0x10, 0x58, 0x78, 0x5C, 0x66, 0x54, 0x71, 0x71, 0x67, 0x70, 0x66, 0x66, 0x43, 
	0x74, 0x79, 0x7C, 0x71, 0x15, 0x15, 0x19, 0x1D, 0x47, 0x61, 0x79, 0x5C, 0x7B, 0x7C, 0x61, 0x40, 0x7B, 0x7C, 0x76, 0x7A, 0x71, 0x70, 0x46, 0x61, 0x67, 0x7C, 0x7B, 0x72, 0x15, 0x15, 
	0x08, 0x10, 0x58, 0x78, 0x52, 0x70, 0x61, 0x46, 0x6C, 0x66, 0x61, 0x70, 0x78, 0x47, 0x7A, 0x60, 0x61, 0x7C, 0x7B, 0x70, 0x54, 0x71, 0x71, 0x67, 0x70, 0x66, 0x66, 0x15, 0x4C, 0x15, 
	0x51, 0x77, 0x72, 0x45, 0x67, 0x7C, 0x7B, 0x61, 0x15, 0x15, 0x8F, 0x15, 0x50, 0x6D, 0x54, 0x79, 0x79, 0x7A, 0x76, 0x74, 0x61, 0x70, 0x45, 0x7A, 0x7A, 0x79, 0x15, 0x15, 0xD1, 0x15, 
	0x50, 0x6D, 0x53, 0x67, 0x70, 0x70, 0x45, 0x7A, 0x7A, 0x79, 0x42, 0x7C, 0x61, 0x7D, 0x41, 0x74, 0x72, 0x15, 0xE7, 0x15, 0x50, 0x6D, 0x44, 0x60, 0x70, 0x60, 0x70, 0x42, 0x7A, 0x67, 
	0x7E, 0x5C, 0x61, 0x70, 0x78, 0x15, 0xC5, 0x17, 0x5C, 0x7A, 0x52, 0x70, 0x61, 0x56, 0x60, 0x67, 0x67, 0x70, 0x7B, 0x61, 0x45, 0x67, 0x7A, 0x76, 0x70, 0x66, 0x66, 0x15, 0xE0, 0x10, 
	0x5A, 0x77, 0x47, 0x70, 0x73, 0x70, 0x67, 0x70, 0x7B, 0x76, 0x70, 0x5A, 0x77, 0x7F, 0x70, 0x76, 0x61, 0x57, 0x6C, 0x5D, 0x74, 0x7B, 0x71, 0x79, 0x70, 0x15, 0x10, 0x13, 0x5A, 0x77, 
	0x73, 0x51, 0x70, 0x67, 0x70, 0x73, 0x70, 0x67, 0x70, 0x7B, 0x76, 0x70, 0x5A, 0x77, 0x7F, 0x70, 0x76, 0x61, 0x15, 0x15, 0xB5, 0x13, 0x45, 0x66, 0x52, 0x70, 0x61, 0x45, 0x67, 0x7A, 
	0x76, 0x70, 0x66, 0x66, 0x50, 0x6D, 0x7C, 0x61, 0x46, 0x61, 0x74, 0x61, 0x60, 0x66, 0x15, 0x15, 0x61, 0x10, 0x5B, 0x61, 0x56, 0x79, 0x7A, 0x66, 0x70, 0x15, 0xAD, 0x11, 0x5E, 0x70, 
	0x46, 0x61, 0x74, 0x76, 0x7E, 0x54, 0x61, 0x61, 0x74, 0x76, 0x7D, 0x45, 0x67, 0x7A, 0x76, 0x70, 0x66, 0x66, 0x15, 0x15, 0xD3, 0x11, 0x5E, 0x70, 0x40, 0x7B, 0x66, 0x61, 0x74, 0x76, 
	0x7E, 0x51, 0x70, 0x61, 0x74, 0x76, 0x7D, 0x45, 0x67, 0x7A, 0x76, 0x70, 0x66, 0x66, 0x15, 0x15, 0xF4, 0x13, 0x45, 0x66, 0x59, 0x7A, 0x7A, 0x7E, 0x60, 0x65, 0x45, 0x67, 0x7A, 0x76, 
	0x70, 0x66, 0x66, 0x57, 0x6C, 0x45, 0x67, 0x7A, 0x76, 0x70, 0x66, 0x66, 0x5C, 0x71, 0x15, 0x15, 0xF6, 0x1C, 0x4F, 0x62, 0x54, 0x79, 0x79, 0x7A, 0x76, 0x74, 0x61, 0x70, 0x43, 0x7C, 
	0x67, 0x61, 0x60, 0x74, 0x79, 0x58, 0x70, 0x78, 0x7A, 0x67, 0x6C, 0x15, 0x24, 0x1F, 0x4F, 0x62, 0x53, 0x67, 0x70, 0x70, 0x43, 0x7C, 0x67, 0x61, 0x60, 0x74, 0x79, 0x58, 0x70, 0x78, 
	0x7A, 0x67, 0x6C, 0x15, 0xA1, 0x13, 0x45, 0x66, 0x52, 0x70, 0x61, 0x45, 0x67, 0x7A, 0x76, 0x70, 0x66, 0x66, 0x42, 0x7A, 0x62, 0x23, 0x21, 0x45, 0x67, 0x7A, 0x76, 0x70, 0x66, 0x66, 
	0x15, 0x15, 0xD1, 0x13, 0x45, 0x66, 0x52, 0x70, 0x61, 0x41, 0x7D, 0x67, 0x70, 0x74, 0x71, 0x41, 0x70, 0x77, 0x15, 0x15, 0x13, 0x10, 0x58, 0x78, 0x56, 0x7A, 0x65, 0x6C, 0x43, 0x7C, 
	0x67, 0x61, 0x60, 0x74, 0x79, 0x58, 0x70, 0x78, 0x7A, 0x67, 0x6C, 0x15, 0x0E, 0x12, 0x45, 0x66, 0x41, 0x7D, 0x67, 0x70, 0x74, 0x71, 0x41, 0x6C, 0x65, 0x70, 0x15, 0x15, 0xDE, 0x11, 
	0x5E, 0x70, 0x42, 0x74, 0x7C, 0x61, 0x53, 0x7A, 0x67, 0x46, 0x7C, 0x7B, 0x72, 0x79, 0x70, 0x5A, 0x77, 0x7F, 0x70, 0x76, 0x61, 0x15, 0x15, 0x1F, 0x4F, 0x62, 0x56, 0x79, 0x7A, 0x66, 
	0x70, 0x15, 0xBC, 0x13, 0x45, 0x66, 0x52, 0x70, 0x61, 0x45, 0x67, 0x7A, 0x76, 0x70, 0x66, 0x66, 0x46, 0x70, 0x76, 0x61, 0x7C, 0x7A, 0x7B, 0x57, 0x74, 0x66, 0x70, 0x54, 0x71, 0x71, 
	0x67, 0x70, 0x66, 0x66, 0x15, 0x15, 0x18, 0x1E, 0x4A, 0x62, 0x76, 0x66, 0x60, 0x65, 0x67, 0x15, 0x10, 0x1D, 0x47, 0x61, 0x79, 0x5C, 0x7B, 0x7C, 0x61, 0x54, 0x7B, 0x66, 0x7C, 0x46, 
	0x61, 0x67, 0x7C, 0x7B, 0x72, 0x15, 0x20, 0x12, 0x47, 0x61, 0x79, 0x54, 0x7B, 0x66, 0x7C, 0x46, 0x61, 0x67, 0x7C, 0x7B, 0x72, 0x41, 0x7A, 0x40, 0x7B, 0x7C, 0x76, 0x7A, 0x71, 0x70, 
	0x46, 0x61, 0x67, 0x7C, 0x7B, 0x72, 0x15, 0x15, 0x4F, 0x12, 0x47, 0x61, 0x79, 0x56, 0x7A, 0x78, 0x65, 0x74, 0x67, 0x70, 0x40, 0x7B, 0x7C, 0x76, 0x7A, 0x71, 0x70, 0x46, 0x61, 0x67, 
	0x7C, 0x7B, 0x72, 0x15, 0xC7, 0x12, 0x47, 0x61, 0x79, 0x53, 0x67, 0x70, 0x70, 0x40, 0x7B, 0x7C, 0x76, 0x7A, 0x71, 0x70, 0x46, 0x61, 0x67, 0x7C, 0x7B, 0x72, 0x15, 0x15, 0x98, 0x1F, 
	0x4F, 0x62, 0x44, 0x60, 0x70, 0x67, 0x6C, 0x43, 0x7C, 0x67, 0x61, 0x60, 0x74, 0x79, 0x58, 0x70, 0x78, 0x7A, 0x67, 0x6C, 0x15, 0x15, 0xB3, 0x13, 0x45, 0x66, 0x52, 0x70, 0x61, 0x45, 
	0x67, 0x7A, 0x76, 0x70, 0x66, 0x66, 0x45, 0x70, 0x77, 0x15, 0x3A, 0x10, 0x58, 0x78, 0x58, 0x74, 0x65, 0x5C, 0x7A, 0x46, 0x65, 0x74, 0x76, 0x70, 0x15, 0x15, 0xE8, 0x10, 0x5A, 0x77, 
	0x47, 0x70, 0x72, 0x7C, 0x66, 0x61, 0x70, 0x67, 0x56, 0x74, 0x79, 0x79, 0x77, 0x74, 0x76, 0x7E, 0x66, 0x15, 0x17, 0x13, 0x5A, 0x77, 0x40, 0x7B, 0x47, 0x70, 0x72, 0x7C, 0x66, 0x61, 
	0x70, 0x67, 0x56, 0x74, 0x79, 0x79, 0x77, 0x74, 0x76, 0x7E, 0x66, 0x15, 0xF3, 0x10, 0x5A, 0x77, 0x52, 0x70, 0x61, 0x53, 0x7C, 0x79, 0x61, 0x70, 0x67, 0x43, 0x70, 0x67, 0x66, 0x7C, 
	0x7A, 0x7B, 0x15, 0x15, 0x0C, 0x10, 0x58, 0x78, 0x52, 0x70, 0x61, 0x45, 0x7D, 0x6C, 0x66, 0x7C, 0x76, 0x74, 0x79, 0x54, 0x71, 0x71, 0x67, 0x70, 0x66, 0x66, 0x15, 0x15, 0x6A, 0x13, 
	0x45, 0x66, 0x52, 0x70, 0x61, 0x56, 0x60, 0x67, 0x67, 0x70, 0x7B, 0x61, 0x45, 0x67, 0x7A, 0x76, 0x70, 0x66, 0x66, 0x5C, 0x71, 0x15, 0xB7, 0x13, 0x45, 0x66, 0x52, 0x70, 0x61, 0x45, 
	0x67, 0x7A, 0x76, 0x70, 0x66, 0x66, 0x5C, 0x71, 0x15, 0x15, 0xE2, 0x10, 0x5A, 0x77, 0x47, 0x70, 0x73, 0x70, 0x67, 0x70, 0x7B, 0x76, 0x70, 0x5A, 0x77, 0x7F, 0x70, 0x76, 0x61, 0x57, 
	0x6C, 0x5B, 0x74, 0x78, 0x70, 0x15, 0xF3, 0x13, 0x45, 0x66, 0x45, 0x67, 0x7A, 0x76, 0x70, 0x66, 0x66, 0x41, 0x6C, 0x65, 0x70, 0x15, 0xA0, 0x17, 0x5C, 0x7A, 0x51, 0x67, 0x7C, 0x63, 
	0x70, 0x67, 0x5A, 0x77, 0x7F, 0x70, 0x76, 0x61, 0x41, 0x6C, 0x65, 0x70, 0x15, 0x15, 0x35, 0x10, 0x58, 0x78, 0x5D, 0x7C, 0x72, 0x7D, 0x70, 0x66, 0x61, 0x40, 0x66, 0x70, 0x67, 0x54, 
	0x71, 0x71, 0x67, 0x70, 0x66, 0x66, 0x15, 0x15, 0xE4, 0x1F, 0x4A, 0x66, 0x61, 0x67, 0x7C, 0x76, 0x78, 0x65, 0x15, 0x15, 0x57, 0x1E, 0x66, 0x61, 0x67, 0x66, 0x61, 0x67, 0x15, 0x15, 
	0xEF, 0x1F, 0x4A, 0x66, 0x61, 0x67, 0x60, 0x65, 0x67, 0x15, 0x9C, 0x1F, 0x4F, 0x62, 0x44, 0x60, 0x70, 0x67, 0x6C, 0x46, 0x6C, 0x66, 0x61, 0x70, 0x78, 0x5C, 0x7B, 0x73, 0x7A, 0x67, 
	0x78, 0x74, 0x61, 0x7C, 0x7A, 0x7B, 0x15, 0x15, 0xFB, 0x16, 0x5E, 0x70, 0x51, 0x70, 0x79, 0x74, 0x6C, 0x50, 0x6D, 0x70, 0x76, 0x60, 0x61, 0x7C, 0x7A, 0x7B, 0x41, 0x7D, 0x67, 0x70, 
	0x74, 0x71, 0x15, 0x15, 0x7B, 0x61, 0x7A, 0x66, 0x7E, 0x67, 0x7B, 0x79, 0x3B, 0x70, 0x6D, 0x70, 0x15, 0x15, 0x15, 0x15, 0x15, 0x15, 0x15, 0x15, 0x15, 0x15, 0x15, 0x15, 0x15, 0x15, 
	0x15, 0x15, 0x15, 0x15, 0x15, 0x15, 0x15, 0x15, 0x15, 0x15, 0x15, 0x15, 0x15, 0x15, 0x15, 0x15, 0x15, 0x15, 0x15, 0x15, 0x15, 0x15, 0x15, 0x15, 0x15, 0x15, 0x15, 0x15, 0x15, 0x15, 
	0x15, 0x15, 0x15, 0x15, 0x15, 0x15, 0x15, 0x15, 0x15, 0x15, 0x15, 0x15, 0x15, 0x15, 0x15, 0x15, 0x15, 0x15, 0x15, 0x15, 0x15, 0x15, 0x15, 0x15, 0x15, 0x15, 0x15, 0x15, 0x15, 0x15, 
	0x15, 0x15, 0x15, 0x15, 0x15, 0x15, 0x15, 0x15, 0x15, 0x15, 0x15, 0x15, 0x15, 0x15, 0x15, 0x15, 0x15, 0x15, 0x15, 0x15, 0x15, 0x15, 0x15, 0x15, 0x15, 0x15, 0x15, 0x15, 0x15, 0x15, 
	0x15, 0x15, 0x15, 0x15, 0x15, 0x15, 0x15, 0x15, 0x15, 0x15, 0x15, 0x15, 0x15, 0x15, 0x15, 0x15, 0x15, 0x15, 0x15, 0x15, 0x15, 0x15, 0x15, 0x15, 0x15, 0x15, 0x15, 0x15, 0x15, 0x15, 
	0x15, 0x15, 0x15, 0x15, 0x15, 0x15, 0x15, 0x15, 0x15, 0x15, 0x15, 0x15, 0x15, 0x15, 0x15, 0x15, 0x15, 0x15, 0x15, 0x15, 0x15, 0x15, 0x15, 0x15, 0x15, 0x15, 0x15, 0x15, 0x15, 0x15, 
	0x15, 0x15, 0x15, 0x15, 0x15, 0x15, 0x15, 0x15, 0x15, 0x15, 0x15, 0x15, 0x15, 0x15, 0x15, 0x15, 0x15, 0x15, 0x15, 0x15, 0x15, 0x15, 0x15, 0x15, 0x15, 0x15, 0x15, 0x15, 0x15, 0x15, 
	0x15, 0x15, 0x15, 0x15, 0x15, 0x15, 0x15, 0x15, 0x15, 0x15, 0x15, 0x15, 0x15, 0x15, 0x15, 0x15, 0x15, 0x15, 0x15, 0x15, 0x15, 0x15, 0x15, 0x15, 0x15, 0x15, 0x15, 0x15, 0x15, 0x15, 
	0x15, 0x15, 0x15, 0x15, 0x15, 0x15, 0x15, 0x15, 0x15, 0x15, 0x15, 0x15, 0x15, 0x15, 0x15, 0x15, 0x15, 0x15, 0x15, 0x15, 0x15, 0x15, 0x15, 0x15, 0x15, 0x15, 0x15, 0x15, 0x15, 0x15, 
	0x15, 0x15, 0x15, 0x15, 0x15, 0x15, 0x15, 0x15, 0x15, 0x15, 0x15, 0x15, 0x15, 0x15, 0x15, 0x15, 0x15, 0x15, 0x15, 0x15, 0x15, 0x15, 0x15, 0x15, 0x15, 0x15, 0x15, 0x15, 0x15, 0x15, 
	0x15, 0x15, 0x15, 0x15, 0x15, 0x15, 0x15, 0x15, 0x15, 0x15, 0x15, 0x15, 0x15, 0x15, 0x15, 0x15, 0x15, 0x15, 0x15, 0x15, 0x15, 0x15, 0x15, 0x15, 0x15, 0x15, 0x15, 0x15, 0x15, 0x15, 
	0x15, 0x15, 0x15, 0x15, 0x15, 0x15, 0x15, 0x15, 0x15, 0x15, 0x15, 0x15, 0x15, 0x15, 0x15, 0x15, 0x15, 0x15, 0x15, 0x15, 0x15, 0x15, 0x15, 0x15, 0x15, 0x15, 0x15, 0x15, 0x15, 0x15, 
	0x15, 0x15, 0x15, 0x15, 0x15, 0x15, 0x15, 0x15, 0x15, 0x15, 0x15, 0x15, 0x15, 0x15, 0x15, 0x15, 0x15, 0x15, 0x15, 0x15, 0x15, 0x15, 0x15, 0x15, 0x15, 0x15, 0x15, 0x15, 0x15, 0x15, 
	0x15, 0x15, 0x15, 0x15, 0x15, 0x15, 0x15, 0x15, 0x15, 0x15, 0x15, 0x15, 0x15, 0x15, 0x15, 0x15, 0x15, 0x15, 0x15, 0x15, 0x15, 0x15, 0x15, 0x15, 0x15, 0x15, 0x15, 0x15, 0x15, 0x15, 
	0x15, 0x15, 0x15, 0x15, 0x15, 0x15, 0x15, 0x15, 0x15, 0x15, 0x15, 0x15, 0x15, 0x15, 0x15, 0x15, 0x15, 0x15, 0x15, 0x15, 0x15, 0x15, 0x15, 0x15, 0x15, 0x15, 0x15, 0x15, 0x15, 0x15, 
	0x15, 0x15, 0x15, 0x15, 0x15, 0x15, 0x15, 0x15, 0x15, 0x15, 0x15, 0x15, 0x15, 0x15, 0x15, 0x15, 0x15, 0x15, 0x15, 0x15, 0x15, 0x15, 0x15, 0x15, 0x15, 0x15, 0x15, 0x15, 0x15, 0x65, 
	0x15, 0x15, 0x0D, 0x15, 0x15, 0x15, 0x85, 0xB4, 0x8D, 0xB4, 0x7D, 0xB7, 0x95, 0xB7, 0x9D, 0xB7, 0x85, 0xB7, 0xA5, 0xB7, 0x15, 0x15, 0x15, 0x15, 0x15, 0x15, 0x15, 0x15, 0x15, 0x15, 
	0x15, 0x15, 0x15, 0x15, 0x15, 0x15, 0x15, 0x15, 0x15, 0x15, 0x15, 0x15, 0x15, 0x15, 0x15, 0x15, 0x15, 0x15, 0x15, 0x15, 0x15, 0x15, 0x15, 0x15, 0x15, 0x15, 0x15, 0x15, 0x15, 0x15, 
	0x15, 0x15, 0x15, 0x15, 0x15, 0x15, 0x15, 0x15, 0x15, 0x15, 0x15, 0x15, 0x15, 0x15, 0x15, 0x15, 0x15, 0x15, 0x15, 0x15, 0x15, 0x15, 0x15, 0x15, 0x15, 0x15, 0x15, 0x15, 0x15, 0x15, 
	0x15, 0x15, 0x15, 0x15, 0x15, 0x15, 0x15, 0x15, 0x15, 0x15, 0x15, 0x15, 0x15, 0x15, 0x15, 0x15, 0x15, 0x15, 0x15, 0x15, 0x15, 0x15, 0x15, 0x15, 0x15, 0x15, 0x15, 0x15, 0x15, 0x15, 
	0x15, 0x15, 0x15, 0x15, 0x15, 0x15, 0x15, 0x15, 0x15, 0x15, 0x15, 0x15, 0x15, 0x15, 0x15, 0x15, 0x15, 0x15, 0x15, 0x15, 0x15, 0x15, 0x15, 0x15, 0x15, 0x15, 0x15, 0x15, 0x15, 0x15, 
	0x15, 0x15, 0x15, 0x15, 0x15, 0x15, 0x15, 0x15, 0x15, 0x15, 0x15, 0x15, 0x15, 0x15, 0x15, 0x15, 0x15, 0x15, 0x15, 0x15, 0x15, 0x15, 0x15, 0x15, 0x15, 0x15, 0x15, 0x15, 0x15, 0x15, 
	0x15, 0x15, 0x15, 0x15, 0x15, 0x15, 0x15, 0x15, 0x15, 0x15, 0x15, 0x15, 0x15, 0x15, 0x15, 0x15, 0x15, 0x15, 0x15, 0x15, 0x15, 0x15, 0x15, 0x15, 0x15, 0x15, 0x15, 0x15, 0x15, 0x15, 
	0x15, 0x15, 0x15, 0x15, 0x15, 0x15, 0x15, 0x15, 0x15, 0x15, 0x15, 0x15, 0x15, 0x15, 0x15, 0x15, 0x15, 0x15, 0x15, 0x15, 0x15, 0x15, 0x15, 0x15, 0x15, 0x15, 0x15, 0x15, 0x15, 0x15, 
	0x15, 0x15, 0x15, 0x15, 0x15, 0x15, 0x15, 0x15, 0x15, 0x15, 0x15, 0x15, 0x15, 0x15, 0x15, 0x15, 0x15, 0x15, 0x15, 0x15, 0x15, 0x15, 0x15, 0x15, 0x15, 0x15, 0x15, 0x15, 0x15, 0x15, 
	0x15, 0x15, 0x15, 0x15, 0x15, 0x15, 0x15, 0x15, 0x15, 0x15, 0x15, 0x15, 0x15, 0x15, 0x15, 0x15, 0x15, 0x15, 0x15, 0x15, 0x15, 0x15, 0x15, 0x15, 0x15, 0x15, 0x15, 0x15, 0x15, 0x15, 
	0x15, 0x15, 0x15, 0x15, 0x15, 0x15, 0x15, 0x15, 0x15, 0x15, 0x15, 0x15, 0x15, 0x15, 0x15, 0x15, 0x15, 0x15, 0x15, 0x15, 0x15, 0x15, 0x15, 0x15, 0x15, 0x15, 0x15, 0x15, 0x15, 0x15, 
	0x15, 0x15, 0x15, 0x15, 0x15, 0x15, 0x15, 0x15, 0x15, 0x15, 0x15, 0x15, 0x15, 0x15, 0x15, 0x15, 0x15, 0x15, 0x15, 0x15, 0x15, 0x15, 0x15, 0x15, 0x15, 0x15, 0x15, 0x15, 0x15, 0x15, 
	0x15, 0x15, 0x15, 0x15, 0x15, 0x15, 0x15, 0x15, 0x15, 0x15, 0x15, 0x15, 0x15, 0x15, 0x15, 0x15, 0x15, 0x15, 0x15, 0x15, 0x15, 0x15, 0x15, 0x15, 0x15, 0x15, 0x15, 0x15, 0x15, 0x15, 
	0x15, 0x15, 0x15, 0x15, 0x15, 0x15, 0x15, 0x15, 0x15, 0x15, 0x15, 0x15, 0x15, 0x15, 0x15, 0x15, 0x15, 0x15, 0x15, 0x15, 0x15, 0x15, 0x15, 0x15, 0x15, 0x15, 0x15, 0x15, 0x15, 0x15, 
	0x15, 0x15, 0x15, 0x15, 0x15, 0x15, 0x15, 0x15, 0x15, 0x15, 0x15, 0x15, 0x15, 0x15, 0x15, 0x15, 0x15, 0x15, 0x15, 0x15, 0x15, 0x15, 0x15, 0x15, 0x15, 0x15, 0x15, 0x15, 0x15, 0x15, 
	0x15, 0x15, 0x15, 0x15, 0x15, 0x15, 0x15, 0x15, 0x15, 0x15, 0x15, 0x15, 0x15, 0x15, 0x15, 0x15, 0x15, 0x15, 0x15, 0x15, 0x15, 0x15, 0x15, 0x15, 0x15, 0x15, 0x15, 0x15, 0x15, 0x15, 
	0x15, 0x15, 0x15, 0x15, 0x15, 0x15, 0x15, 0x15, 0x15, 0x15, 0x15, 0x15, 0x15, 0x15, 0x15, 0x15, 0x15, 0x15, 0x15, 0x15, 0x15, 0x15, 0x15, 0x15, 0x15, 0x15, 0x15, 0x15, 0x15, 0x15, 
	0x25, 0x12, 0x15, 0x15, 0x15, 0x17, 0x17, 0x15, 0x25, 0x97, 0x12, 0x36, 0x13, 0x1C, 0x3F, 0x93, 0x5D, 0x93, 0xE2, 0x18, 0x14, 0x12, 0x17, 0xB5, 0x97, 0x12, 0x01, 0x25, 0x97, 0x12, 
	0x05, 0x17, 0x14, 0x14, 0x24, 0x1E, 0x25, 0x1C, 0x13, 0x10, 0x3E, 0x1B, 0x16, 0x17, 0x0F, 0x10, 0x15, 0x25, 0x97, 0x14, 0xE5, 0x13, 0x1F, 0x3E, 0x13, 0x14, 0x11, 0x14, 0x97, 0x22, 
	0x17, 0x14, 0x11, 0xB5, 0x97, 0x14, 0xF5, 0x25, 0x97, 0x14, 0xC9, 0x25, 0x97, 0x14, 0xA0, 0x13, 0x1F, 0x3E, 0x13, 0x14, 0x11, 0x14, 0x97, 0x22, 0x17, 0x14, 0x1A, 0x25, 0x97, 0x14, 
	0xB0, 0x16, 0x14, 0x15, 0xB5, 0x97, 0x14, 0x8B, 0xB4, 0x97, 0x14, 0x8F, 0x11, 0x05, 0xB3, 0xA0, 0x93, 0xC0, 0xA1, 0xB4, 0x31, 0x73, 0xBB, 0x10, 0xB7, 0x02, 0xCF, 0x9B, 0x75, 0xC3, 
	0x11, 0x97, 0x14, 0x91, 0x24, 0x97, 0x14, 0x95, 0x25, 0x97, 0x14, 0x69, 0x13, 0x1F, 0x3E, 0x13, 0x14, 0x11, 0x14, 0x97, 0x22, 0x17, 0x16, 0x14, 0x24, 0x97, 0x14, 0x79, 0x11, 0x97, 
	0x14, 0x7D, 0x15, 0x15, 0x15, 0x15, 0xDB, 0x11, 0x73, 0x74, 0x32, 0x54, 0x78, 0x07, 0x9A, 0x0E, 0x5B, 0x6D, 0xE2, 0xB3, 0x5A, 0xFF, 0x0F, 0xAF, 0x1A, 0xFE, 0x15, 0x11, 0x15, 0x15, 
	0xE0, 0x34, 0x70, 0x84, 0xCA, 0x09, 0x22, 0xA5, 0x1E, 0xFA, 0x21, 0x61, 0xF8, 0x7F, 0xDD, 0x10, 0x1A, 0x66, 0xEA, 0x35, 0x15, 0x01, 0x15, 0x15, 0xD9, 0x6A, 0x1C, 0x08, 0x63, 0x8B, 
	0x18, 0xC1, 0x57, 0x48, 0x8A, 0x0C, 0x0C, 0x97, 0xDF, 0xAB, 0xFF, 0xC0, 0x90, 0x7D, 0x15, 0x31, 0x15, 0x15, 0x44, 0xA8, 0x39, 0xCD, 0xDF, 0x70, 0xF3, 0x4C, 0xCB, 0x96, 0xFB, 0x54, 
	0xD7, 0x4B, 0x0C, 0x04, 0xE8, 0x0B, 0x59, 0xB0, 0x15, 0x21, 0x15, 0x15, 0xC8, 0x49, 0x98, 0x96, 0x3E, 0xBA, 0xE0, 0xFA, 0x0F, 0x1C, 0xDD, 0x4A, 0x0D, 0xDE, 0x4D, 0x04, 0x9E, 0x80, 
	0xFD, 0x92, 0x15, 0x51, 0x15, 0x15, 0x69, 0xFD, 0x15, 0x6D, 0xB2, 0x60, 0x60, 0x81, 0xA0, 0x16, 0x58, 0xFB, 0x06, 0xB3, 0x88, 0x70, 0x4A, 0x53, 0x41, 0x3F, 0x15, 0x41, 0x15, 0x15, 
	0x6A, 0xFF, 0x27, 0x44, 0x33, 0x3D, 0xEF, 0x71, 0xFF, 0xEB, 0xA6, 0xD5, 0xB0, 0x91, 0x85, 0xAD, 0xB8, 0x6F, 0x1A, 0x2A, 0x15, 0x43, 0x15, 0x15, 0x0F, 0x74, 0x17, 0x00, 0x48, 0xBC, 
	0xDB, 0x4A, 0x7C, 0x8C, 0x23, 0xA0, 0xAA, 0xBE, 0x60, 0xCC, 0x47, 0xF2, 0x49, 0x85, 0x15, 0x4B, 0x15, 0x15, 0xA6, 0x72, 0xC4, 0xA6, 0xDE, 0xAD, 0x40, 0xDB, 0x15, 0xF8, 0x98, 0x5D, 
	0x0C, 0x34, 0x35, 0xF2, 0x60, 0x00, 0x21, 0xB8, 0x15, 0x7B, 0x15, 0x15, 0x0A, 0x9B, 0x93, 0x4A, 0xA2, 0x71, 0x5F, 0xBA, 0xBF, 0xDC, 0x78, 0xDB, 0xE9, 0x98, 0x59, 0xE8, 0xEC, 0x9C, 
	0xA8, 0x71, 0x15, 0x6B, 0x15, 0x15, 0x2E, 0x47, 0x9E, 0x8A, 0x57, 0xA1, 0x31, 0x9F, 0x07, 0xB8, 0x10, 0xBF, 0x8F, 0x0A, 0xC6, 0x01, 0xC1, 0x69, 0xEE, 0x80, 0x15, 0x9D, 0x15, 0x15, 
	0x29, 0xEC, 0x8B, 0x0E, 0x84, 0x8D, 0x2A, 0x10, 0x9A, 0x54, 0x13, 0x27, 0x9A, 0xB9, 0x51, 0xA0, 0xA7, 0x00, 0xEB, 0x41, 0x15, 0x99, 0x15, 0x15, 0x72, 0xB7, 0x4F, 0x59, 0xED, 0xCA, 
	0x89, 0x6D, 0xF6, 0xB3, 0xF9, 0x4D, 0x78, 0xAB, 0x6B, 0x23, 0x9E, 0x2D, 0xBD, 0x12, 0x15, 0x81, 0x15, 0x15, 0x6A, 0x89, 0x85, 0xF6, 0xB9, 0x20, 0xB3, 0xC0, 0xE7, 0xBB, 0x4F, 0x13, 
	0x3A, 0x88, 0xE6, 0x3C, 0xBC, 0xB2, 0x36, 0x1F, 0x15, 0x83, 0x15, 0x15, 0x15, 0x15, 0x15, 0x15, 0x15, 0x15, 0x15, 0x15, 0x15, 0x15, 0x15, 0x15, 0x15, 0x15, 0x15, 0x15, 0x15, 0x15, 
	0x15, 0x15, 0x25, 0x34, 0x25, 0x1C, 0x13, 0x10, 0x3E, 0x1B, 0x16, 0x17, 0x0F, 0x10, 0x15, 0x11, 0x01, 0xCB, 0x1C, 0xEE, 0x1D, 0xBF, 0xCF, 0x5D, 0x2F, 0xD2, 0x15, 0xE4, 0x89, 0x66, 
	0xE0, 0xB7, 0x7B, 0x60, 0xF7, 0x4B, 0x19, 0xB5, 0x97, 0x16, 0x35, 0x25, 0x97, 0x16, 0x09, 0x25, 0x97, 0x17, 0x11, 0xB5, 0x16, 0x17, 0x14, 0x17, 0x17, 0x05, 0x0D, 0x76, 0xFB, 0xB0, 
	0x7D, 0xCE, 0xF3, 0xBF, 0x5C, 0xA2, 0x35, 0xD5, 0x80, 0xEE, 0x0F, 0x26, 0x25, 0x18, 0x13, 0x1C, 0x3F, 0x93, 0x5D, 0x93, 0xE2, 0x18, 0x14, 0x14, 0x10, 0x10, 0x15, 0x25, 0x22, 0x24, 
	0x20, 0x25, 0x26, 0x13, 0x16, 0x40, 0x11, 0x16, 0x06, 0x39, 0x42, 0x51, 0x5E, 0x41, 0x70, 0x66, 0x61, 0x56, 0x70, 0x67, 0x61, 0x35, 0x54, 0x71, 0x78, 0x7C, 0x7B, 0x7C, 0x66, 0x61, 
	0x67, 0x74, 0x61, 0x7A, 0x67, 0x39, 0x24, 0x26, 0x26, 0x2D, 0x2D, 0x23, 0x23, 0x2D, 0x21, 0x25, 0x2D, 0x21, 0x25, 0x23, 0x20, 0x2D, 0x2D, 0x2D, 0x25, 0x0B, 0x02, 0x18, 0x27, 0x20, 
	0x25, 0x21, 0x25, 0x2C, 0x24, 0x25, 0x26, 0x26, 0x27, 0x2D, 0x4F, 0x02, 0x18, 0x26, 0x20, 0x25, 0x21, 0x25, 0x2C, 0x25, 0x25, 0x25, 0x25, 0x25, 0x25, 0x4F, 0x25, 0x22, 0x24, 0x20, 
	0x25, 0x26, 0x13, 0x16, 0x40, 0x11, 0x16, 0x06, 0x39, 0x42, 0x51, 0x5E, 0x41, 0x70, 0x66, 0x61, 0x56, 0x70, 0x67, 0x61, 0x35, 0x54, 0x71, 0x78, 0x7C, 0x7B, 0x7C, 0x66, 0x61, 0x67, 
	0x74, 0x61, 0x7A, 0x67, 0x39, 0x24, 0x26, 0x26, 0x2D, 0x2D, 0x23, 0x23, 0x2D, 0x21, 0x25, 0x2D, 0x21, 0x25, 0x23, 0x20, 0x2D, 0x2D, 0x2D, 0x25, 0x97, 0x14, 0x37, 0x25, 0x18, 0x13, 
	0x1C, 0x3F, 0x93, 0x5D, 0x93, 0xE2, 0x18, 0x14, 0x14, 0x14, 0x10, 0x15, 0x16, 0x97, 0x14, 0x1A, 0x15, 0x25, 0x97, 0x14, 0x1F, 0x17, 0x97, 0x14, 0x14, 0x15, 0xC3, 0x1B, 0xD2, 0xE8, 
	0x73, 0xA3, 0xFD, 0x1D, 0x7A, 0x98, 0x38, 0xB9, 0xB5, 0x6C, 0x78, 0x01, 0x1B, 0xD0, 0xAF, 0x7D, 0x09, 0x5C, 0xD7, 0x91, 0x26, 0xEB, 0xA4, 0xC7, 0xEA, 0x2A, 0x78, 0xA3, 0xBA, 0xF2, 
	0xF9, 0x3A, 0x17, 0xAC, 0x82, 0xAF, 0xCB, 0x7F, 0xBC, 0x49, 0xEF, 0xC2, 0x9D, 0x42, 0xDC, 0xD2, 0xA1, 0x3B, 0x3E, 0x36, 0xB2, 0x6C, 0x1C, 0x81, 0xA2, 0xFF, 0x1D, 0x21, 0xC3, 0x18, 
	0x41, 0xB4, 0x63, 0x37, 0x1B, 0xBC, 0xE4, 0xC9, 0x26, 0x1B, 0x1D, 0x5D, 0x9C, 0x41, 0x34, 0x62, 0xF5, 0xB4, 0x88, 0xA2, 0x44, 0xB6, 0x7F, 0x1E, 0x55, 0x25, 0xB8, 0x7B, 0xD1, 0x15, 
	0xAA, 0xF2, 0x66, 0x3F, 0xFC, 0x16, 0x7E, 0xD2, 0xE7, 0xBC, 0x2C, 0xD4, 0x27, 0xA6, 0xBB, 0x6B, 0xC3, 0xB0, 0xEF, 0xA5, 0xC3, 0x69, 0xB6, 0xA8, 0x60, 0x17, 0xF1, 0x31, 0x6D, 0xA3, 
	0xB8, 0xA7, 0x87, 0x0B, 0x54, 0x1D, 0xAB, 0xAA, 0x0C, 0x54, 0x6B, 0x69, 0x86, 0x93, 0x0C, 0xF1, 0x95, 0x18, 0x04, 0x8F, 0x00, 0x6E, 0x76, 0xBD, 0x51, 0xD8, 0xAF, 0x05, 0xF3, 0xCC, 
	0xBA, 0x91, 0x3C, 0xEC, 0x1A, 0x65, 0x05, 0x3B, 0xDC, 0x1F, 0x16, 0x43, 0x3E, 0x47, 0xE0, 0x02, 0x28, 0x09, 0xD4, 0xEE, 0x44, 0x7E, 0x8F, 0x07, 0x6D, 0xA4, 0xD8, 0x9B, 0xE6, 0xD1, 
	0xEA, 0xE1, 0x67, 0x63, 0x07, 0x1D, 0xDC, 0xE5, 0xE7, 0xDA, 0x25, 0xD1, 0x3A, 0x74, 0xC1, 0x0E, 0xC1, 0x2D, 0x2C, 0x06, 0xF5, 0x4B, 0xCD, 0xE1, 0x30, 0x19, 0x9F, 0x8C, 0x2D, 0x6B, 
	0x90, 0x7B, 0x68, 0xFA, 0x83, 0x23, 0x40, 0x05, 0x4A, 0xB4, 0xE9, 0xF3, 0xDC, 0x99, 0xF7, 0xBB, 0x02, 0xB8, 0x86, 0x3D, 0x4D, 0x24, 0x79, 0x3F, 0x12, 0xBE, 0xE0, 0x3A, 0x40, 0x23, 
	0x58, 0xBC, 0xCA, 0x53, 0x9B, 0x20, 0xB1, 0x7B, 0x8C, 0xCE, 0x26, 0x38, 0x17, 0x16, 0x14, 0x15, 0x14, 0xB6, 0x31, 0x25, 0x37, 0x25, 0x1E, 0x13, 0x16, 0x40, 0x08, 0x1A, 0x11, 0x11, 
	0x16, 0x17, 0x11, 0x25, 0x25, 0x06, 0x13, 0x16, 0x40, 0x08, 0x30, 0x11, 0x19, 0x25, 0x1F, 0x13, 0x1D, 0x3E, 0x13, 0x14, 0x10, 0x10, 0x12, 0x16, 0x16, 0x25, 0x18, 0x13, 0x1C, 0x3F, 
	0x93, 0x5D, 0x93, 0xE2, 0x18, 0x14, 0x14, 0x10, 0x10, 0x15, 0x16, 0x97, 0x14, 0x14, 0x15, 0x0D, 0x64, 0x38, 0xCC, 0xD2, 0x1F, 0x65, 0x22, 0xA7, 0x43, 0xA2, 0xA3, 0x2F, 0x6E, 0x40, 
	0xFE, 0x72, 0x8C, 0x55, 0xB9, 0x35, 0x6C, 0xE9, 0xF5, 0xCC, 0x23, 0xAC, 0x95, 0x1E, 0x23, 0x71, 0x8D, 0x02, 0x9C, 0xA8, 0x05, 0xEC, 0x00, 0xFB, 0x25, 0x58, 0x50, 0xEB, 0xA6, 0x8D, 
	0xFB, 0x7B, 0x7E, 0xEE, 0xE7, 0x33, 0x87, 0xFD, 0x7E, 0xB4, 0xC0, 0x4C, 0x48, 0xF7, 0x16, 0x37, 0x49, 0x45, 0x1F, 0x1D, 0x51, 0x7E, 0x8B, 0xAE, 0x9C, 0xB9, 0xEE, 0x26, 0x83, 0x5A, 
	0x58, 0x59, 0x9D, 0xC9, 0x24, 0x5D, 0x97, 0x56, 0x35, 0x80, 0xBF, 0x76, 0x4E, 0xF7, 0x56, 0x05, 0x7E, 0xDB, 0x9B, 0x09, 0x2D, 0x9A, 0xE8, 0xD8, 0xCB, 0xB3, 0x98, 0x4B, 0x16, 0x88, 
	0xF5, 0xA3, 0xB2, 0xF6, 0xBE, 0x95, 0xF9, 0x39, 0xFF, 0xA3, 0x99, 0x4B, 0xC3, 0x41, 0xD9, 0x22, 0xF1, 0x29, 0xA9, 0xB2, 0xEE, 0xE8, 0xDE, 0x71, 0xA8, 0xAA, 0xF9, 0x38, 0x37, 0x2E, 
	0x5B, 0x4F, 0x09, 0x35, 0xAD, 0xEC, 0xB0, 0x2A, 0x10, 0x9F, 0x66, 0x01, 0x27, 0x5C, 0xF6, 0x47, 0x33, 0xE0, 0x2F, 0xF8, 0x98, 0x0C, 0x67, 0x52, 0x11, 0x8D, 0x55, 0x88, 0xB6, 0xE7, 
	0xE2, 0xEB, 0x0B, 0x6C, 0xC7, 0x99, 0x25, 0xF8, 0x54, 0xA0, 0xD8, 0xF0, 0x0B, 0xDF, 0x05, 0x7A, 0x57, 0x91, 0xDC, 0x89, 0x57, 0x1B, 0xAB, 0x40, 0xEA, 0x15, 0x93, 0x80, 0xB0, 0x44, 
	0xD4, 0xB0, 0xD9, 0xD1, 0x8F, 0xC6, 0x4C, 0xD6, 0xE0, 0xF9, 0x64, 0xB1, 0xF7, 0x4C, 0x4B, 0xE8, 0x0F, 0x32, 0xAD, 0xDC, 0xCD, 0xD3, 0xF3, 0x3E, 0x67, 0x48, 0xDB, 0xA3, 0x52, 0x25, 
	0x7B, 0x9E, 0x4A, 0xCD, 0xC2, 0x90, 0xF2, 0x98, 0x0E, 0xCF, 0xEF, 0x0A, 0x72, 0x50, 0x09, 0x7B, 0x55, 0x63, 0x86, 0x2E, 0x48, 0xBB, 0x3B, 0x9B, 0x9F, 0x89, 0x9C, 0x0D, 0xB2, 0xB3, 
	0xC1, 0x24, 0x97, 0x14, 0xF1, 0x25, 0x97, 0x14, 0xF5, 0x17, 0x14, 0x14, 0x25, 0x5E, 0x25, 0x22, 0x24, 0x20, 0x25, 0x26, 0x13, 0x16, 0x40, 0x11, 0x16, 0x06, 0x39, 0x42, 0x51, 0x5E, 
	0x41, 0x70, 0x66, 0x61, 0x56, 0x70, 0x67, 0x61, 0x35, 0x54, 0x71, 0x78, 0x7C, 0x7B, 0x7C, 0x66, 0x61, 0x67, 0x74, 0x61, 0x7A, 0x67, 0x39, 0x24, 0x26, 0x26, 0x2D, 0x2D, 0x23, 0x23, 
	0x2D, 0x21, 0x25, 0x2D, 0x21, 0x25, 0x23, 0x20, 0x2D, 0x2D, 0x2D, 0x17, 0x05, 0x0D, 0x76, 0xFB, 0xB0, 0x7D, 0xCE, 0xF3, 0xBF, 0x5C, 0xA2, 0x35, 0xD5, 0x80, 0xEE, 0x0F, 0x26, 0x25, 
	0x1C, 0x13, 0x10, 0x3E, 0x1B, 0x16, 0x17, 0x0F, 0x10, 0x15, 0xB5, 0x65, 0x25, 0x05, 0x13, 0x1F, 0x3E, 0x13, 0x14, 0x11, 0x14, 0x97, 0x22, 0x17, 0x14, 0x19, 0x24, 0x17, 0x25, 0x15, 
	0x25, 0x0C, 0x13, 0x1C, 0x3F, 0x93, 0x5D, 0x93, 0xE2, 0x18, 0x14, 0x1C, 0x16, 0x24, 0x19, 0x13, 0x1F, 0x3E, 0x13, 0x14, 0x11, 0x14, 0x97, 0x22, 0x17, 0x14, 0x11, 0x25, 0x09, 0x13, 
	0x1F, 0x3E, 0x13, 0x14, 0x11, 0x14, 0x97, 0x22, 0x17, 0x14, 0x1E, 0x24, 0x1B, 0x25, 0x19, 0x13, 0x1F, 0x3E, 0x13, 0x14, 0x11, 0x14, 0x97, 0x22, 0x17, 0x14, 0x00, 0x25, 0x36, 0x13, 
	0x1C, 0x3F, 0x93, 0x5D, 0x93, 0xE2, 0x18, 0x14, 0x1C, 0x11, 0x24, 0x03, 0x11, 0x01, 0x91, 0x9B, 0x55, 0xEB, 0x3F, 0x31, 0xB2, 0x3B, 0xF7, 0x56, 0x52, 0x60, 0x86, 0x3A, 0x8F, 0x67, 
	0x9B, 0xFD, 0x8F, 0x88, 0x25, 0x18, 0x13, 0x1C, 0x3F, 0x93, 0x5D, 0x93, 0xE2, 0x18, 0x14, 0x14, 0x14, 0x10, 0x15, 0x11, 0x97, 0x14, 0x15, 0xBA, 0x6C, 0x08, 0x75, 0xBA, 0x1C, 0x33, 
	0x57, 0x94, 0x56, 0x3A, 0xE7, 0x3A, 0x6B, 0xAE, 0x94, 0x77, 0x2C, 0xCE, 0x01, 0x1E, 0xD0, 0x20, 0xBF, 0x1D, 0x17, 0xAD, 0x3E, 0x63, 0x73, 0xCA, 0x0C, 0xD1, 0x04, 0x3F, 0x45, 0xFC, 
	0xDB, 0xD4, 0xCF, 0x21, 0xFC, 0x45, 0x51, 0xB3, 0x0B, 0x00, 0x0B, 0x0B, 0xD8, 0x1D, 0x94, 0x07, 0x61, 0xFB, 0x2D, 0x14, 0x8B, 0xF2, 0x4D, 0xC1, 0xDA, 0xF6, 0xA4, 0x6B, 0xF5, 0xBB, 
	0x93, 0x41, 0x8D, 0x0C, 0xDA, 0x1C, 0x16, 0xCD, 0x90, 0x76, 0x31, 0xB4, 0xA5, 0x37, 0x2A, 0xEB, 0xC6, 0x5E, 0x25, 0x87, 0xB2, 0x38, 0x78, 0x57, 0x3E, 0x32, 0x39, 0xA1, 0xAE, 0x41, 
	0x5B, 0x5A, 0x52, 0x68, 0xA4, 0xFC, 0x90, 0x39, 0x2E, 0x17, 0xD1, 0x86, 0x93, 0x76, 0xF5, 0xCB, 0x4F, 0x79, 0xA1, 0x71, 0xB2, 0x1A, 0x18, 0x8C, 0x94, 0xA4, 0xE8, 0xC1, 0xBB, 0x91, 
	0x94, 0xC6, 0x1F, 0x5D, 0x09, 0xAC, 0xEF, 0x99, 0xC6, 0xC5, 0xE7, 0x13, 0xDB, 0xAD, 0x8E, 0xB5, 0x80, 0x9F, 0x85, 0x10, 0x94, 0x2F, 0x97, 0x40, 0xE7, 0xB2, 0xE5, 0xD6, 0xAC, 0xB1, 
	0x32, 0x84, 0xD6, 0x2F, 0x6F, 0x5D, 0xE3, 0xFC, 0x63, 0xD8, 0x70, 0xB3, 0x27, 0x86, 0x89, 0x9F, 0xC6, 0x65, 0xB1, 0x70, 0xC4, 0xDF, 0x5E, 0xF8, 0xE5, 0x26, 0xDC, 0x66, 0x51, 0xF4, 
	0x91, 0x88, 0x1D, 0x69, 0xFB, 0x2D, 0xE4, 0xDA, 0xB7, 0x48, 0xDA, 0x95, 0xE2, 0x33, 0x11, 0x84, 0xD1, 0x25, 0x82, 0x35, 0xC9, 0xA2, 0x92, 0x3F, 0xB0, 0xBD, 0x86, 0xC4, 0xEE, 0x27, 
	0x1C, 0x21, 0x2B, 0x9A, 0x05, 0x38, 0x41, 0x2C, 0xCE, 0x15, 0x21, 0xC1, 0x34, 0x6D, 0x0A, 0x43, 0xF1, 0x0B, 0x5A, 0xF3, 0x66, 0xC8, 0x16, 0x7F, 0x6E, 0x59, 0xA5, 0x0E, 0x3E, 0x1C, 
	0xE7, 0xDD, 0x52, 0x9E, 0xD5, 0xCB, 0x39, 0x2F, 0xC1, 0x15, 
};